,x,y,cell_id
0,0.6562641852329568,0.6668603584206696,1
1,0.9549013769132275,0.3339018412812643,1
2,0.9708760349938164,0.18291099480054362,1
3,0.09783217731538718,0.3624615314717591,1
4,0.24074491578118096,0.4018560887375907,1
5,0.8686419869137904,0.7619108602249823,1
6,0.5474529344525135,0.2667350228019857,1
7,0.7191532979287579,0.26709552342625076,1
8,0.9256836804906519,0.9760769696440944,1
9,0.6170386171115465,0.062249538386028425,1
10,0.41920993231920956,1.6539103389841316,2
11,0.3512498232602135,1.0220166909109238,2
12,0.08948537224711073,1.1920387734871811,2
13,0.19735789143530158,1.9524818948675517,2
14,0.9408581044454848,1.7507032123611155,2
15,0.010565432184878931,1.2269519132852693,2
16,0.18610586053639722,1.6378925325389375,2
17,0.9854878574645713,1.0319480627110151,2
18,0.3402513301691391,1.4122072154787186,2
19,0.326542611794042,1.947082499222517,2
20,0.761364481621077,2.698553152858197,3
21,0.46201752430346243,2.2071523251755014,3
22,0.35837842175395485,2.013435769845113,3
23,0.2717906960233123,2.8914114790602765,3
24,0.1639713326650435,2.8471857903938917,3
25,0.6488508356166549,2.820960741308172,3
26,0.6999510604622909,2.803036863430402,3
27,0.7536206419649265,2.470577272107033,3
28,0.9338860519976343,2.408201394119395,3
29,0.6182247440337096,2.2254563784358012,3
30,0.3059460462334047,3.1932492531169836,4
31,0.27564002842977675,3.6351396927219786,4
32,0.12887411334769383,3.3534645652703032,4
33,0.2647274021289385,3.5484439934391707,4
34,0.049269671285265826,3.2555875516183628,4
35,0.45413499751129405,3.6049850438683544,4
36,0.43289803553525374,3.177341836730216,4
37,0.5885952494822053,3.9766883646197,4
38,0.607111125585801,3.0992601526671213,4
39,0.4864422244505876,3.4778561963878225,4
40,0.46840640685740154,4.903683267180723,5
41,0.009054484934107876,4.5258591930028915,5
42,0.49034808186301027,4.053214077153686,5
43,0.03493879934511357,4.315128646112311,5
44,0.8232523570839261,4.920937271348987,5
45,0.48773052982900256,4.384863503107538,5
46,0.8268197218491675,4.0145587247492065,5
47,0.83686635467873,4.035089187778335,5
48,0.9277745470998515,4.037856551053303,5
49,0.5398414673278792,4.926549713936385,5
50,0.8229513291672582,5.629186155975775,6
51,0.33150419289640487,5.491333728885024,6
52,0.4607816069632924,5.986685850178368,6
53,0.5240357595029449,5.455982825513868,6
54,0.18779133386451463,5.93928595974649,6
55,0.9415762113273376,5.835161810957892,6
56,0.7098493117408587,5.107670121909479,6
57,0.6489839721512752,5.743581297062709,6
58,0.2773117143705368,5.621324504130849,6
59,0.38524449898687263,5.789303233705722,6
60,0.8799313652816009,6.4307876871546155,7
61,0.6597153483022601,6.819009082635953,7
62,0.4961268359433828,6.127767227439602,7
63,0.6607805620937461,6.745846500331575,7
64,0.9811400996737774,6.966759027139501,7
65,0.4351741379776326,6.822565868227744,7
66,0.12515465461466335,6.5317368543126175,7
67,0.7064073450507873,6.567999453665264,7
68,0.5087994635961676,6.883885955456063,7
69,0.2460747272116488,6.636913365070608,7
70,0.0190216272664937,7.964362876660586,8
71,0.69647693335626,7.682930802483237,8
72,0.6349415675580096,7.4325742556249645,8
73,0.45075154190443634,7.66587953978223,8
74,0.47191242929591815,7.1248068551474955,8
75,0.6876410076995957,7.929401872550678,8
76,0.8569876056808177,7.022675491554437,8
77,0.29584581535903964,7.614149923081672,8
78,0.859433879291232,7.7540541714365725,8
79,0.6084885634882271,7.242111306883709,8
80,0.7385759387355438,8.24887857142996,9
81,0.3336096260327799,8.305780860272613,9
82,0.11120755401369486,8.35412005590837,9
83,0.20167051314531637,8.821897661535239,9
84,0.16140211266603965,8.383265360165893,9
85,0.5891324222243123,8.184086961359093,9
86,0.6860681112795759,8.209091240903742,9
87,0.9108908780301636,8.987592619100578,9
88,0.4238306188304779,8.570894199859447,9
89,0.23198227398644944,8.503022174686803,9
90,0.14553939530389848,9.220920908519187,10
91,0.0956019784737473,9.506862877006055,10
92,0.20648849904887667,9.504218698898022,10
93,0.5984872864297103,9.430502502270308,10
94,0.027739500352295665,9.550504363491765,10
95,0.5653068440466801,9.935741886419786,10
96,0.8317437418254339,9.342924796957009,10
97,0.47769622429635505,9.655333580525735,10
98,0.3049849396363459,9.540690162509994,10
99,0.18037286670593855,9.206666233423789,10
100,0.06764551315445866,10.769842180538262,11
101,0.6345301859768028,10.69801855037909,11
102,0.31641026905286707,10.9728330142234,11
103,0.6142897981450661,10.446008435112724,11
104,0.6857652999488277,10.305132373028309,11
105,0.5020166403140374,10.253728324721475,11
106,0.4633430123435842,10.61161793438001,11
107,0.6899786215253393,10.220498864431711,11
108,0.17409448514140025,10.405284965369011,11
109,0.30685369932930073,10.585592843338288,11
110,0.18747641015825955,11.736180429361793,12
111,0.18635348167962862,11.02063179337754,12
112,0.8563529753927577,11.801496750559199,12
113,0.4405365041820245,11.218118920495892,12
114,0.06617035628175838,11.407214525678253,12
115,0.8479500016431645,11.094965236368536,12
116,0.21610457322305265,11.827779364496658,12
117,0.5204826624866876,11.352797678934786,12
118,0.3929256642497483,11.44874551336239,12
119,0.10569714348810921,11.724931928738215,12
120,0.039646354677162376,12.593958457358845,13
121,0.5787507811431675,12.70370472768105,13
122,0.10548565162829537,12.318351572356345,13
123,0.6318019288235165,12.552696299769787,13
124,0.5843805632127705,12.94201299423273,13
125,0.9596504687213113,12.489468580995098,13
126,0.5369181790854276,12.190316728002024,13
127,0.5504340022424478,12.559396702259852,13
128,0.2812222280794514,12.724157619713536,13
129,0.2310340692532158,12.75792937957549,13
130,0.8827323245497513,13.988515210000134,14
131,0.441376015256824,13.934036734764714,14
132,0.13714644573959434,13.126842868757175,14
133,0.7015854383037562,13.140742973136373,14
134,0.479980287695709,13.380422711465648,14
135,0.2112209708506836,13.956348973384149,14
136,0.9484473866745377,13.335081720555202,14
137,0.8328259930167903,13.539721096189925,14
138,0.4025241326664306,13.868535237210317,14
139,0.05332652190317755,13.348763503290721,14
140,0.09260628198740695,14.255135364492313,15
141,0.054243769339077264,14.575440430050582,15
142,0.6132991306297587,14.137074021416609,15
143,0.8487455237481578,14.867834513874614,15
144,0.6416431456520041,14.685781595077087,15
145,0.3868358625165774,14.307130620364033,15
146,0.6355689300955814,14.895737260620429,15
147,0.6697946407288087,14.217565697146657,15
148,0.22753173825314155,14.121755269343694,15
149,0.3463924546724214,14.316273314626276,15
150,0.9118668826294849,15.00006907538795,16
151,0.15221642886693232,15.241426477520273,16
152,0.5618469984261851,15.889336559796364,16
153,0.9000455935340713,15.176501977001559,16
154,0.9931758931679094,15.625792111706208,16
155,0.2779281644833861,15.393690295032345,16
156,0.7628067763262483,15.057125195395448,16
157,0.0067757018530929525,15.51807592880889,16
158,0.44479212585185435,15.433602217965019,16
159,0.16510557938609283,15.899246840675058,16
160,0.788237752285795,16.577801519464682,17
161,0.060704694957601446,16.11853179168906,17
162,0.4129143038226927,16.690280770007647,17
163,0.97435811307606,16.739784630484444,17
164,0.301730058588382,16.321438797611165,17
165,0.3227825228978054,16.09093076026938,17
166,0.6264858980466966,16.484353618103118,17
167,0.28890093763249036,16.68481757653281,17
168,0.10429000165066982,16.559300752922628,17
169,0.03720158520399497,16.683133111607688,17
170,0.3474279390561711,17.076173544062094,18
171,0.4802277924238346,17.523831924221252,18
172,0.006775076975238603,17.349293515523808,18
173,0.9081945719895742,17.23468381192503,18
174,0.4531450410542227,17.819119936071043,18
175,0.6794502931037723,17.343603032472178,18
176,0.25951810616973303,17.174989267176798,18
177,0.12579011913297966,17.348353033771783,18
178,0.7948685223248142,17.264322723706396,18
179,0.12442740314804834,17.352870781101345,18
180,0.2360425998729926,18.627590949927107,19
181,0.946730372755549,18.092973891612502,19
182,0.15571833229071186,18.681460693715252,19
183,0.31680978131872917,18.58715397765828,19
184,0.5278034878062305,18.36742795601053,19
185,0.43980802254181384,18.96448053710962,19
186,0.6318735084329546,18.640792091053147,19
187,0.8004668447963753,18.767616398279877,19
188,0.12576592390189545,18.825393970869712,19
189,0.9899904995497006,18.493970447967136,19
190,0.9373829187438686,19.90705866337947,20
191,0.8312521612263712,19.23812509142615,20
192,0.6392504984712796,19.548238084775264,20
193,0.0884487110201565,19.807363302158873,20
194,0.7314984102780874,19.825858351376922,20
195,0.1425438959752524,19.590947653101544,20
196,0.44560077548313803,19.15053262544098,20
197,0.9551558985048401,19.780078607762213,20
198,0.16480773734176435,19.383372613685435,20
199,0.6235292600595181,19.047939289285868,20
200,1.0702149947318103,0.6983698335927658,21
201,1.7027582309479314,0.22578928478867233,21
202,1.7692301420284653,0.6560161600089072,21
203,1.4392256621215886,0.5867990939817355,21
204,1.147814588834457,0.8105200662915781,21
205,1.0338827360762544,0.14295813936448332,21
206,1.3574648305325911,0.8862417562116351,21
207,1.6489931648628289,0.4369423943278091,21
208,1.947493452677003,0.5537798325732307,21
209,1.959470789923921,0.8582656311660816,21
210,1.4544004704608515,1.7365628783256444,22
211,1.6237409620741885,1.1131879682028387,22
212,1.1224786279399455,1.3635131570470564,22
213,1.9692141227472835,1.9059324031888933,22
214,1.7528864649575677,1.9307800270222246,22
215,1.9709000295919885,1.1823285896156797,22
216,1.9375940858098906,1.8884573637543431,22
217,1.7776215395248325,1.6808638161181673,22
218,1.81697449668048,1.0511395417549885,22
219,1.8346781816335986,1.5617532509764913,22
220,1.5592494363796088,2.3966752206862525,23
221,1.273093247477974,2.626970896694644,23
222,1.5858744378128256,2.1363106680884494,23
223,1.6555515165204753,2.03131420792493,23
224,1.916286295076707,2.6873118909748306,23
225,1.9609065965564856,2.802002471744616,23
226,1.1521257709967907,2.29747335789812,23
227,1.342549616692973,2.132045968667202,23
228,1.2564387554457745,2.0891426545561806,23
229,1.485850288376021,2.3726674294345265,23
230,1.775096978578308,3.0156965252233343,24
231,1.3984891750627864,3.3141338708421006,24
232,1.3409926188620764,3.603513442416726,24
233,1.7474522317166254,3.9256271113360426,24
234,1.6216812076498344,3.6439103652565854,24
235,1.789065436506941,3.0112434168578535,24
236,1.366203501124603,3.343077031312667,24
237,1.6041552506424,3.035486163994466,24
238,1.549120007909686,3.7782040902553837,24
239,1.5393791518516113,3.298706190861061,24
240,1.3052630331111508,4.916187923882852,25
241,1.273100396984947,4.440297093302332,25
242,1.8465252706927116,4.049986711393002,25
243,1.143257725621869,4.608165501742514,25
244,1.0944668651169551,4.670542820917055,25
245,1.8686992975955827,4.7145008496308005,25
246,1.4606009609881112,4.352083602426233,25
247,1.508159585666903,4.426518998494281,25
248,1.7743284997782385,4.614253693270963,25
249,1.8879328584413861,4.888626080136413,25
250,1.0472746649069302,5.960659135607286,26
251,1.152485824280948,5.994249808269195,26
252,1.99500870629607,5.244122503931691,26
253,1.3053990356266854,5.724513843353999,26
254,1.224079060982207,5.029762105154461,26
255,1.3850472944893897,5.353086086838952,26
256,1.0122234342136334,5.963143898327454,26
257,1.7794109534618607,5.44156536543355,26
258,1.5128220123063583,5.690108202783406,26
259,1.5878128824137336,5.068452488045877,26
260,1.8191807776693356,6.203547909720546,27
261,1.4492681790942807,6.167339034875027,27
262,1.4601748464715438,6.484356578186673,27
263,1.3443727865839197,6.235462326810455,27
264,1.5920722768773952,6.242073870825707,27
265,1.6187810975237724,6.365389208878634,27
266,1.4551337746209234,6.279468939124732,27
267,1.7173831783975269,6.036034495557756,27
268,1.1602573101145903,6.2497695297302736,27
269,1.4307962636113656,6.245212369614599,27
270,1.18285980778194,7.022934604180952,28
271,1.863636110932518,7.191729088123319,28
272,1.7137134606409905,7.123444833107567,28
273,1.4724147216887364,7.901111596009268,28
274,1.2471655171494724,7.64180405936598,28
275,1.5197344414131824,7.523539021557489,28
276,1.071649834535268,7.683636105297961,28
277,1.6920359603830832,7.1726475737001305,28
278,1.0769801065087639,7.146808875777225,28
279,1.0759733074171796,7.807681421892299,28
280,1.5338055632170176,8.77108100012992,29
281,1.7082207081287746,8.364332063858077,29
282,1.0679445031359074,8.560437661369736,29
283,1.7532225965232646,8.61447594700375,29
284,1.7868705555159616,8.962106033079653,29
285,1.786905786753222,8.660645319615396,29
286,1.783799699358121,8.695354094144419,29
287,1.9952237797010643,8.509373199997318,29
288,1.2276865218990003,8.038356681986691,29
289,1.36235162798084,8.833982064897539,29
290,1.6193212014106848,9.300970447566872,30
291,1.975854094215559,9.267528068477167,30
292,1.6841898725320812,9.368493579370622,30
293,1.072057913334125,9.874385899590294,30
294,1.8565723413718067,9.138971256248691,30
295,1.707460102918219,9.387376958170798,30
296,1.401340477702132,9.81393127617838,30
297,1.135561511984613,9.956889532620174,30
298,1.7268761022726404,9.052355478954453,30
299,1.3941319945247654,9.809856902099298,30
300,1.7873211914582394,10.72105495788101,31
301,1.9889716292735462,10.226004816939959,31
302,1.8316226739949983,10.625790453658308,31
303,1.7925520614211523,10.060525407367317,31
304,1.26920224833481,10.600426068763202,31
305,1.8550149217495104,10.760157185091444,31
306,1.3632841829817424,10.386800264144895,31
307,1.307473913708146,10.256252779110204,31
308,1.7031952114702802,10.946812598182785,31
309,1.3328966512727898,10.010444668654877,31
310,1.1459165532546631,11.13433117193024,32
311,1.0616924287550182,11.312661711356732,32
312,1.3150451781644348,11.269886257202206,32
313,1.3791573447332,11.193485432953437,32
314,1.6595872270539131,11.590520035058278,32
315,1.5161065956369426,11.55529738422155,32
316,1.3903826864520965,11.256211645680315,32
317,1.942626250323232,11.58283025127341,32
318,1.7002060558274243,11.897881838931342,32
319,1.0259632135223948,11.07887261468277,32
320,1.936594131583867,12.759560725598527,33
321,1.1611444695606896,12.766099296784644,33
322,1.0795493324421335,12.809749576404263,33
323,1.4873431369743302,12.923855778003853,33
324,1.5443800476544185,12.520886099085725,33
325,1.0382934641264878,12.35307067611418,33
326,1.6626818121379512,12.082370530489895,33
327,1.6674334826420254,12.68074631031031,33
328,1.6770006934317843,12.011552020976197,33
329,1.5871867543175417,12.178113926678067,33
330,1.6998939860931723,13.059110022079143,34
331,1.0655133707117495,13.54307756880176,34
332,1.7594190662415388,13.077044743172106,34
333,1.0779215676628142,13.326853737016398,34
334,1.3312955599851506,13.205726215379292,34
335,1.817462771385735,13.869972051667576,34
336,1.281359082099776,13.444932329056135,34
337,1.492481574921614,13.740989521960987,34
338,1.0233455164964642,13.855845016850166,34
339,1.1208766217637445,13.546349740846818,34
340,1.3564224372445013,14.29574171320522,35
341,1.6154715338199688,14.67383671721411,35
342,1.2567644411126815,14.188992775757994,35
343,1.516103600172687,14.82889599756647,35
344,1.106824719642077,14.621338795012772,35
345,1.2623165547598314,14.257945220459836,35
346,1.3244965807043627,14.580211165821355,35
347,1.541460657707497,14.63010899640393,35
348,1.6827317095157994,14.313714748364102,35
349,1.4260152446075676,14.197669346464071,35
350,1.525293758353885,15.22585634550678,36
351,1.854714755026331,15.203820779117704,36
352,1.7418568160398382,15.494642824889638,36
353,1.7719778324540796,15.495224843026744,36
354,1.519747744318762,15.786198627726321,36
355,1.4828048081521599,15.526705478256027,36
356,1.8514110264522192,15.781564331102167,36
357,1.6970438722903927,15.837427403358795,36
358,1.8777030228017924,15.04528203405485,36
359,1.2303827300231538,15.23363479735036,36
360,1.749837215275646,16.680643373555537,37
361,1.9675347767895066,16.842361123104986,37
362,1.9529279659157637,16.396563163194344,37
363,1.2417183992545362,16.535399700404337,37
364,1.3897795717768462,16.438721772654375,37
365,1.5323504551394576,16.974251691813347,37
366,1.4577723542881669,16.661878846806598,37
367,1.1311747746975014,16.03812400347243,37
368,1.0567284252873006,16.386520690884165,37
369,1.9594460507930496,16.93441688300959,37
370,1.01838777677367,17.908943086734123,38
371,1.531261996931185,17.95500520142032,38
372,1.8894427716110433,17.791848472473234,38
373,1.3311840056721413,17.376250237164907,38
374,1.2109258195165318,17.484666894979224,38
375,1.7790640902686237,17.5526418449973,38
376,1.4371097361549223,17.590559129711277,38
377,1.8481394733321657,17.253041000346897,38
378,1.8718029565982675,17.35482870175503,38
379,1.9393380737118977,17.315496732730896,38
380,1.7828471675487982,18.42019309960961,39
381,1.4062242474414601,18.058301888102438,39
382,1.1333021203340246,18.776389212677156,39
383,1.8804441948621322,18.30760528707654,39
384,1.5105664202733697,18.460340400252008,39
385,1.258652336522009,18.517670841042616,39
386,1.6469968936230834,18.69590768544243,39
387,1.3710193900896037,18.739893616787874,39
388,1.5347677764329188,18.85922379063737,39
389,1.9579205974718894,18.81811450818079,39
390,1.7700396150157731,19.672629353506178,40
391,1.6528574427192417,19.681729152722525,40
392,1.8687082222591003,19.682215090807507,40
393,1.8359570035172907,19.254478504462327,40
394,1.2977506396311043,19.290667181321076,40
395,1.342690507069924,19.718710401736,40
396,1.4261304914697983,19.581314858084742,40
397,1.9765066896661345,19.998266831082883,40
398,1.4169471770452686,19.137250384016873,40
399,1.4962090308267042,19.41768583002685,40
400,2.2944154800480483,0.10573168836900437,41
401,2.920288503040963,0.45002702384958315,41
402,2.6632937223927993,0.39309325833303677,41
403,2.73147568769554,0.10280601034205916,41
404,2.9970361722920007,0.05003070679131827,41
405,2.1695206682494654,0.22586012390694454,41
406,2.0547211410747157,0.3289546336288923,41
407,2.6578808742501905,0.7276418505857669,41
408,2.942076700870598,0.9814138435122649,41
409,2.049994210961373,0.4389936327070767,41
410,2.156251832803737,1.8222827960547026,42
411,2.799343364527203,1.0004385455570957,42
412,2.4884746519287755,1.4917952008956332,42
413,2.084413892174915,1.2832706301992554,42
414,2.3238969718626086,1.8955070683790542,42
415,2.2001035788505083,1.7212636916463655,42
416,2.6000447585908812,1.4252473937505141,42
417,2.220662041946532,1.0331829769237726,42
418,2.0819209638690093,1.6325197373672258,42
419,2.8190957936530134,1.0459574189575847,42
420,2.3117314612030873,2.3022570060620904,43
421,2.2447179918378897,2.046091696059236,43
422,2.159181033957748,2.9888912791662676,43
423,2.0612149680930614,2.658453431833712,43
424,2.3637462136565404,2.673784914144175,43
425,2.05395649718154,2.751114189264822,43
426,2.360954619541631,2.4032573735301535,43
427,2.4398337592373496,2.878393756711172,43
428,2.7486783685721337,2.807866022589124,43
429,2.170447931284829,2.7950812251670394,43
430,2.0290257881667793,3.321045570460633,44
431,2.4550340362157295,3.263711336310598,44
432,2.935485412562226,3.6819139842102997,44
433,2.7441885065337863,3.671069700205602,44
434,2.675903381384436,3.097700525716371,44
435,2.157786252908968,3.7203022413965012,44
436,2.8311977942530167,3.2069363804537874,44
437,2.291723956214823,3.521720103637654,44
438,2.4164791460263397,3.086960802054372,44
439,2.8643288182695534,3.160480193400401,44
440,2.581857924827057,4.424434495417097,45
441,2.3306333352926556,4.4966161694175195,45
442,2.8787891828622123,4.45479076270569,45
443,2.9191968341552537,4.663029765325293,45
444,2.9827345614605707,4.144330039080509,45
445,2.0945900845776637,4.699420817419972,45
446,2.8973377270789746,4.7364287057405425,45
447,2.6390899307141584,4.370446948404687,45
448,2.9446059084077385,4.031541602820837,45
449,2.36436387207312,4.126229414836179,45
450,2.8228775439739113,5.78270241003298,46
451,2.497409783359729,5.7704127145034825,46
452,2.240129903733475,5.7913335977819305,46
453,2.899066182518053,5.587183757092192,46
454,2.467868313823388,5.198829994877325,46
455,2.665910935037065,5.088061560525962,46
456,2.9033785536715992,5.427342371676584,46
457,2.8644186292460523,5.95360363146719,46
458,2.58203483590145,5.61782102262495,46
459,2.9067358319849395,5.928728986735713,46
460,2.869027931348078,6.992012975013259,47
461,2.0050695446338436,6.330401691079541,47
462,2.4430605873007636,6.586314681806512,47
463,2.7587538073658524,6.729453900499733,47
464,2.6516528587520187,6.4572613424984295,47
465,2.671733098613836,6.051664845443309,47
466,2.83254328182387,6.904238412274234,47
467,2.1518592349535712,6.450103916200071,47
468,2.503381336172793,6.858910605432474,47
469,2.3275016109816935,6.498088932079076,47
470,2.9130979663724723,7.019314438937994,48
471,2.242661502962797,7.338506810586991,48
472,2.7317197556122523,7.085925401289602,48
473,2.762736374915218,7.902149252067995,48
474,2.767669186868229,7.995312607423177,48
475,2.7155763476045065,7.784613897994826,48
476,2.815440288500014,7.895731053221491,48
477,2.2515016183161154,7.561830499903729,48
478,2.94327086846833,7.176252154847683,48
479,2.0104786335196247,7.467271445393503,48
480,2.319035029953378,8.072239104405318,49
481,2.656386208946396,8.402630420185178,49
482,2.2544526721008937,8.33815797568498,49
483,2.719535598928424,8.908426096924925,49
484,2.5570375267003893,8.225073021710218,49
485,2.277313294291269,8.69621996757335,49
486,2.2994082586013644,8.470111881291938,49
487,2.548732632986282,8.12477460893019,49
488,2.047655363623826,8.276849577549363,49
489,2.947703247753611,8.769486528520838,49
490,2.64919577842617,9.93245489743574,50
491,2.292748259008312,9.714949983130696,50
492,2.6146331768697584,9.030324260894577,50
493,2.7631216610171427,9.494797655613315,50
494,2.410224647921193,9.796258230671903,50
495,2.683264727429913,9.231726438623161,50
496,2.762253012383774,9.854078869953547,50
497,2.719829471741016,9.539860176911596,50
498,2.175145229001045,9.343453161208966,50
499,2.924848980701025,9.977292228769874,50
500,2.818937725633989,10.259226838853483,51
501,2.4259613478858952,10.718177621866573,51
502,2.936198110655167,10.495325833586309,51
503,2.923890733110936,10.915279168010706,51
504,2.2481945613069954,10.464303193910904,51
505,2.5156045673672685,10.99504412099458,51
506,2.613636393327968,10.177819884714081,51
507,2.4047191995504216,10.102884239721647,51
508,2.84826064445911,10.378287280592751,51
509,2.846589498223633,10.69043952071101,51
510,2.6853939820415085,11.239221309743515,52
511,2.0068935022629897,11.058712645033962,52
512,2.875892967382682,11.162095605994175,52
513,2.3531762069029134,11.434874731498232,52
514,2.359213654735669,11.475479852744082,52
515,2.9792936662332563,11.901261613080923,52
516,2.602901879871369,11.86284671576762,52
517,2.0266551380759985,11.501080650774158,52
518,2.31306553683436,11.681085599862472,52
519,2.2567482477315535,11.214122528770448,52
520,2.43711805973863,12.825531790571834,53
521,2.0667483920391687,12.728985354618661,53
522,2.4222055562547733,12.864011498514717,53
523,2.0462448013665675,12.521729673391725,53
524,2.7345572600283825,12.53442531229835,53
525,2.7705131566434416,12.379278011007724,53
526,2.5034152880389753,12.915352213068845,53
527,2.0251852448566887,12.814430834473614,53
528,2.180153981648205,12.883840121671987,53
529,2.123996556216884,12.363612990742608,53
530,2.851426279206092,13.973224552023021,54
531,2.3545545984231784,13.452782024397578,54
532,2.612475405430281,13.936257880344805,54
533,2.1669182210184315,13.037547579997144,54
534,2.9374313894929722,13.547631657349784,54
535,2.4871071157656814,13.251996546208334,54
536,2.944921743317351,13.780717568037861,54
537,2.6806255421838676,13.431885379783191,54
538,2.2337367225341698,13.835229672192465,54
539,2.7292613254361155,13.30437902999931,54
540,2.791631304735246,14.64782406022455,55
541,2.047837233046354,14.63219977770476,55
542,2.227904143348838,14.239296497003314,55
543,2.7407873156503046,14.673649767544973,55
544,2.2855203930802332,14.433707810437802,55
545,2.85050298311644,14.936946720705388,55
546,2.7043405233892415,14.005447152969763,55
547,2.730892915579231,14.246007872873298,55
548,2.1472325004568282,14.700399185434183,55
549,2.630597595527652,14.134809631657475,55
550,2.9451144484716236,15.104438192785699,56
551,2.6596723921742047,15.789809430543436,56
552,2.0406053776990793,15.127836834615918,56
553,2.8037611399002333,15.692530178129253,56
554,2.2815193627571952,15.740970046259996,56
555,2.840886023480732,15.802387916744202,56
556,2.0706573450152366,15.592211901249444,56
557,2.69950971462364,15.462135592233505,56
558,2.828624989122101,15.195409636139823,56
559,2.366601849534298,15.015372826103247,56
560,2.331912897426574,16.616015139602197,57
561,2.074999806066387,16.584484177452005,57
562,2.8726120892633515,16.953655702262154,57
563,2.0310817199077826,16.004352678740812,57
564,2.537112513997503,16.09139850482559,57
565,2.6912350273407792,16.270357297744276,57
566,2.719373117718915,16.5887852449306,57
567,2.6182291696871993,16.787023860950622,57
568,2.8762245631523378,16.254871552545,57
569,2.230242979512286,16.38372825643927,57
570,2.053166902815116,17.934870919754136,58
571,2.8972901762615795,17.605343274151444,58
572,2.523445639821231,17.69565701765212,58
573,2.589333738186291,17.444700159231513,58
574,2.83564793955669,17.61930689335463,58
575,2.344602895336733,17.682120046845952,58
576,2.6522077481869992,17.62668336338691,58
577,2.8135727928853083,17.812956167928522,58
578,2.552728496609365,17.50762707262794,58
579,2.3717551734348428,17.638953772578706,58
580,2.6525551609139555,18.726118157217886,59
581,2.096804409413857,18.57332799213971,59
582,2.9403695830497636,18.054433009782382,59
583,2.1392583102093043,18.951242571438854,59
584,2.1666995093712975,18.95829933215904,59
585,2.234334352222545,18.296540214070887,59
586,2.009778126340013,18.93886619549283,59
587,2.7221186450712476,18.730456449033042,59
588,2.100884470414944,18.80562426642103,59
589,2.2558662374991822,18.7510442349639,59
590,2.28649598429618,19.661733496125926,60
591,2.039939378376994,19.05336481586305,60
592,2.524467295056707,19.97805740119819,60
593,2.5133160785331454,19.45777333366803,60
594,2.336384207154478,19.305450319221503,60
595,2.824898087055448,19.918734902862617,60
596,2.26509476106212,19.308834981345907,60
597,2.9000357502271745,19.861264482965503,60
598,2.6282162971464085,19.611186776498784,60
599,2.1649110925510255,19.75407852803651,60
600,3.9509973368147318,0.5300138929801246,61
601,3.2967775252118536,0.5778690356358267,61
602,3.735013700852905,0.5487329369013675,61
603,3.87192612898343,0.246954841962567,61
604,3.4021996141214403,0.2373540076124635,61
605,3.993434084289157,0.8445255986815673,61
606,3.4626997213145003,0.3508066523134489,61
607,3.367408987402183,0.5053019884191579,61
608,3.725620142503223,0.8338998038091707,61
609,3.949463922274581,0.9802820481143092,61
610,3.5089471491482924,1.3566284282596126,62
611,3.124843423866422,1.4202666179972088,62
612,3.7057136267050064,1.608033293592667,62
613,3.9426701393400543,1.3269644619001133,62
614,3.037120743042755,1.5595594101184558,62
615,3.6224918457635362,1.359226519546312,62
616,3.7587495670021513,1.7554849203240999,62
617,3.0724336023125938,1.522254876375475,62
618,3.081539230732531,1.7611165425404511,62
619,3.9712544514737034,1.1977684873106078,62
620,3.847790043068526,2.5040447147427045,63
621,3.517761116308163,2.5271567853878025,63
622,3.6771252477880143,2.1508894750602154,63
623,3.6998343345806863,2.948214003662017,63
624,3.0482996497922743,2.577511008287097,63
625,3.4932372557737894,2.285092595451066,63
626,3.3457842841725016,2.179933539660504,63
627,3.498068918106698,2.004044190568611,63
628,3.3679271102873596,2.7507757744743877,63
629,3.09420677733495,2.0564357479750774,63
630,3.3036918082365503,3.733901484450324,64
631,3.1094886528826575,3.7995845732036426,64
632,3.6961356148495623,3.0364815386820405,64
633,3.162354599282958,3.899223081344905,64
634,3.9539361803649866,3.458429311738579,64
635,3.9581280751477497,3.754956386342624,64
636,3.1219254914124352,3.673365469903235,64
637,3.2166156880935404,3.081856193376529,64
638,3.8831318581939764,3.916856789635691,64
639,3.6226805115108487,3.578393216204852,64
640,3.77642496992806,4.297920124030306,65
641,3.925274853602897,4.8854131964724905,65
642,3.8825270621733896,4.724114734842754,65
643,3.6366284548693244,4.3460644913058815,65
644,3.817788571542338,4.222984694576814,65
645,3.042239953437214,4.7656609148892635,65
646,3.3223580137497692,4.140790586514669,65
647,3.768607799917654,4.647066980161446,65
648,3.8367184777119014,4.394166840584481,65
649,3.2936370284793703,4.412036408776967,65
650,3.71024407566348,5.515871722607921,66
651,3.087899810517274,5.76167374517127,66
652,3.382872651621307,5.311073161823681,66
653,3.1822718531264718,5.89672597488359,66
654,3.918324281464489,5.0224585394377295,66
655,3.591283628123706,5.402983507636568,66
656,3.7592004227506655,5.490022053623251,66
657,3.0440233820706846,5.711827244089652,66
658,3.020214181421463,5.392887292935186,66
659,3.66692096898846,5.321288597873759,66
660,3.2966212977180165,6.37998413989405,67
661,3.1345755366370844,6.2025969296636365,67
662,3.678366400733331,6.88472488869202,67
663,3.7037643176364963,6.994092400827717,67
664,3.0724511941982393,6.203229475188876,67
665,3.9151649862167277,6.81829763701947,67
666,3.3592069163445957,6.863993429806538,67
667,3.0184959160188294,6.853466741686826,67
668,3.7426569167892136,6.805967788748379,67
669,3.6647361421180977,6.109998174677586,67
670,3.7268502467166,7.832743035969445,68
671,3.0456719671146573,7.599835842685195,68
672,3.5251407342737466,7.9669271515705224,68
673,3.4610222350690374,7.309437068034548,68
674,3.3593986910396194,7.483624386833741,68
675,3.2199109016135568,7.124916057999939,68
676,3.9733175693163783,7.462898667761888,68
677,3.2864205284956003,7.796904289239566,68
678,3.189406049662895,7.599837926513842,68
679,3.2405357879689474,7.6468845906454765,68
680,3.3427092088650556,8.865847192525603,69
681,3.5751275265637212,8.158159522863519,69
682,3.445480882602658,8.716217918202135,69
683,3.0474476354304683,8.332557032226946,69
684,3.1712363979384652,8.248256080118548,69
685,3.737243966093986,8.489708537095714,69
686,3.720296971337043,8.033168016817141,69
687,3.0556953425065094,8.281320133961666,69
688,3.2462668698030597,8.796756288466751,69
689,3.346393170437477,8.253373560791017,69
690,3.859031124086248,9.089473168892347,70
691,3.097749048951224,9.874215170123122,70
692,3.046640169397561,9.094304766373623,70
693,3.1910517705360975,9.78139498342893,70
694,3.1611306392511915,9.121555523856308,70
695,3.980725144597547,9.584138913495986,70
696,3.887727077304021,9.761399049334983,70
697,3.5510945030494114,9.743035384294702,70
698,3.7806553705779935,9.706178014342422,70
699,3.608733114830458,9.563136832970674,70
700,3.477263689735084,10.880323528963967,71
701,3.397433244594074,10.120461531632856,71
702,3.3973942447536043,10.641517517623704,71
703,3.38990599245471,10.763186582058935,71
704,3.7683540327256573,10.145766238891671,71
705,3.3040906890978436,10.295826507155576,71
706,3.7363195304791788,10.650407504180322,71
707,3.855951525084704,10.01745164602861,71
708,3.535624435566584,10.146515310465862,71
709,3.5616569679638466,10.851102962332353,71
710,3.345644555404344,11.921061020131718,72
711,3.3173143470426303,11.306460147844271,72
712,3.1883431814124488,11.533942615153732,72
713,3.416601967305822,11.18786140123663,72
714,3.9568829837196304,11.818985151272356,72
715,3.272280727099748,11.73521109642029,72
716,3.1118320397559174,11.355472419110589,72
717,3.9663302513141456,11.851979060789663,72
718,3.484462551188448,11.461673644029716,72
719,3.4012410168118885,11.737099848568048,72
720,3.226635328055015,12.601419424521211,73
721,3.976546918809332,12.291119070017718,73
722,3.6889525651501223,12.715476656420075,73
723,3.7701583107517767,12.313938402909827,73
724,3.7211970376791577,12.261882288229641,73
725,3.39857799797163,12.390229235625624,73
726,3.776955737551413,12.19818242000874,73
727,3.0240875962152285,12.720013832078674,73
728,3.0180171051397644,12.342638493223175,73
729,3.01043214452997,12.478419220911345,73
730,3.697599465704129,13.453878365594308,74
731,3.1908044646212366,13.50862397399719,74
732,3.1179760560703538,13.43357267993905,74
733,3.0263810244350764,13.20093122546094,74
734,3.6189970729004584,13.888182728754982,74
735,3.132857983421894,13.718668394291182,74
736,3.7484235973536046,13.19230160455923,74
737,3.1813387152401473,13.644525249674285,74
738,3.957191439208388,13.173886100657873,74
739,3.193107689316796,13.419964842632828,74
740,3.7880172439870905,14.752130586813202,75
741,3.9559560346543075,14.403412129559726,75
742,3.9070315758920464,14.102786920777449,75
743,3.344593187920068,14.716445605939045,75
744,3.1405310802703417,14.94361712046842,75
745,3.164395553024526,14.077642547661913,75
746,3.8649389921045945,14.669229612590376,75
747,3.7399310321411994,14.020892671017172,75
748,3.8049687997090293,14.623121318166572,75
749,3.0131421478533515,14.002409291821365,75
750,3.6951250085041707,15.66109272072207,76
751,3.506307947902309,15.675119705549253,76
752,3.7310383655732666,15.878507892999814,76
753,3.320681203487391,15.413634333181113,76
754,3.4220637158258036,15.441349602339479,76
755,3.1666659651417146,15.228778999057244,76
756,3.43909809633805,15.179978826868417,76
757,3.7243166477293603,15.854320012845678,76
758,3.7825243333597296,15.09733241475595,76
759,3.7807420442582966,15.592138892219177,76
760,3.8863328498811076,16.059691200518625,77
761,3.0302965000929802,16.368503464039925,77
762,3.5877028293540585,16.200901930680946,77
763,3.8375354048331483,16.668677548862302,77
764,3.9907638637978646,16.443641494756996,77
765,3.6259193295054626,16.04373882603794,77
766,3.958000702900184,16.006859151277816,77
767,3.8311312379619373,16.419788140840573,77
768,3.8608650812718617,16.699703504101933,77
769,3.0441824011792327,16.149019696804334,77
770,3.061683002633931,17.593535254873565,78
771,3.6342668057721648,17.57388993086074,78
772,3.3457092527100465,17.968934094804926,78
773,3.5954632165407654,17.38370553188865,78
774,3.086287598787565,17.250899440773004,78
775,3.9769356376790546,17.058037239112917,78
776,3.314767391650813,17.848398402679837,78
777,3.241462512224513,17.79737586299867,78
778,3.869438796275697,17.57564864507818,78
779,3.475741124523746,17.154368211157,78
780,3.99904815463447,18.72586007081099,79
781,3.056543777873693,18.62901297063508,79
782,3.9192055498678617,18.53962730301413,79
783,3.0933820688215823,18.436699121046043,79
784,3.9384700021075036,18.701213308909555,79
785,3.663322773206042,18.320265483799165,79
786,3.059619741246885,18.292648450703958,79
787,3.638686024716236,18.037742185221685,79
788,3.063940369705577,18.35075659196031,79
789,3.403862276232896,18.423450814884895,79
790,3.675598079056024,19.3604807035951,80
791,3.9296536929408115,19.23123080388164,80
792,3.041121925005344,19.668598173501913,80
793,3.8135403902500626,19.6938231020984,80
794,3.6369606661302933,19.39359476564688,80
795,3.2812573268020757,19.85644639572345,80
796,3.550247167055121,19.188164127607994,80
797,3.15734579232787,19.15755153181171,80
798,3.7049767723579863,19.512189432545796,80
799,3.6948850516016805,19.060832013758233,80
800,4.486303860950142,0.7945039879937313,81
801,4.447697695582417,0.9762022458633267,81
802,4.872016109378752,0.9082779081881879,81
803,4.09225577964412,0.39987452191403194,81
804,4.315397309687221,0.7851750085166714,81
805,4.742985466273486,0.058271526052517286,81
806,4.546059541187189,0.5305210728926228,81
807,4.888415117315255,0.9759775552777997,81
808,4.56649645319577,0.8911138409182905,81
809,4.971090478217748,0.7467807754855903,81
810,4.428267231010181,1.4320541640535942,82
811,4.777039686342114,1.0262772074427438,82
812,4.142970642493399,1.8542876643585553,82
813,4.594085422268485,1.2134192774184296,82
814,4.847300043445259,1.2669759193039787,82
815,4.920127841787139,1.0820265437883014,82
816,4.080339177050761,1.4843183538719475,82
817,4.062719153637121,1.8833481168261343,82
818,4.176487645971024,1.7060040547887751,82
819,4.669174461100344,1.3030428064403003,82
820,4.2244552629067975,2.339692784810782,83
821,4.161578945810028,2.4819434261627347,83
822,4.899308835623957,2.943731179249959,83
823,4.1355564906897735,2.3005702805772126,83
824,4.707884844511016,2.5393187357389326,83
825,4.4670890064794,2.1839391680826505,83
826,4.0110280380751515,2.2100410852280676,83
827,4.465838138086106,2.2779512919823888,83
828,4.192087802910999,2.453409848422591,83
829,4.8110744886152705,2.12893276274613,83
830,4.577971786336089,3.10034955404282,84
831,4.98787941117212,3.611307793407478,84
832,4.89399186363849,3.3755825373264714,84
833,4.791891849929213,3.608265258612413,84
834,4.610672418453823,3.310244308537287,84
835,4.657641597130171,3.830543780868863,84
836,4.929640322314362,3.4553106610084283,84
837,4.451758703857755,3.591466798045351,84
838,4.675253630046841,3.8971290034644257,84
839,4.183249220160983,3.5305763243432136,84
840,4.249167622256687,4.189861276207326,85
841,4.788735948622583,4.425444968030159,85
842,4.807995903490114,4.0451139644586185,85
843,4.287281823108581,4.287674770567093,85
844,4.317877244961308,4.438664572875999,85
845,4.220259594908292,4.369840886707562,85
846,4.6267566612864925,4.678189504119799,85
847,4.71453167468056,4.234941611449017,85
848,4.219223619465153,4.587780037058318,85
849,4.748570054288979,4.964533168572128,85
850,4.725960963487774,5.788624130712527,86
851,4.1198645269379455,5.530836384394455,86
852,4.315424929102173,5.396815009852986,86
853,4.6676494802768325,5.443912062381343,86
854,4.175413231440396,5.354927171368755,86
855,4.856232057335793,5.00870051210656,86
856,4.28785750060908,5.1899577327377235,86
857,4.221094844931606,5.49526289172802,86
858,4.246223735558688,5.799020493595108,86
859,4.510098723375074,5.615539071298949,86
860,4.816858312923414,6.803552306417999,87
861,4.637355363576929,6.722779212710945,87
862,4.342140876220213,6.096401196376799,87
863,4.513948987682223,6.179655742765667,87
864,4.176624222401337,6.6449455369657375,87
865,4.538103326490917,6.403802073569736,87
866,4.352595751557235,6.783966144972923,87
867,4.47812262749001,6.838303226990615,87
868,4.852161033425841,6.321899864884236,87
869,4.219922073906464,6.111233820392076,87
870,4.097115250118067,7.355878269264899,88
871,4.339395097556619,7.48812266375391,88
872,4.022474152038213,7.491165407560125,88
873,4.308396090322953,7.127708434629309,88
874,4.408200332912941,7.185304104330953,88
875,4.425878667630765,7.888913792236493,88
876,4.787284897663445,7.682768333391273,88
877,4.594988795421149,7.709296030795117,88
878,4.805214213956647,7.680076685754996,88
879,4.035986584001739,7.528531334043494,88
880,4.471421967064228,8.769185046852058,89
881,4.913658284381728,8.318721970119816,89
882,4.624700185649616,8.008892926197579,89
883,4.407501756478248,8.03036712739754,89
884,4.415650132171354,8.95527206566836,89
885,4.2172329597305565,8.201970192016233,89
886,4.994116939165234,8.77601904828574,89
887,4.046111716539072,8.31675994984991,89
888,4.161358323346201,8.101083090773884,89
889,4.679489198392014,8.225546161550705,89
890,4.457514569977762,9.696261050456865,90
891,4.231656104576017,9.456520899449728,90
892,4.217595327203277,9.38327360184615,90
893,4.046439970951301,9.76472717228135,90
894,4.40774518743552,9.745595820384425,90
895,4.64468699237017,9.504331159985076,90
896,4.628266932826534,9.548874836921762,90
897,4.01585511577877,9.173352673187944,90
898,4.093222410043076,9.843322593373436,90
899,4.253656342497072,9.881846848419489,90
900,4.683024296430982,10.946560457286674,91
901,4.3971267904626385,10.912608216652387,91
902,4.386083987080491,10.536998136590258,91
903,4.3266472835997964,10.927786613196398,91
904,4.781158643853254,10.395004500276654,91
905,4.359384578686785,10.51811478031312,91
906,4.832962696173873,10.931709565595222,91
907,4.789797874844607,10.265588680189333,91
908,4.6816213058966545,10.964184028280851,91
909,4.577519551390066,10.742862766333289,91
910,4.447256123190085,11.441298916125334,92
911,4.7676118301899635,11.23419171051111,92
912,4.064711624621314,11.097818973170156,92
913,4.777260698968053,11.31388107564241,92
914,4.083032838018075,11.942386320664047,92
915,4.558436609122487,11.962487995150331,92
916,4.759352434416852,11.255204043006822,92
917,4.460838451626157,11.385882786290885,92
918,4.545258340030162,11.528591651963296,92
919,4.998701871586181,11.083344423481703,92
920,4.729199962657874,12.27248093830905,93
921,4.462299661051779,12.908353179487206,93
922,4.2101444750661265,12.363618184184913,93
923,4.738334617837469,12.347814271493725,93
924,4.136398232908929,12.723802027957838,93
925,4.641440945262479,12.954027628998077,93
926,4.319904741925071,12.230660780961577,93
927,4.2634978021614796,12.988634697412797,93
928,4.510924846882037,12.580908225951378,93
929,4.671574964656564,12.106361071895543,93
930,4.012339265886974,13.03300139718959,94
931,4.856672026937335,13.941737714021192,94
932,4.611098574632351,13.160226685538856,94
933,4.33306350377509,13.09211255840634,94
934,4.700267405790904,13.569918570795306,94
935,4.96259304688541,13.441873057465488,94
936,4.81861637291884,13.780484886769216,94
937,4.9901978475113475,13.597794218888488,94
938,4.664576648528923,13.861967796459872,94
939,4.98933121835892,13.11598546006585,94
940,4.464980579892727,14.83439070357629,95
941,4.01528585214969,14.508204286520154,95
942,4.867049079970753,14.10346473343269,95
943,4.765690755869904,14.480585233011153,95
944,4.5946804444165625,14.221662272801282,95
945,4.6175216481745025,14.720528122306908,95
946,4.513615021235858,14.681118804452742,95
947,4.548827153573384,14.089702163062533,95
948,4.188574638291028,14.419799434088532,95
949,4.468058559098016,14.001714437217906,95
950,4.941455645522973,15.505855045313591,96
951,4.4334167895303835,15.67805966469977,96
952,4.668028760926388,15.929728863535532,96
953,4.605307953232254,15.334353245747113,96
954,4.715102620694836,15.95257260606117,96
955,4.194207144081362,15.240244310635802,96
956,4.912980412571541,15.971262027803148,96
957,4.036660631040297,15.907557695244423,96
958,4.205939498422637,15.757214052079144,96
959,4.530328746024396,15.639382030308486,96
960,4.358650627046294,16.334749729578157,97
961,4.395001822464975,16.669645612633566,97
962,4.83810930783808,16.371736527537685,97
963,4.251835633058285,16.3104786564532,97
964,4.772407273339886,16.213451367231897,97
965,4.613749897398624,16.279057874052565,97
966,4.809740673178458,16.771666216035253,97
967,4.520443041799966,16.5241872112223,97
968,4.280123474766362,16.15360185921073,97
969,4.258783114262587,16.028524776962378,97
970,4.820744582915842,17.88377267150333,98
971,4.658881214940405,17.08279851589393,98
972,4.052392033767255,17.67278286594256,98
973,4.3078630105978455,17.777372679563985,98
974,4.698761605154053,17.87501685844139,98
975,4.507390363990182,17.1994104221404,98
976,4.338751036777495,17.46835600334295,98
977,4.406185812185029,17.038578334632703,98
978,4.5586148267484585,17.3029069594676,98
979,4.601304483150304,17.454022226038635,98
980,4.421665757350289,18.076361467700607,99
981,4.949623622657348,18.232439443066358,99
982,4.5652468003166,18.90484836584721,99
983,4.623564203639829,18.14528305698475,99
984,4.319823647669791,18.438697667132303,99
985,4.046816330794218,18.034520037735025,99
986,4.454924887958223,18.196882545683852,99
987,4.648061164592014,18.1991185293978,99
988,4.135170862795267,18.72699181651309,99
989,4.43133973557309,18.31726717870186,99
990,4.098381708405347,19.283124233452767,100
991,4.327807568663415,19.02639850277029,100
992,4.631272132660116,19.02028763310627,100
993,4.24324008911589,19.724391770913652,100
994,4.762958675210559,19.693966596173045,100
995,4.089712760651113,19.118942458765417,100
996,4.039319730174105,19.654808867263434,100
997,4.375515512492794,19.53911074381133,100
998,4.706627270501127,19.024107357013275,100
999,4.9774973412012375,19.714547070492124,100
1000,5.448311473318892,0.8372189876039964,101
1001,5.931627615654828,0.027117312953352846,101
1002,5.206933253047736,0.5471429618210183,101
1003,5.784950110268158,0.09877021932234353,101
1004,5.244715435917483,0.06312887913514387,101
1005,5.614796384566563,0.8773173086791591,101
1006,5.066387601560894,0.49005426563978327,101
1007,5.555647484019319,0.12782728440757196,101
1008,5.986802234975997,0.49170442949822357,101
1009,5.475465661148724,0.8861975178822237,101
1010,5.198192244780931,1.6138374479493542,102
1011,5.545480577239749,1.1222199560936574,102
1012,5.318844919444192,1.304857239348228,102
1013,5.555621484712301,1.6692373055204643,102
1014,5.259511647902658,1.7048075918476573,102
1015,5.588353075249791,1.7162841078087965,102
1016,5.4598713388887905,1.7650113054599252,102
1017,5.671859807609823,1.5910299755489707,102
1018,5.886299706692195,1.6808643565807777,102
1019,5.9335226594156545,1.8619754501496375,102
1020,5.4712930478094135,2.1465982520109943,103
1021,5.515349301166054,2.986999390944024,103
1022,5.021624650757245,2.471422526376679,103
1023,5.11622191504996,2.10706600873902,103
1024,5.93893893604299,2.1865546791691717,103
1025,5.349088739853197,2.2972969177913036,103
1026,5.19944674335396,2.064482083429939,103
1027,5.909928813888428,2.2587453943392837,103
1028,5.977999779519484,2.260223535206322,103
1029,5.052798896166735,2.119646254417898,103
1030,5.771841199000526,3.6487705685726675,104
1031,5.714206347218489,3.599101660513604,104
1032,5.375377658715685,3.160330497722607,104
1033,5.916439924810788,3.12205400068561,104
1034,5.624067508428804,3.7537803746458382,104
1035,5.900014448628439,3.5717646770340474,104
1036,5.083799288454631,3.079535913121867,104
1037,5.494941340958148,3.546296674997694,104
1038,5.239678392083539,3.5192345018084783,104
1039,5.916413150493655,3.128666063615028,104
1040,5.444033580806043,4.654061710972898,105
1041,5.905228388614759,4.276723235615767,105
1042,5.815666351121297,4.925343498700444,105
1043,5.044372546030913,4.558503207335283,105
1044,5.148856990860268,4.962014753870114,105
1045,5.772870609564215,4.834140950691987,105
1046,5.557607985862753,4.393099534098781,105
1047,5.732752995387978,4.593689930004459,105
1048,5.377083183376147,4.278960020430148,105
1049,5.031264124642495,4.295340868540714,105
1050,5.5849799193662735,5.993394261300197,106
1051,5.011507166747993,5.354825159799477,106
1052,5.555919649306592,5.42171282939996,106
1053,5.624757704160175,5.028119725491184,106
1054,5.87399991458145,5.379742350954939,106
1055,5.327203686181369,5.940029776843788,106
1056,5.463603575188883,5.912436689161758,106
1057,5.511508069235838,5.164984450366326,106
1058,5.0696139600828785,5.555392247673916,106
1059,5.278872796211012,5.257164499582871,106
1060,5.198996721591691,6.85257467299499,107
1061,5.0631670018700135,6.9762194420988894,107
1062,5.942983833078175,6.41658592942556,107
1063,5.589628778404977,6.82994488984443,107
1064,5.725723268600272,6.427684194749922,107
1065,5.645272029074155,6.0529834018128685,107
1066,5.648875985574993,6.9849797106794815,107
1067,5.1468442880026055,6.144185784757224,107
1068,5.379678382735845,6.953523053533646,107
1069,5.5506683348336745,6.845015633950182,107
1070,5.6134223276371085,7.886001542652205,108
1071,5.437245321973325,7.6798250929497005,108
1072,5.590698491968894,7.9265978802416175,108
1073,5.777036269656708,7.966251893079676,108
1074,5.205261199042456,7.5199360918618,108
1075,5.532778064054217,7.9944277804849495,108
1076,5.176742852697052,7.7234257658217125,108
1077,5.369647097963884,7.460642611201154,108
1078,5.673338825508591,7.2675293089305075,108
1079,5.273269932910193,7.636009042633328,108
1080,5.713816368434892,8.400639102624975,109
1081,5.577024597479787,8.977351007800582,109
1082,5.6664275635682015,8.76985964058943,109
1083,5.303109882520742,8.062115804871867,109
1084,5.030335670808011,8.471868018475707,109
1085,5.051852993198802,8.527979234286132,109
1086,5.6314431929435145,8.79819741693073,109
1087,5.604570887189423,8.647756495791908,109
1088,5.350435110702945,8.570259727251853,109
1089,5.42357090276159,8.73725550191926,109
1090,5.476915736307893,9.315920982657387,110
1091,5.546331781643454,9.317705317786457,110
1092,5.917046580236814,9.24924607366276,110
1093,5.330918650756871,9.248341022255941,110
1094,5.888558931113118,9.59881521845786,110
1095,5.421735680780599,9.460697747546892,110
1096,5.93524592088715,9.921864797319309,110
1097,5.098323804417555,9.472394851553911,110
1098,5.119470030378766,9.207836275388427,110
1099,5.46763498739898,9.523131956901256,110
1100,5.51602532393154,10.572355909479086,111
1101,5.335577843940083,10.924084483820973,111
1102,5.281755374914687,10.743937809845253,111
1103,5.807738169024803,10.95091116185212,111
1104,5.751994651546331,10.99624052334236,111
1105,5.355876027413666,10.807834939058774,111
1106,5.243201805607551,10.126731481935222,111
1107,5.521141557448873,10.827065081382706,111
1108,5.660004886582728,10.209091878599748,111
1109,5.72666463276884,10.098521137704587,111
1110,5.262123483173793,11.545997568337246,112
1111,5.887908470622989,11.773211499271142,112
1112,5.747459482836076,11.405360146727089,112
1113,5.935197403799223,11.719796334033822,112
1114,5.6234999112837745,11.669603437728538,112
1115,5.3646118952913655,11.332344173361376,112
1116,5.284644577009305,11.112859680461943,112
1117,5.050169524015757,11.070648515184072,112
1118,5.15461105496567,11.702467544175144,112
1119,5.367686958785418,11.760938216290711,112
1120,5.092299181381079,12.094536916458479,113
1121,5.590325744839788,12.672518934601305,113
1122,5.966801840094045,12.278974955422202,113
1123,5.315243346826959,12.378536049773109,113
1124,5.151303759814205,12.375101853719885,113
1125,5.839989365917309,12.0723933703906,113
1126,5.111935755519777,12.319143186977014,113
1127,5.193319174881959,12.954488464664468,113
1128,5.4414855597249625,12.42100774425102,113
1129,5.330352821652664,12.757490534667047,113
1130,5.369866681300992,13.517636007511017,114
1131,5.025826668398074,13.354408442905239,114
1132,5.921613787135081,13.43042790603672,114
1133,5.086041586985013,13.069463843530997,114
1134,5.998137640296687,13.817149098147386,114
1135,5.752527764477353,13.65787724007122,114
1136,5.548787774547062,13.905174296405818,114
1137,5.728297089326781,13.828284427843993,114
1138,5.977549750980367,13.550575779704998,114
1139,5.142278214478561,13.540506193365129,114
1140,5.808760762983503,14.27179958963566,115
1141,5.990487021968512,14.395185197160908,115
1142,5.401349334344032,14.79650687352052,115
1143,5.4595584691182815,14.569252386288051,115
1144,5.371560409342715,14.852469050117532,115
1145,5.55298366414705,14.29368333198478,115
1146,5.9938171268248395,14.453205088705666,115
1147,5.091721138764897,14.360881431584813,115
1148,5.594026721419918,14.51583520567353,115
1149,5.243975453544828,14.86953042454001,115
1150,5.444415894726156,15.906905784305104,116
1151,5.447805563446554,15.063089683558417,116
1152,5.115451252226098,15.08695110945163,116
1153,5.6925671214375395,15.905626092721137,116
1154,5.478849029586201,15.280528580919752,116
1155,5.8670308168995255,15.507949973408788,116
1156,5.925795644684632,15.053375078904113,116
1157,5.973897011877052,15.198759285125178,116
1158,5.764697110012146,15.82655336721336,116
1159,5.454531853784041,15.571416900153217,116
1160,5.828427787490984,16.045083205310437,117
1161,5.14032370452753,16.058268515031212,117
1162,5.83775577180846,16.109713680132433,117
1163,5.025837989119941,16.32146029510266,117
1164,5.78820806620719,16.108065097624547,117
1165,5.694513379415278,16.16983798654096,117
1166,5.961377809957916,16.526745758198416,117
1167,5.270884010910541,16.573134484583985,117
1168,5.772392788666315,16.29336243623445,117
1169,5.996083763466746,16.20784398370839,117
1170,5.228914586283783,17.620409956057703,118
1171,5.911690521871564,17.852681696986586,118
1172,5.99206530302742,17.159165356658853,118
1173,5.205206789967077,17.93325470498241,118
1174,5.199040427660783,17.351334378707556,118
1175,5.185763610931904,17.98069494100274,118
1176,5.79162134045683,17.531812877538258,118
1177,5.4915486509685945,17.174780960157452,118
1178,5.423788340787423,17.054985196916288,118
1179,5.760759127126942,17.726562508804978,118
1180,5.5426373023560815,18.4119782270984,119
1181,5.891346598106448,18.86551502062344,119
1182,5.86212635506215,18.021866271140166,119
1183,5.44625030716582,18.298682110414024,119
1184,5.663379958451191,18.6824406453931,119
1185,5.307624878528304,18.455513296969954,119
1186,5.7947463747593675,18.7214876228227,119
1187,5.804025233026789,18.302179243302877,119
1188,5.230305289929519,18.161923629483635,119
1189,5.577482528469935,18.440774749280077,119
1190,5.789914738592765,19.93051664682338,120
1191,5.543738750905906,19.250414637119107,120
1192,5.392679037141041,19.655884889577766,120
1193,5.202954136333221,19.017748699101364,120
1194,5.527826720853385,19.724297907691625,120
1195,5.751245787343307,19.11993268604184,120
1196,5.140721164295147,19.56632285316166,120
1197,5.413083678580591,19.575768865335238,120
1198,5.394643923170747,19.707461512735442,120
1199,5.310063666028126,19.303390213975312,120
1200,6.154697577868621,0.7848962522609325,121
1201,6.120127877148677,0.9252982998261812,121
1202,6.965137172466866,0.7629026429739709,121
1203,6.107646155012829,0.7178018618910981,121
1204,6.963569576554133,0.2784432174326129,121
1205,6.3118158407262,0.19623328228544568,121
1206,6.979279538041854,0.6282511022295528,121
1207,6.300980596025695,0.5145620493205416,121
1208,6.482068902650035,0.16815732639805736,121
1209,6.63435908376581,0.7563076931804575,121
1210,6.0901439534602115,1.4398316441992032,122
1211,6.673901272406516,1.4141407288908878,122
1212,6.3141002768597705,1.2164785295462277,122
1213,6.342140222709072,1.7268247645181587,122
1214,6.757956004994931,1.069633675346675,122
1215,6.480229713551159,1.0727969640531203,122
1216,6.703631213599338,1.3544585242534133,122
1217,6.094873037192574,1.7341223973470747,122
1218,6.067531964532068,1.317419061458991,122
1219,6.873061510222869,1.5587097645879198,122
1220,6.553108934754592,2.967791464146348,123
1221,6.587416584689105,2.289475781484508,123
1222,6.78417239984737,2.7040242600674036,123
1223,6.406591487720808,2.7920712084564228,123
1224,6.429422886197075,2.8024787872790817,123
1225,6.730466325725281,2.9597674250255923,123
1226,6.787372235869285,2.529558591094251,123
1227,6.453088805713058,2.1580100623321217,123
1228,6.83067109703681,2.6718075806268966,123
1229,6.904410841410883,2.716015371639629,123
1230,6.1367898307174915,3.0576743404814644,124
1231,6.841171876370887,3.291534176475681,124
1232,6.7266002122473685,3.7975817810947876,124
1233,6.16442433324316,3.7649612146841775,124
1234,6.445415850681998,3.393176887706568,124
1235,6.139771757182074,3.740533573178962,124
1236,6.798959050684464,3.6563740044504223,124
1237,6.800967455483855,3.173881778883308,124
1238,6.726002928666515,3.141712283338146,124
1239,6.286878873212513,3.2177438912136895,124
1240,6.816319422324632,4.798870286228552,125
1241,6.664421830083505,4.684918660896453,125
1242,6.8410217419265145,4.957848357927833,125
1243,6.499140951705416,4.163003553722785,125
1244,6.790541587867617,4.121707191931147,125
1245,6.942328263533028,4.974892415357923,125
1246,6.597107242763773,4.3543000615512195,125
1247,6.3798891303149965,4.578705587416946,125
1248,6.62057722491132,4.32070490364616,125
1249,6.604534780294459,4.076726919371704,125
1250,6.871827629787668,5.249846555381093,126
1251,6.3048958646764675,5.430416287134972,126
1252,6.029137891556298,5.994654124462384,126
1253,6.29185582867174,5.711371288735224,126
1254,6.6820722563301365,5.0246868691856745,126
1255,6.97020533057116,5.5748218167367,126
1256,6.645570577189826,5.860941142030256,126
1257,6.99974547333227,5.665389150808057,126
1258,6.29584300458015,5.963765816450822,126
1259,6.397343518526253,5.964442367734833,126
1260,6.061665784122989,6.627679970328719,127
1261,6.295054330672571,6.391954141692505,127
1262,6.920534536532123,6.935345539166919,127
1263,6.1316667674280385,6.601288186850233,127
1264,6.567124202409372,6.477561631120681,127
1265,6.753348056169651,6.218047703035214,127
1266,6.441530365702399,6.917066204536535,127
1267,6.4904422503890435,6.570514698295732,127
1268,6.423574270567142,6.140419166827744,127
1269,6.962013781862119,6.771243868438398,127
1270,6.839464746339994,7.833404882963462,128
1271,6.021863336400582,7.531842376429128,128
1272,6.359517211505729,7.503082337968086,128
1273,6.175800839098253,7.67434836544222,128
1274,6.871679747335342,7.583155932958184,128
1275,6.846280484288602,7.9603632816728975,128
1276,6.645200839094802,7.131451012080383,128
1277,6.733896234085629,7.888229734367858,128
1278,6.680115171606698,7.826524530433404,128
1279,6.043576106915822,7.917734981366193,128
1280,6.447002324722795,8.429699822820321,129
1281,6.0249621185674895,8.567141626682808,129
1282,6.3790286464659065,8.26637087607121,129
1283,6.838666394548496,8.344646099898178,129
1284,6.699846345985135,8.382967809536115,129
1285,6.6442648894002705,8.001849252313121,129
1286,6.733404907206669,8.544734672246625,129
1287,6.359386021190015,8.43524313719906,129
1288,6.424449192166441,8.965563868696606,129
1289,6.658130211410501,8.82655955205397,129
1290,6.480005711032661,9.322401117596964,130
1291,6.632025386001518,9.52431754464006,130
1292,6.413499412499451,9.264371501331077,130
1293,6.567530389581616,9.24508685098948,130
1294,6.4724100009664545,9.338725040012422,130
1295,6.519728397503533,9.817645640040798,130
1296,6.1851478801744655,9.24007216839767,130
1297,6.920980945484928,9.768002967444108,130
1298,6.841857938150955,9.272004213377386,130
1299,6.102161492816994,9.442065824003409,130
1300,6.244368763260057,10.032522248026197,131
1301,6.652247319467639,10.29876200356185,131
1302,6.271392831677233,10.704599765689162,131
1303,6.253081878816201,10.839432527183444,131
1304,6.928491960211585,10.277067087362695,131
1305,6.617736190231809,10.473587872818731,131
1306,6.984643307786336,10.305952697590321,131
1307,6.759793337652979,10.71723904957081,131
1308,6.303501591855471,10.371225718925968,131
1309,6.249888116171494,10.790145506179591,131
1310,6.018186791808683,11.793982878936871,132
1311,6.581386391592783,11.915617492869123,132
1312,6.17982242088459,11.22221578367826,132
1313,6.342293871481148,11.332081328770727,132
1314,6.030112265996655,11.479096309378962,132
1315,6.757020913752215,11.40032838279091,132
1316,6.901322626507208,11.220638046254155,132
1317,6.822277285824632,11.757577950941903,132
1318,6.8649650646420675,11.704141815103059,132
1319,6.451476946975388,11.264446145731805,132
1320,6.307184500964072,12.257402089551103,133
1321,6.872153610762885,12.649682281925022,133
1322,6.778916368565099,12.547384580774828,133
1323,6.883463702940628,12.71540791529218,133
1324,6.984907432283388,12.824582632904761,133
1325,6.3653711648443645,12.02548750239006,133
1326,6.6235907586803116,12.35391688578116,133
1327,6.169043174682065,12.692889974741846,133
1328,6.193187425971615,12.7430425819964,133
1329,6.764504118682235,12.845148458586442,133
1330,6.775994017179631,13.712254186279228,134
1331,6.67170653855131,13.412001828212922,134
1332,6.629889529938751,13.51334774987326,134
1333,6.179801421506237,13.82305094307663,134
1334,6.698001911809597,13.377671510257434,134
1335,6.993111278223948,13.639015992473393,134
1336,6.7945010201008635,13.285903536052551,134
1337,6.582311324339974,13.776347121180303,134
1338,6.069377685836293,13.961567648349947,134
1339,6.784347280896701,13.28525793753074,134
1340,6.267028966247292,14.098254595692417,135
1341,6.774860064045659,14.42699347336735,135
1342,6.95391537833731,14.548381642080184,135
1343,6.638919145998137,14.342789901094553,135
1344,6.901224895615507,14.427850915562368,135
1345,6.39193415607902,14.364810824770935,135
1346,6.703550464558856,14.772951498707188,135
1347,6.757060692736693,14.942369926472216,135
1348,6.450397026389922,14.152324101476662,135
1349,6.633747575078931,14.403276904367747,135
1350,6.111069270753744,15.703722970971542,136
1351,6.200779908594943,15.82771050883189,136
1352,6.4602464829647515,15.71027056877548,136
1353,6.829760221075788,15.483067703288034,136
1354,6.506918827706524,15.155932583615611,136
1355,6.07959710824015,15.684104677251929,136
1356,6.005645215206113,15.03141716276632,136
1357,6.24849942768979,15.002145432112536,136
1358,6.064685998793134,15.075813135850373,136
1359,6.6122778400537126,15.438140441675632,136
1360,6.293290603050901,16.82627850769292,137
1361,6.153297519813402,16.70480353916335,137
1362,6.412588693544039,16.303529618378953,137
1363,6.464450759104774,16.045603227859786,137
1364,6.514287600285362,16.934156706989103,137
1365,6.952898496577731,16.03781607754704,137
1366,6.145194393022759,16.221721347102747,137
1367,6.4227662517160375,16.379239312454104,137
1368,6.302930109835394,16.743927629991997,137
1369,6.410132160935784,16.886935296234476,137
1370,6.815569021810066,17.606744974950157,138
1371,6.022913169220006,17.140889131856326,138
1372,6.549201901461476,17.854005175729245,138
1373,6.04232504916195,17.214896439980734,138
1374,6.752072050115402,17.80990008313621,138
1375,6.797700368303435,17.796652338810848,138
1376,6.164869519439801,17.829800019499334,138
1377,6.154396170312633,17.790104202263894,138
1378,6.602863282902865,17.349266087587818,138
1379,6.128066081054882,17.49671566675745,138
1380,6.113703878225078,18.97481741409674,139
1381,6.543859026740435,18.961477062348155,139
1382,6.491322966364735,18.331039401567793,139
1383,6.795982580334968,18.420013087197564,139
1384,6.612042255481054,18.177607772530344,139
1385,6.155755801678202,18.497776345208734,139
1386,6.311175472356528,18.407063524614095,139
1387,6.621681613515995,18.837249211319126,139
1388,6.236561558902965,18.193417050336855,139
1389,6.829184270159397,18.449580828243175,139
1390,6.747417225819291,19.606575497880378,140
1391,6.500607178453583,19.80944804467504,140
1392,6.519536667437509,19.694767722348228,140
1393,6.280677623361787,19.378945137738658,140
1394,6.928164361773193,19.440137347901214,140
1395,6.98958528923145,19.688303434151354,140
1396,6.410529703985668,19.97980902445736,140
1397,6.178672330445491,19.063568322504672,140
1398,6.041445820168202,19.49577182295078,140
1399,6.939905250703799,19.359413378771666,140
1400,7.912773553189609,0.8970501499532878,141
1401,7.127557251463678,0.538139682579535,141
1402,7.791388934916243,0.4091969428364147,141
1403,7.772818719073079,0.6923519550734502,141
1404,7.76833608337819,0.029584132479824388,141
1405,7.128886038102051,0.11693334019282808,141
1406,7.359879676210462,0.5932947222489138,141
1407,7.880389340988259,0.41287763963018154,141
1408,7.455996337805152,0.5918984833781371,141
1409,7.796522863984206,0.1120073100649317,141
1410,7.950566714945476,1.1606068842032462,142
1411,7.849604127681283,1.5587523146433202,142
1412,7.930848366258612,1.8341638145925883,142
1413,7.790962093674695,1.4877514222700992,142
1414,7.482985627545525,1.0943310886571416,142
1415,7.249997440088237,1.1798698997253658,142
1416,7.705744468812911,1.689852418067038,142
1417,7.011032549250505,1.1020559580053408,142
1418,7.609421049148335,1.2082440921796036,142
1419,7.441579701034508,1.1507152567161159,142
1420,7.541956062240401,2.0147438001954914,143
1421,7.674044296622492,2.522986532404196,143
1422,7.679642684714857,2.5137162107452347,143
1423,7.373996976158326,2.3939549572377583,143
1424,7.123010663937791,2.161124957533099,143
1425,7.515254540365018,2.6486015181797535,143
1426,7.5728822073443105,2.338955778867887,143
1427,7.691004851881668,2.9691502644228773,143
1428,7.078972758503146,2.2452654141160506,143
1429,7.124118895927257,2.656147613307659,143
1430,7.459996094264377,3.9917143434472426,144
1431,7.038520409224928,3.161995025559466,144
1432,7.004677230242869,3.2766488465463963,144
1433,7.166935720624103,3.2104453516166265,144
1434,7.155196591493088,3.2283271632692134,144
1435,7.570269678231055,3.695104875206387,144
1436,7.537626398244138,3.2231183200721096,144
1437,7.105931043505987,3.482425000927812,144
1438,7.9221169019125455,3.4587630835312075,144
1439,7.058557244001953,3.938266555382333,144
1440,7.355962051424992,4.190030904928875,145
1441,7.377077296339664,4.429547221093198,145
1442,7.7570315981485045,4.6681754172020336,145
1443,7.381971556177407,4.291239329097972,145
1444,7.322860323584916,4.356950347682904,145
1445,7.012558415153018,4.362347216060392,145
1446,7.941421591587305,4.038731171170532,145
1447,7.297044333392147,4.220917601153929,145
1448,7.802663770558871,4.424358730331285,145
1449,7.284443621355066,4.5367462744745986,145
1450,7.648425515380654,5.124062898909102,146
1451,7.209971594087178,5.333859804937982,146
1452,7.724162130201764,5.180475182137235,146
1453,7.289032371378523,5.548962893226893,146
1454,7.597108546617624,5.038576335478837,146
1455,7.794496850833512,5.899092759316781,146
1456,7.469105175647031,5.643477801046327,146
1457,7.3270212611816765,5.079092092899887,146
1458,7.264623538718581,5.945070898648559,146
1459,7.633373253943545,5.098526559537858,146
1460,7.1943380907446475,6.6730794878654525,147
1461,7.495125437961442,6.784986858081581,147
1462,7.088826628332037,6.486563136973184,147
1463,7.431847734180102,6.078335536220725,147
1464,7.63448309202697,6.505462299570402,147
1465,7.912194253640966,6.279508136536073,147
1466,7.473104694716848,6.203506980690831,147
1467,7.563676533038783,6.39562432641833,147
1468,7.080626507164501,6.771153769907286,147
1469,7.160924773995605,6.053852863862139,147
1470,7.387317128029709,7.329311457795378,148
1471,7.929120418368932,7.034146266274667,148
1472,7.973819003214041,7.191925117657334,148
1473,7.59627529742684,7.719642186886571,148
1474,7.052967575242031,7.070057948217051,148
1475,7.952187789290382,7.028606569079225,148
1476,7.137865118559519,7.193583822645829,148
1477,7.071315928265883,7.00782147763051,148
1478,7.558915218081474,7.630781527754392,148
1479,7.808160851035463,7.046736549815449,148
1480,7.209347077967214,8.600298847945515,149
1481,7.456468808407626,8.678879715503655,149
1482,7.725404779295964,8.826413393761,149
1483,7.401465580676309,8.547761872523388,149
1484,7.082594809402844,8.630088540950293,149
1485,7.600138105042122,8.227726877002688,149
1486,7.861056065848168,8.446740739779298,149
1487,7.707448977754961,8.50120100548378,149
1488,7.3597935996234725,8.579296892780409,149
1489,7.912423187527927,8.703372937725506,149
1490,7.765026731551787,9.907790453077752,150
1491,7.793434081519475,9.237674113047333,150
1492,7.788683081405866,9.792507222782781,150
1493,7.836090509527746,9.990528843802522,150
1494,7.862652478116199,9.829438038362806,150
1495,7.284233448218731,9.691871403978,150
1496,7.919703018860952,9.513678410647213,150
1497,7.630321866752917,9.90139207431725,150
1498,7.860221028057023,9.069623652091119,150
1499,7.3111055554678,9.065950783373241,150
1500,7.0912440499106655,10.129468455548412,151
1501,7.756648988777001,10.369813101644661,151
1502,7.859643348122407,10.708503429277874,151
1503,7.354941512099734,10.479529116239974,151
1504,7.24335246215616,10.353423136379599,151
1505,7.927899026332249,10.241434524882402,151
1506,7.674262948958924,10.162118675681215,151
1507,7.1136011167119895,10.199849628069948,151
1508,7.9870946562639595,10.380521915460877,151
1509,7.797940829873443,10.800383458092488,151
1510,7.723577013620192,11.008289494231175,152
1511,7.7748984121641715,11.043414378108064,152
1512,7.096416111248186,11.349543358952198,152
1513,7.703517967851347,11.607926375063586,152
1514,7.298213470604819,11.278797213102301,152
1515,7.065630339319382,11.193829952390779,152
1516,7.851689797157342,11.397639072565138,152
1517,7.561912588600374,11.355780245274202,152
1518,7.5767193181268775,11.919258597871336,152
1519,7.454853496950299,11.38097354118621,152
1520,7.531092862180052,12.391832852254398,153
1521,7.351051830433363,12.88562768845355,153
1522,7.8831061874891155,12.65857704430056,153
1523,7.818970761440729,12.834888944104312,153
1524,7.902591818802176,12.566554480725728,153
1525,7.142584744738021,12.317461288516636,153
1526,7.8376745720505365,12.83053845907789,153
1527,7.177489866621093,12.924572929040027,153
1528,7.2813918392063615,12.27634249365609,153
1529,7.728813317997112,12.258533875681227,153
1530,7.109399652264821,13.95195134671272,154
1531,7.355683769886652,13.76823387930829,154
1532,7.3983088413138995,13.674861338070608,154
1533,7.480224484161498,13.057758836557497,154
1534,7.1632879186792815,13.182415171483093,154
1535,7.4877525262322395,13.191516596134226,154
1536,7.819968408373115,13.743815928293667,154
1537,7.2573074153113,13.292303271820076,154
1538,7.817108747431929,13.065872305643609,154
1539,7.672318018416323,13.505415242128263,154
1540,7.174177413537589,14.839534634802447,155
1541,7.463776708381422,14.292749970212427,155
1542,7.116752392051643,14.693336786310041,155
1543,7.460718160304793,14.450113778364825,155
1544,7.369424773878214,14.760342698523967,155
1545,7.312644534247989,14.67433716789751,155
1546,7.1319056610370914,14.333210312054213,155
1547,7.214166993900199,14.650088753112579,155
1548,7.219473853781113,14.425856011905525,155
1549,7.167650511477042,14.700300094500447,155
1550,7.164842251292189,15.822170526256038,156
1551,7.422965521658182,15.037879619856124,156
1552,7.660082863006996,15.784772224378994,156
1553,7.241489564674215,15.513889017795153,156
1554,7.508044734909787,15.647966223811949,156
1555,7.256140820343165,15.518973217694779,156
1556,7.762775638766096,15.651334691376283,156
1557,7.5643703284019885,15.820487256565599,156
1558,7.674549676583886,15.484434450059492,156
1559,7.913567560943256,15.808834844167366,156
1560,7.948040924238705,16.57024361764246,157
1561,7.7436656809859485,16.452808179520208,157
1562,7.477715772160833,16.182094894569047,157
1563,7.243702093853358,16.219405385787606,157
1564,7.632202717723545,16.54667502044868,157
1565,7.726261345245925,16.17020684033047,157
1566,7.11777151488979,16.425374880780957,157
1567,7.60965919897158,16.69512362483321,157
1568,7.358107244691042,16.20842734162873,157
1569,7.639724104081503,16.7972198421449,157
1570,7.923740144339724,17.238139980442877,158
1571,7.833631245318865,17.560626290778842,158
1572,7.445647105007873,17.476929520800116,158
1573,7.235444280658623,17.414303988968484,158
1574,7.579057844626032,17.652600188753492,158
1575,7.506838136961731,17.781877627646004,158
1576,7.0795096075871236,17.544853077749167,158
1577,7.728833845040512,17.99312420547442,158
1578,7.493774996214588,17.346365475102072,158
1579,7.562735862190347,17.141273833093667,158
1580,7.11567381153303,18.289972763208294,159
1581,7.344756703398744,18.212056749244823,159
1582,7.377110194995096,18.32965600224612,159
1583,7.05812541529234,18.30566371826966,159
1584,7.579738609369844,18.87998201994319,159
1585,7.2439291371072,18.260843833734082,159
1586,7.370537354119628,18.76768807966086,159
1587,7.865132302109618,18.82088199590747,159
1588,7.119949992907695,18.483139717720857,159
1589,7.8210124654905675,18.846367963338583,159
1590,7.257802150590688,19.226033636519382,160
1591,7.928629944314885,19.988913612898486,160
1592,7.369574195433758,19.805070909750082,160
1593,7.58581810805444,19.47503876571018,160
1594,7.180644844126169,19.956857810455727,160
1595,7.199757311267303,19.70074372798211,160
1596,7.835506021547726,19.586154188620363,160
1597,7.997533838662313,19.671815999173475,160
1598,7.796305251547874,19.92485844120396,160
1599,7.06671610059424,19.554064783940905,160
1600,8.765064974669237,0.7587334028730991,161
1601,8.599315025063092,0.2308222101519366,161
1602,8.931188682890806,0.03287181834250952,161
1603,8.09798381681048,0.7612856056274164,161
1604,8.045472179253652,0.9037280025812204,161
1605,8.725666394905002,0.40581720424480694,161
1606,8.789231756950556,0.37283717301974995,161
1607,8.529997259880517,0.716607404629448,161
1608,8.426150536394934,0.006377600514541726,161
1609,8.007437364496203,0.3232446547545418,161
1610,8.14905332834352,1.932985691259609,162
1611,8.204966971310759,1.8212006555020213,162
1612,8.686328502897467,1.2598246045962194,162
1613,8.426394177031385,1.0743030844596848,162
1614,8.528160829615238,1.8277381086330369,162
1615,8.618181488888547,1.2625578624499,162
1616,8.654037460490311,1.165717673963683,162
1617,8.877000043374569,1.3925930616668611,162
1618,8.37179132855307,1.6392204068735938,162
1619,8.44087299027862,1.0069452774856718,162
1620,8.914041656075247,2.4365786016505755,163
1621,8.391694105572743,2.627170575330947,163
1622,8.471909174501024,2.4007302755387836,163
1623,8.38116386574559,2.8279502091381206,163
1624,8.278827022361982,2.631797729808447,163
1625,8.142502873076294,2.102098386947555,163
1626,8.49337653989408,2.457024754945864,163
1627,8.308958723322489,2.628584748930126,163
1628,8.727739978857008,2.217220807012292,163
1629,8.185882464192257,2.797045201412078,163
1630,8.174339421979779,3.3444426250158985,164
1631,8.950806877769997,3.355946456090858,164
1632,8.30722245691729,3.298230531695015,164
1633,8.97595839354326,3.1292939119505263,164
1634,8.515698772185718,3.1447716966852677,164
1635,8.330161797470256,3.806392295128442,164
1636,8.916609510685372,3.318328864012852,164
1637,8.833062347403583,3.8991119170965165,164
1638,8.961934733810118,3.621649719249279,164
1639,8.667627095603201,3.395709953735442,164
1640,8.138903011019906,4.87279557537961,165
1641,8.36196266711183,4.496243213528445,165
1642,8.8867398312636,4.1235190598064815,165
1643,8.659295656562639,4.320095324498414,165
1644,8.471303730753707,4.719617917038664,165
1645,8.83305155091995,4.980765776560438,165
1646,8.492688656748028,4.701711515701008,165
1647,8.239125828159091,4.213396379027667,165
1648,8.795276987270817,4.427932036276506,165
1649,8.241218829478901,4.386027486536618,165
1650,8.44085947054032,5.732473688840381,166
1651,8.79107648941727,5.883716178959991,166
1652,8.286493254434571,5.192214359139658,166
1653,8.616408671369577,5.794406872329519,166
1654,8.492983060044295,5.037470427222704,166
1655,8.209495151567683,5.651854195742542,166
1656,8.502859858625072,5.3579425918473635,166
1657,8.240753743469797,5.299914276656416,166
1658,8.225394050252481,5.879097512237811,166
1659,8.451210956710408,5.533810588519648,166
1660,8.93542657068233,6.481013097123409,167
1661,8.775733106798079,6.003586171531699,167
1662,8.407030902230758,6.976175035813675,167
1663,8.230766691755939,6.1413755760850535,167
1664,8.173344227120376,6.225120718080592,167
1665,8.613676476884685,6.77367497566719,167
1666,8.232703868727162,6.8735593803167445,167
1667,8.997943805412755,6.217780303891339,167
1668,8.547005832028178,6.8870977282447745,167
1669,8.117525209810257,6.462213509061924,167
1670,8.51194794977838,7.352043474568855,168
1671,8.456721158333602,7.867225566766724,168
1672,8.629066911255943,7.502591328484689,168
1673,8.13361350933702,7.2934834723947155,168
1674,8.16262382047766,7.900249130037601,168
1675,8.162371994833434,7.696060870315833,168
1676,8.99878811422322,7.225925187945314,168
1677,8.33524223786854,7.062683077123545,168
1678,8.037505562675388,7.159530460143401,168
1679,8.125492771282184,7.3721157757429445,168
1680,8.688968135087654,8.833550150110277,169
1681,8.379743142205953,8.553802099727703,169
1682,8.207870327154005,8.272276633729648,169
1683,8.35118566184138,8.260995701273863,169
1684,8.993734680243316,8.415278547907594,169
1685,8.719281401597677,8.019802394241827,169
1686,8.701254157397312,8.985373228365123,169
1687,8.821819723100528,8.02315291745616,169
1688,8.6313522019155,8.435697315675718,169
1689,8.106244003108195,8.86113496890952,169
1690,8.708971215576607,9.671997804423372,170
1691,8.374196609115495,9.51994318304122,170
1692,8.147130988297842,9.315084544379534,170
1693,8.651956256243801,9.997688827575766,170
1694,8.550639455418777,9.847882034737049,170
1695,8.55357905800109,9.017810155626435,170
1696,8.665963336144783,9.75659761389112,170
1697,8.872909878021215,9.28136631506031,170
1698,8.806143021855052,9.925910512815364,170
1699,8.645204922610235,9.857657669416602,170
1700,8.167276168089964,10.279839230676988,171
1701,8.7939713914183,10.97250084341025,171
1702,8.46227266658229,10.345889391531166,171
1703,8.467123989480273,10.524902674697241,171
1704,8.41930797453304,10.189982247999138,171
1705,8.360375000061437,10.469461379030909,171
1706,8.351626132016904,10.650467978302835,171
1707,8.630580260123507,10.917505176645587,171
1708,8.656878654905025,10.33948728443771,171
1709,8.105617133793006,10.79259533703827,171
1710,8.895233402694748,11.547372008285462,172
1711,8.298118461794685,11.14170589847501,172
1712,8.76129703572139,11.292660566737561,172
1713,8.722230353861205,11.30415258934088,172
1714,8.108404743624034,11.418746521470043,172
1715,8.833767008134442,11.516045126122128,172
1716,8.229932098882667,11.870742072918024,172
1717,8.380239089280638,11.842170687313436,172
1718,8.342322821199204,11.32536235055089,172
1719,8.514487700784464,11.956328850179132,172
1720,8.128295467243657,12.166053367218387,173
1721,8.337207423592988,12.611828054114739,173
1722,8.113077013104915,12.742041317196612,173
1723,8.562185444684655,12.61982032831286,173
1724,8.529060203245994,12.131080519950665,173
1725,8.331432208264557,12.381722188691997,173
1726,8.002062003975135,12.700847543075318,173
1727,8.083365387119281,12.617084291976294,173
1728,8.219018484023414,12.45764756123872,173
1729,8.223154718447239,12.202015851830117,173
1730,8.04438028532677,13.151455732551373,174
1731,8.776781435414872,13.921706331539237,174
1732,8.248878402024882,13.771895229553435,174
1733,8.50135268085068,13.550995385033316,174
1734,8.241941514218395,13.280471740169556,174
1735,8.903296943861626,13.459955657295586,174
1736,8.7352337906444,13.424007414377277,174
1737,8.049723859973744,13.77834241960277,174
1738,8.342357037736011,13.27771806923252,174
1739,8.713825212799026,13.975242984723012,174
1740,8.37037535867245,14.160405538039788,175
1741,8.82581471158745,14.483399577038258,175
1742,8.708686190056856,14.86424865859863,175
1743,8.258396388023167,14.791944296625651,175
1744,8.304569814342774,14.403168260654208,175
1745,8.549923252939207,14.455318007818265,175
1746,8.453140303652338,14.303509628266127,175
1747,8.949342008474158,14.52167482306063,175
1748,8.310984332567912,14.351659015848435,175
1749,8.927390718548235,14.23347170202973,175
1750,8.989678792640229,15.350229890088649,176
1751,8.423958079886988,15.24665988100182,176
1752,8.613234285578038,15.98616956532856,176
1753,8.585421332486122,15.080236653657906,176
1754,8.3741269465292,15.834374201402818,176
1755,8.81291310214097,15.536749184095891,176
1756,8.750918568073036,15.926792797203769,176
1757,8.193551026711923,15.10952652731273,176
1758,8.725698697600908,15.798401878197845,176
1759,8.068832826272825,15.936455890469817,176
1760,8.956728139289698,16.61589183362653,177
1761,8.176818760143428,16.939526758226556,177
1762,8.710023897363405,16.226097549848653,177
1763,8.901761736384048,16.549904204823587,177
1764,8.694190948824064,16.470781663586372,177
1765,8.766124207403942,16.426315747009188,177
1766,8.015128384946856,16.930648806635208,177
1767,8.759544723627034,16.763101954241293,177
1768,8.448594704986558,16.280923991993152,177
1769,8.009602403068689,16.545790647666863,177
1770,8.452309013130083,17.757486513312067,178
1771,8.116779184257787,17.139636737820585,178
1772,8.587297704963769,17.32791268752973,178
1773,8.681092516418998,17.99668440253076,178
1774,8.223068405565161,17.59743669710202,178
1775,8.303152155386417,17.126628030258175,178
1776,8.901045599470084,17.627684743947402,178
1777,8.874618857971935,17.49091858154828,178
1778,8.094573269642805,17.323310152084513,178
1779,8.923962344504826,17.313108742258645,178
1780,8.111706415664596,18.27147056297208,179
1781,8.268539698315132,18.60556796745516,179
1782,8.015308279156292,18.728919476085547,179
1783,8.506452516097607,18.21361620806481,179
1784,8.459348185892031,18.23214453212429,179
1785,8.287952351765052,18.83038479125934,179
1786,8.944804352246496,18.53281717069319,179
1787,8.752632518935158,18.17283020929724,179
1788,8.411626532329693,18.668973893887934,179
1789,8.498652372872368,18.040531805777462,179
1790,8.126442570798734,19.51195065435546,180
1791,8.786453283076956,19.451656378936896,180
1792,8.52533318268973,19.91009457263696,180
1793,8.576137178708995,19.545309397075382,180
1794,8.353183344562476,19.840244468893708,180
1795,8.991825583105499,19.61561415098188,180
1796,8.305625729331052,19.3542871937989,180
1797,8.150118340072824,19.07495855405401,180
1798,8.291552103524277,19.088094062205823,180
1799,8.847192067706304,19.966037747147336,180
1800,9.779712836106139,0.8309477518720187,181
1801,9.1982120925275,0.5442838785478028,181
1802,9.155915498365115,0.6789688784126939,181
1803,9.148826340188652,0.3721363497490775,181
1804,9.181954269008871,0.5262416422925759,181
1805,9.13230587759696,0.45384081678264776,181
1806,9.381526264655434,0.9012321768850938,181
1807,9.830457500756005,0.0387444273607459,181
1808,9.987962153221789,0.20228002348150753,181
1809,9.838855186916112,0.039339610262419056,181
1810,9.540846983928706,1.6617076827996797,182
1811,9.89981019511214,1.8225123794999019,182
1812,9.329112083342217,1.3732630970813098,182
1813,9.717156360499105,1.1127755317781962,182
1814,9.361998372923297,1.003995115081912,182
1815,9.095812590291068,1.9081032669960132,182
1816,9.879679319565732,1.6997415140725396,182
1817,9.635050124834553,1.0098057255965822,182
1818,9.995090974332392,1.5198431317549397,182
1819,9.956777723369195,1.089420497690015,182
1820,9.155589753514086,2.107030580825547,183
1821,9.068685170660032,2.1327683182401627,183
1822,9.94608407905519,2.238180236697328,183
1823,9.302756958797998,2.5236801109406866,183
1824,9.741435072570411,2.7862838519042685,183
1825,9.96845164183885,2.5036260605510123,183
1826,9.801746167890114,2.401745624710162,183
1827,9.64116505396253,2.99806753583806,183
1828,9.310531267043785,2.9883170736690374,183
1829,9.601963455919599,2.3660188161442264,183
1830,9.066451649877123,3.9212961964435653,184
1831,9.513137265784472,3.42632780600092,184
1832,9.635762542233296,3.31645715178919,184
1833,9.305406870729463,3.744820525119552,184
1834,9.334936906586533,3.155997019806682,184
1835,9.579923192193881,3.7300357009701783,184
1836,9.129677849159101,3.8101169926836693,184
1837,9.852002757401943,3.842086384683701,184
1838,9.192129956417702,3.4470858844435845,184
1839,9.230780371523633,3.5050309114323435,184
1840,9.318020459806094,4.617428170736509,185
1841,9.152366182441721,4.555359602577439,185
1842,9.458421422087948,4.908492109270938,185
1843,9.571042888467574,4.5431602432015445,185
1844,9.156995700145588,4.5825309424068115,185
1845,9.988032745396163,4.981486249204927,185
1846,9.666347888592481,4.941745578999849,185
1847,9.432624943846381,4.006281103378293,185
1848,9.989188565471602,4.908373870066368,185
1849,9.471468989361444,4.833570207777368,185
1850,9.259097128442196,5.619683233749273,186
1851,9.249468566840559,5.991923788830402,186
1852,9.242378838376222,5.108789946290888,186
1853,9.835043567342957,5.284125695601112,186
1854,9.435673560659318,5.786445569796008,186
1855,9.17389422402145,5.797877976696203,186
1856,9.871568910703303,5.290506630179098,186
1857,9.899160706567953,5.320506952027898,186
1858,9.56301234243103,5.188556967565818,186
1859,9.072150029227624,5.620604989530263,186
1860,9.262553778536866,6.860006181611503,187
1861,9.636902857409865,6.697383825500553,187
1862,9.563822038205078,6.631903128918498,187
1863,9.201644919324323,6.289084239480217,187
1864,9.148412614594342,6.787062550393581,187
1865,9.758013953408977,6.718206029719231,187
1866,9.923290183668453,6.640421020720108,187
1867,9.194396617413,6.298122049247297,187
1868,9.196278779844508,6.5715703849977,187
1869,9.443039512929698,6.6371984996937305,187
1870,9.419714098926802,7.739963115534499,188
1871,9.127109664500225,7.513612100722801,188
1872,9.85603407356956,7.65083057745629,188
1873,9.686014566044634,7.514928246369442,188
1874,9.812533755793362,7.236713402160429,188
1875,9.811030425485312,7.285105344641842,188
1876,9.97318305727837,7.642606393147821,188
1877,9.246629425117076,7.41709598625768,188
1878,9.078634501433877,7.860854266272575,188
1879,9.814455382482832,7.044822716257968,188
1880,9.993613065117403,8.361862282139505,189
1881,9.012222258695186,8.92054987348382,189
1882,9.202582647870013,8.348558935403146,189
1883,9.788579737552766,8.957981614200516,189
1884,9.203940243260107,8.687153944127463,189
1885,9.903587076722756,8.707376046041274,189
1886,9.482576073623042,8.338071235214304,189
1887,9.04766850945608,8.901360157636086,189
1888,9.326537817689704,8.907235583243553,189
1889,9.506188303760585,8.686134113043975,189
1890,9.203323676935916,9.812718641593955,190
1891,9.375608940569062,9.05488632033811,190
1892,9.418698576613542,9.91442318681226,190
1893,9.277419392691167,9.52223361329447,190
1894,9.955432952210193,9.871093802019978,190
1895,9.444774511142372,9.264069510197139,190
1896,9.898084084977619,9.383297578436194,190
1897,9.533562833287803,9.39756623783741,190
1898,9.744116272661744,9.767027757574144,190
1899,9.076198998299244,9.617148139799543,190
1900,9.865156274214804,10.802535488304958,191
1901,9.196376958926937,10.750746507405358,191
1902,9.486886477737208,10.351706121360165,191
1903,9.651648942555896,10.30671569842025,191
1904,9.564855056170881,10.469846840670881,191
1905,9.326434901022289,10.084731031407888,191
1906,9.578071340482207,10.077360535881226,191
1907,9.637219165560206,10.2509343860395,191
1908,9.067203498300877,10.027381137599875,191
1909,9.259093048405653,10.643297238726545,191
1910,9.910296598234988,11.55193973506288,192
1911,9.302514088024509,11.353597350931405,192
1912,9.765341203420881,11.638055989482305,192
1913,9.72460491326061,11.272158764770335,192
1914,9.164230776974533,11.1698797046246,192
1915,9.727607660560693,11.167178223014051,192
1916,9.690170097024462,11.046981754863364,192
1917,9.19333240948892,11.5777100731203,192
1918,9.648669103302488,11.183810065159456,192
1919,9.020123604272866,11.543246139612858,192
1920,9.624344007532038,12.564670775359945,193
1921,9.236995869749245,12.929338707740175,193
1922,9.732808729402585,12.180042120970343,193
1923,9.193524075946831,12.634409614151936,193
1924,9.875171648178128,12.310067290927927,193
1925,9.061692667242895,12.48180533433555,193
1926,9.687065176521621,12.52005038707441,193
1927,9.481375742539377,12.586686153507577,193
1928,9.206903073389178,12.229643236310169,193
1929,9.882193105770549,12.876983791015897,193
1930,9.528317086128109,13.105668960005604,194
1931,9.28778360368609,13.993955824071106,194
1932,9.95575285028783,13.762624368873535,194
1933,9.734561026927224,13.106478830546612,194
1934,9.934262811739412,13.220765625863892,194
1935,9.235676624859837,13.740391470602919,194
1936,9.38020318898287,13.59692630880476,194
1937,9.407236913728761,13.037998860660526,194
1938,9.323407589750088,13.13328349780739,194
1939,9.874296839378655,13.065819165712513,194
1940,9.73506243286833,14.228139158952484,195
1941,9.004611140201872,14.664926442291884,195
1942,9.006947644483594,14.992082665128455,195
1943,9.023635498597905,14.947221924501768,195
1944,9.224562438778909,14.935052630425881,195
1945,9.126284498523228,14.286613507900519,195
1946,9.18784937014079,14.325496290715423,195
1947,9.660071493222752,14.281110011857464,195
1948,9.937037283374355,14.361834693355458,195
1949,9.178246987038234,14.456597758214857,195
1950,9.176151072907215,15.073199421595953,196
1951,9.505860019904397,15.72157662873416,196
1952,9.307959083909601,15.167848799780012,196
1953,9.47167174726938,15.628569352325119,196
1954,9.412245999696768,15.644723657346773,196
1955,9.607278303972507,15.008997036868971,196
1956,9.755314221602774,15.153008565570746,196
1957,9.39393773839963,15.467008028422164,196
1958,9.15531929915009,15.165411927667167,196
1959,9.137218261796374,15.74916787933856,196
1960,9.268119390558038,16.347698597108263,197
1961,9.647336959522741,16.248302575268106,197
1962,9.467943840107726,16.357841174258365,197
1963,9.746478740257954,16.845450633590783,197
1964,9.457948322723471,16.620749430730115,197
1965,9.58186848259042,16.657732866442196,197
1966,9.495973466798699,16.502302120899714,197
1967,9.074946631620245,16.793463359830533,197
1968,9.613934948654355,16.83114769045149,197
1969,9.038274282249953,16.33469721013618,197
1970,9.124892557112299,17.67908769806538,198
1971,9.2828965615091,17.66960211668131,198
1972,9.413179855916214,17.220539708511875,198
1973,9.000784984603023,17.22322370373839,198
1974,9.829621125800834,17.32914309722403,198
1975,9.275695908080303,17.167445226239607,198
1976,9.153600719645551,17.138092562498468,198
1977,9.163473709695385,17.730754630754415,198
1978,9.17068245499554,17.793373655329653,198
1979,9.31789134916308,17.834192071146884,198
1980,9.175643727914656,18.021157364406132,199
1981,9.706386877274648,18.97303027154828,199
1982,9.689120821934697,18.17738041708239,199
1983,9.976744008902992,18.506250706535546,199
1984,9.916178274942416,18.030522420663104,199
1985,9.754026377380352,18.245973523265242,199
1986,9.711603555323768,18.989586985150435,199
1987,9.214600386703083,18.21899687608791,199
1988,9.50824264292176,18.650940171730188,199
1989,9.241589085641186,18.185499248435214,199
1990,9.04053211999251,19.761595497054678,200
1991,9.041516991675683,19.326692813948455,200
1992,9.051716700902597,19.839153756007324,200
1993,9.920909927633039,19.185245226242323,200
1994,9.07717450894481,19.096544506148042,200
1995,9.24150043847602,19.339691699359513,200
1996,9.099045881078519,19.656177319068735,200
1997,9.371616757913904,19.91435426792262,200
1998,9.842199354302467,19.475761389045832,200
1999,9.015162597274156,19.817799209116398,200
2000,10.339811555959967,0.2710331948540632,201
2001,10.335091020537154,0.32408785798807194,201
2002,10.590642827883476,0.08989589319358593,201
2003,10.684572655075037,0.8929526506064989,201
2004,10.39087503468263,0.9935567363133916,201
2005,10.518769564531862,0.29295920035300393,201
2006,10.753021689951922,0.6049860661694503,201
2007,10.884851194953246,0.785001765740226,201
2008,10.809926041226156,0.38668553812195017,201
2009,10.35878655524447,0.31144433874614974,201
2010,10.09012252950177,1.5294510177413079,202
2011,10.888688186010416,1.710500236202876,202
2012,10.31285866230858,1.3900419725793522,202
2013,10.438083541123293,1.044988741332738,202
2014,10.983873471755391,1.7576292701997698,202
2015,10.873398778036119,1.593961388074658,202
2016,10.165581041405966,1.0643691518217946,202
2017,10.455516714623508,1.8061872670880148,202
2018,10.970624312586324,1.3882965162774,202
2019,10.017037541700024,1.8636295276233836,202
2020,10.98617886186329,2.000335965630934,203
2021,10.483998828661862,2.5567882827320885,203
2022,10.553908401161738,2.4598290186748115,203
2023,10.978756581060273,2.429575582682044,203
2024,10.556218860499204,2.4585613351610025,203
2025,10.166415743750008,2.8414507802169595,203
2026,10.37259736668151,2.069376743918744,203
2027,10.988969858669787,2.9804615238987577,203
2028,10.361667409136734,2.2959652764665517,203
2029,10.418059945970354,2.265062668014549,203
2030,10.735771829049694,3.499280566225759,204
2031,10.543341937754912,3.7777040030513067,204
2032,10.581225290506847,3.8852774428542367,204
2033,10.52901424239291,3.4232782815753504,204
2034,10.804120133038493,3.6383543237334437,204
2035,10.986430393906536,3.504573644313686,204
2036,10.748420659469375,3.350691072756411,204
2037,10.973454902326571,3.1982023040076184,204
2038,10.20581659574832,3.0851013361595436,204
2039,10.844205704064562,3.1282014154184257,204
2040,10.818395868944878,4.568680685194464,205
2041,10.251676192505068,4.874099659012175,205
2042,10.190289978414565,4.34822254842198,205
2043,10.424096891876145,4.506426682593168,205
2044,10.240741703677159,4.939649601167893,205
2045,10.162497280534138,4.988114462582964,205
2046,10.620027874249484,4.123825449558206,205
2047,10.86812879357716,4.788322916754129,205
2048,10.952259562593408,4.622159536260838,205
2049,10.087391741773146,4.81350599340167,205
2050,10.162246244063798,5.320273494344149,206
2051,10.864311819030748,5.14522739843788,206
2052,10.474435340749334,5.40431873914482,206
2053,10.163427474308659,5.488231282695132,206
2054,10.812604398965597,5.075557970125226,206
2055,10.741656939931234,5.440251060366781,206
2056,10.325173152177673,5.650292335445045,206
2057,10.13942246232646,5.790823293833895,206
2058,10.939651206799592,5.210920137539144,206
2059,10.625396503714274,5.440565872862322,206
2060,10.969329441824618,6.234021933265038,207
2061,10.396521673465235,6.111674649344045,207
2062,10.16035825475114,6.599507261721029,207
2063,10.795775362688614,6.001389809103123,207
2064,10.820839208982195,6.326222600250079,207
2065,10.244774746590664,6.583794814044117,207
2066,10.748439697396458,6.64407018112265,207
2067,10.973471690470035,6.329457185553714,207
2068,10.873474902021956,6.7564911439938555,207
2069,10.536958346778682,6.016044098917385,207
2070,10.734769344670282,7.0168263719889445,208
2071,10.009775504947394,7.123890099972683,208
2072,10.171113545517104,7.795933452173772,208
2073,10.481527022920499,7.40497746625802,208
2074,10.88403485887649,7.391556008568759,208
2075,10.066332630793381,7.693011515028957,208
2076,10.021987654590225,7.290625553879818,208
2077,10.804715533816797,7.815143446597514,208
2078,10.495144197114701,7.978151494238132,208
2079,10.855785888958016,7.125818679299006,208
2080,10.130159772692576,8.22030473917149,209
2081,10.004393206739833,8.870436175317604,209
2082,10.25914640242864,8.669392236115343,209
2083,10.39916731697559,8.67237378737708,209
2084,10.014484511699637,8.029624353614349,209
2085,10.011759625754877,8.419418670984179,209
2086,10.449556787462305,8.124750185995703,209
2087,10.998104947774355,8.924122586106838,209
2088,10.78224276814835,8.09605971836512,209
2089,10.143665355869702,8.905678124365634,209
2090,10.007839959533165,9.041652054509015,210
2091,10.460082249910462,9.695979822313491,210
2092,10.357670947032515,9.921030179642887,210
2093,10.25140329334736,9.725530994129949,210
2094,10.644111629540076,9.00779594786018,210
2095,10.728009815758432,9.884849477699305,210
2096,10.018731426140087,9.866921103309936,210
2097,10.494760094476122,9.6569406682546,210
2098,10.737351182745996,9.231813639351286,210
2099,10.578958504173967,9.251818013332304,210
2100,10.208243356160448,10.831132042151987,211
2101,10.743931632610344,10.565052138485697,211
2102,10.810981645790987,10.851476981979562,211
2103,10.295578441113374,10.735716172963016,211
2104,10.195819353566602,10.5059642652824,211
2105,10.669404252933395,10.34236453029202,211
2106,10.853449686061278,10.219199855337644,211
2107,10.674437258983353,10.229627171066825,211
2108,10.402073569872687,10.518194836929732,211
2109,10.825320048062743,10.721251042566683,211
2110,10.650811254320198,11.753357401253286,212
2111,10.872467780816091,11.340015276924666,212
2112,10.78098946703944,11.702703061231423,212
2113,10.056290127549437,11.122020915285109,212
2114,10.947209801171073,11.363596363709938,212
2115,10.178610746381691,11.759714154750673,212
2116,10.752674416246819,11.879952553994986,212
2117,10.350552799113169,11.902418446218386,212
2118,10.798849023589465,11.016747345059938,212
2119,10.240632253651361,11.803947468483539,212
2120,10.112799186579439,12.760027417546214,213
2121,10.936631767934454,12.045434643830825,213
2122,10.46400995541111,12.015075026239433,213
2123,10.486015571387199,12.059947630931957,213
2124,10.965730432654743,12.360594258640816,213
2125,10.407229319599063,12.483289939288118,213
2126,10.445708904173934,12.197025198955934,213
2127,10.887199953835156,12.499020609729167,213
2128,10.012824440499942,12.177478469594782,213
2129,10.263334497919386,12.569579603686297,213
2130,10.833380937026835,13.544235499224936,214
2131,10.997240369699744,13.380727230785604,214
2132,10.052779647677209,13.060317178733435,214
2133,10.473554423725556,13.663240460259908,214
2134,10.105154462550555,13.758006111684201,214
2135,10.300867019182947,13.216620549747503,214
2136,10.901035708038599,13.234455781218083,214
2137,10.329836626297942,13.818833075416007,214
2138,10.47650319149039,13.3020012237252,214
2139,10.752822489586793,13.3326707106412,214
2140,10.32793273383289,14.95518603612691,215
2141,10.66474013772444,14.263529197953247,215
2142,10.832679837999716,14.112065048368352,215
2143,10.974459218162153,14.264107458056653,215
2144,10.851844240089068,14.498544630052233,215
2145,10.778917145394036,14.094774655914167,215
2146,10.74080780917676,14.472885620891416,215
2147,10.137896736326088,14.061047049569655,215
2148,10.213976889847869,14.521121530468157,215
2149,10.495131195993105,14.34141648961609,215
2150,10.717326335653027,15.36347027857103,216
2151,10.974681264209266,15.814583744229369,216
2152,10.07823558950348,15.055778427913332,216
2153,10.678854568894373,15.95133322904293,216
2154,10.84708467764522,15.018273756468213,216
2155,10.63520853275508,15.292023627988128,216
2156,10.756779803433403,15.478034141213834,216
2157,10.606557291681131,15.500762265189861,216
2158,10.313258174264837,15.740715230145078,216
2159,10.080683420743936,15.920893748777251,216
2160,10.946899601261652,16.15517246599236,217
2161,10.711775518306709,16.513223711454124,217
2162,10.688056614996732,16.803118341362257,217
2163,10.963407722404538,16.640618114556094,217
2164,10.51621414988822,16.861750428252318,217
2165,10.347951106760929,16.807079911539304,217
2166,10.908130050155338,16.147243936815084,217
2167,10.190538827974624,16.115347968535996,217
2168,10.375120579962054,16.542775053141604,217
2169,10.467484537610025,16.884786674710845,217
2170,10.04489282894204,17.71022037338042,218
2171,10.644232556441464,17.39151000199088,218
2172,10.725224273347324,17.287564870296126,218
2173,10.348634264554878,17.073770274729135,218
2174,10.860057581837681,17.78295150923066,218
2175,10.943630224968397,17.63276367100144,218
2176,10.261558276491566,17.39514839954592,218
2177,10.992953246581806,17.049906364769868,218
2178,10.627656611667438,17.192164880242327,218
2179,10.915350027889078,17.194226440420863,218
2180,10.24144655890364,18.46998261220224,219
2181,10.035614890399831,18.718099110995855,219
2182,10.272608156097602,18.54849330900304,219
2183,10.904709390159809,18.23699784779304,219
2184,10.161500477957285,18.484912315522248,219
2185,10.94631046060744,18.972516567011127,219
2186,10.275990189853491,18.711174056964097,219
2187,10.946831138277417,18.441187873871325,219
2188,10.366460698261239,18.145636442847167,219
2189,10.752983928292632,18.7003357012782,219
2190,10.411181800397651,19.107811628853614,220
2191,10.469476898948825,19.962185920837307,220
2192,10.998410507517592,19.697292169883948,220
2193,10.468310214802512,19.612512122099698,220
2194,10.475585148492053,19.09503085629713,220
2195,10.57379790279564,19.43672414010121,220
2196,10.723367059499457,19.043969085294545,220
2197,10.235251278271633,19.67407661916631,220
2198,10.427707027779338,19.34494314286706,220
2199,10.459062904772741,19.137220137684174,220
2200,11.539441468997753,0.538145669557081,221
2201,11.953296383266515,0.8245008927647514,221
2202,11.53819148758668,0.5951488760455587,221
2203,11.09230775527618,0.5812211731141538,221
2204,11.37587464183517,0.8505888704949648,221
2205,11.75468523784595,0.7865479656933041,221
2206,11.191173897926673,0.07371066228718293,221
2207,11.718062140064523,0.9519125570618485,221
2208,11.905132259707724,0.2155691479235291,221
2209,11.841248114560418,0.9674494582946673,221
2210,11.455973309522085,1.469045949579339,222
2211,11.145002022099295,1.6780489438879427,222
2212,11.287553027427796,1.660902811756118,222
2213,11.725681184554299,1.672139080464023,222
2214,11.2580050908264,1.5587700923694823,222
2215,11.162317229999816,1.6279638732262436,222
2216,11.016722975503285,1.1304805949069472,222
2217,11.42456316505208,1.2911611547650756,222
2218,11.98609674423278,1.5424560576844972,222
2219,11.62755828457336,1.7240884557911347,222
2220,11.671279027023605,2.5680345505847906,223
2221,11.092913717440792,2.2702364412989327,223
2222,11.553818766832196,2.554022896981078,223
2223,11.9200987421849,2.915912580182529,223
2224,11.241286145939798,2.898615512088006,223
2225,11.679049467235838,2.523558551295996,223
2226,11.011855014936746,2.1761873154710525,223
2227,11.437315901986238,2.7870756398025645,223
2228,11.486418883836896,2.404177901940496,223
2229,11.612325219160653,2.9965741348217465,223
2230,11.212523065481104,3.395073118020942,224
2231,11.500958738246286,3.2807923750648835,224
2232,11.46216294222037,3.55949929056003,224
2233,11.10888161185045,3.499071308509261,224
2234,11.833332126134769,3.9591838096463636,224
2235,11.309674578412745,3.815879973015936,224
2236,11.182027761590977,3.0582854501958368,224
2237,11.652051167446668,3.2014828683430414,224
2238,11.780190993065972,3.22297498856222,224
2239,11.75270267957505,3.6887591073075012,224
2240,11.934501741743532,4.595937610246883,225
2241,11.577681897662107,4.031220078894916,225
2242,11.838283797071297,4.147898213779982,225
2243,11.25026106278866,4.104361719513328,225
2244,11.12948664238474,4.7080403602351595,225
2245,11.040416693986803,4.605947969839032,225
2246,11.122692512072625,4.488446492349323,225
2247,11.941556299495632,4.0292467052314445,225
2248,11.325898928944056,4.964064303839731,225
2249,11.642637951304764,4.817101615607234,225
2250,11.450566410014149,5.300805316844003,226
2251,11.78915897198188,5.7654190724874175,226
2252,11.90563832764593,5.969817528882137,226
2253,11.047191637327177,5.430537521948013,226
2254,11.335237908803366,5.770483692387634,226
2255,11.955991018469032,5.411642823544741,226
2256,11.132008584604693,5.821870082633745,226
2257,11.0424587404897,5.183225367209026,226
2258,11.553137917409098,5.153221262071732,226
2259,11.253808021605112,5.470092087456584,226
2260,11.060081366638084,6.17946810140661,227
2261,11.629665062112526,6.507238374829607,227
2262,11.65699693726388,6.801226048065861,227
2263,11.700861049537853,6.8412439714444755,227
2264,11.538713523799442,6.68153787634044,227
2265,11.293716573720255,6.421279622434366,227
2266,11.572085886964084,6.7857202533353655,227
2267,11.590676188028716,6.294702402666264,227
2268,11.390383343557078,6.686842894979051,227
2269,11.034632306841004,6.663455780890337,227
2270,11.105096502677135,7.320806951679266,228
2271,11.815803268841876,7.2184723455647966,228
2272,11.792303928762502,7.392629608476971,228
2273,11.236334713809944,7.045167930529414,228
2274,11.39856215650356,7.9689367608328405,228
2275,11.576637953961972,7.230926297414127,228
2276,11.795477304650625,7.316971350889461,228
2277,11.996823620699756,7.692170401196993,228
2278,11.215625980106523,7.516425742537121,228
2279,11.43507776360068,7.107341491712078,228
2280,11.404558644504117,8.206571154052968,229
2281,11.867926146434533,8.471594241664546,229
2282,11.495938098820108,8.706044880945333,229
2283,11.727292156950682,8.005054535067138,229
2284,11.118218747303224,8.51741367024686,229
2285,11.542103562052889,8.482477853054146,229
2286,11.100358514996264,8.892435852023587,229
2287,11.709537016395343,8.498170304258199,229
2288,11.739619908737671,8.857749056658767,229
2289,11.027013841247319,8.439225685444207,229
2290,11.136679786402956,9.401889677367755,230
2291,11.919584880191351,9.430939592749551,230
2292,11.675357592524126,9.27809729783218,230
2293,11.866439527834848,9.03457183441605,230
2294,11.828307310258882,9.954847691112926,230
2295,11.38547045780295,9.116797476163011,230
2296,11.01517352711902,9.661510213285593,230
2297,11.361633496747512,9.459970300585773,230
2298,11.514329635234077,9.302211487421735,230
2299,11.909300644336646,9.68391232085239,230
2300,11.577786003586354,10.67163088380657,231
2301,11.870988558576872,10.116007432680815,231
2302,11.350636186475263,10.964046846371817,231
2303,11.044780114097142,10.834814850030963,231
2304,11.737537006004372,10.697835430387867,231
2305,11.314683975758186,10.839083163067512,231
2306,11.88159712525989,10.727211211882569,231
2307,11.23889622474391,10.4411406042083,231
2308,11.390137940702772,10.941399913319714,231
2309,11.786534347096737,10.937945561285284,231
2310,11.848133210456384,11.602083881047937,232
2311,11.473873051080606,11.141014170211752,232
2312,11.94870051704588,11.884239966405794,232
2313,11.831891850516001,11.027679603252711,232
2314,11.35388220520471,11.951148093362722,232
2315,11.34444762207878,11.839705095097196,232
2316,11.787223434817658,11.928099732106352,232
2317,11.172540868479196,11.701214493546964,232
2318,11.663965231415581,11.190705877978065,232
2319,11.650304934013535,11.90722104246949,232
2320,11.035556429643194,12.964039261622096,233
2321,11.415499528234086,12.897777711584009,233
2322,11.176672345826244,12.94265004785957,233
2323,11.3644438003546,12.836444857331994,233
2324,11.666008786311458,12.16717406603819,233
2325,11.522477806382541,12.150163006251656,233
2326,11.810571418161217,12.385888605129207,233
2327,11.129123336920046,12.125000827615533,233
2328,11.757185888911236,12.049684323564673,233
2329,11.505310975951215,12.589422630207004,233
2330,11.964863289073444,13.159631752065083,234
2331,11.877591890871297,13.158820849639808,234
2332,11.355426165191679,13.816320391496856,234
2333,11.098230542066409,13.424666292642431,234
2334,11.164056435014585,13.728274217057077,234
2335,11.387698991491169,13.955789040724756,234
2336,11.862952684856811,13.399151094657995,234
2337,11.229362960944012,13.472821744004944,234
2338,11.082995053168093,13.333090370028073,234
2339,11.535715175695099,13.54718407483044,234
2340,11.270296910513048,14.158404553345784,235
2341,11.45566243676576,14.165777500692622,235
2342,11.278900415974153,14.10470544239291,235
2343,11.630677051026995,14.851799509891608,235
2344,11.184542345888763,14.863597815726582,235
2345,11.44268244097709,14.752093977090453,235
2346,11.958140884474664,14.12048373693047,235
2347,11.06712852232289,14.92305972343272,235
2348,11.298596105234687,14.365565194080474,235
2349,11.01129940948372,14.288895945044887,235
2350,11.617970436416448,15.274226501056821,236
2351,11.088430941521535,15.678405242245137,236
2352,11.629438506750853,15.13490206847412,236
2353,11.306694961892902,15.495693405976837,236
2354,11.030561373797521,15.108671159796398,236
2355,11.468141429948227,15.910090098166988,236
2356,11.320473380222666,15.697993818291222,236
2357,11.01347546395835,15.643209825150306,236
2358,11.05343673879515,15.063096113517917,236
2359,11.234941971859802,15.052373893788529,236
2360,11.985198921434112,16.697158407299593,237
2361,11.87046475085651,16.847430200816202,237
2362,11.207137017492302,16.441158912039445,237
2363,11.179678542037037,16.297235253392767,237
2364,11.258255350809025,16.41178484819353,237
2365,11.050878706540013,16.58092741969574,237
2366,11.003189040654842,16.613168086372347,237
2367,11.166242929335377,16.37888329339152,237
2368,11.84840437278009,16.148447226656312,237
2369,11.797901577518472,16.770538677469133,237
2370,11.58353861506334,17.611972325467352,238
2371,11.852832862510503,17.60407875576309,238
2372,11.708181842250404,17.613574290910133,238
2373,11.785765105611773,17.540970223756236,238
2374,11.691641987102738,17.103166339017395,238
2375,11.405934009793237,17.511192911765217,238
2376,11.433098503927729,17.57778655566178,238
2377,11.560183707002382,17.43246940287483,238
2378,11.13253338397222,17.92639148366162,238
2379,11.859425173790536,17.314729793936177,238
2380,11.488878506809124,18.508151672907697,239
2381,11.853916990391056,18.899813337187542,239
2382,11.698948182936968,18.302372814466807,239
2383,11.619919483361135,18.13169317295656,239
2384,11.250045347634233,18.607484779088736,239
2385,11.473356164234252,18.351765167305242,239
2386,11.270799367369268,18.834516149677732,239
2387,11.474087281343573,18.147325756095352,239
2388,11.531177500247288,18.039148322493528,239
2389,11.847158165291193,18.190496050985814,239
2390,11.163947975138086,19.40590424309703,240
2391,11.417478500446814,19.515123964131863,240
2392,11.671398106727572,19.77699755239887,240
2393,11.604727476723575,19.06158301083436,240
2394,11.500796564474399,19.909528115112227,240
2395,11.35125766849692,19.9190938346654,240
2396,11.709242592086534,19.452935644628926,240
2397,11.016005795455982,19.727367246470052,240
2398,11.644097340094365,19.25962801618121,240
2399,11.905249276166598,19.57951241532865,240
2400,12.008229350443846,0.05403861552459688,241
2401,12.096776080192901,0.8254567551749865,241
2402,12.075745123903946,0.22193258038704555,241
2403,12.540623256866409,0.9385754274905723,241
2404,12.329680152552399,0.06440618501330952,241
2405,12.478924907901767,0.14929745085675739,241
2406,12.938313813162651,0.6834103281689181,241
2407,12.752659856718342,0.6635278875989216,241
2408,12.415980180213309,0.03014556209087249,241
2409,12.10752066082904,0.872186942807869,241
2410,12.156295070111327,1.5323789556925453,242
2411,12.659082431569582,1.8136662200242768,242
2412,12.462652502655574,1.4124742928386533,242
2413,12.016896340863164,1.2486563644541628,242
2414,12.442201575363821,1.4418225207087196,242
2415,12.29041651400839,1.7657112493881106,242
2416,12.560382410148533,1.8496664044008573,242
2417,12.058814562733058,1.0496940631429754,242
2418,12.311534054625513,1.655858611364778,242
2419,12.855622836283281,1.291114116268719,242
2420,12.837593292836038,2.6308014173311847,243
2421,12.020712149604845,2.494926575538158,243
2422,12.954067621630523,2.628442525072799,243
2423,12.896150765678525,2.8692352574927495,243
2424,12.56607408280867,2.3453053565506328,243
2425,12.864493385885133,2.6316184053179494,243
2426,12.381284445924226,2.3584893916003966,243
2427,12.44801618046915,2.6533137331725394,243
2428,12.890743304078246,2.22568823127054,243
2429,12.511128542797927,2.0083851615568094,243
2430,12.100379803728929,3.937342249220862,244
2431,12.973720956322364,3.295283513753973,244
2432,12.762604521131758,3.7400770238141057,244
2433,12.52698001139168,3.6483058732112967,244
2434,12.010572639891858,3.844153709793895,244
2435,12.277557475188997,3.5436798013428974,244
2436,12.642528587083818,3.1435094072675955,244
2437,12.416029966379874,3.180471159977204,244
2438,12.527649727296614,3.840446285635704,244
2439,12.906142528393124,3.3823455830903066,244
2440,12.35318435089775,4.913139709746303,245
2441,12.789845564484438,4.1084405353767774,245
2442,12.682778885836756,4.92417807391639,245
2443,12.188026889840726,4.6888869427087965,245
2444,12.873561178886133,4.875429384157251,245
2445,12.525428841974255,4.433220326178459,245
2446,12.911240054918597,4.1067432897150455,245
2447,12.813549794366354,4.874987795012856,245
2448,12.267819957605843,4.665346132406175,245
2449,12.150752051444691,4.605244150696653,245
2450,12.872368694401487,5.513231165010808,246
2451,12.275076240207149,5.777229677463643,246
2452,12.641178098573858,5.558105107135052,246
2453,12.248940983148337,5.217125730709619,246
2454,12.217004518913503,5.42468936321625,246
2455,12.594073734407539,5.687445404406811,246
2456,12.793079574933651,5.648148093085902,246
2457,12.335918041619584,5.366184412659808,246
2458,12.396507577710738,5.302706648187401,246
2459,12.91574553982973,5.626576657465718,246
2460,12.485020866229917,6.640902565581669,247
2461,12.607353123149581,6.895005680662366,247
2462,12.395543310471556,6.198614538864205,247
2463,12.239276824785513,6.122940592172843,247
2464,12.572011587246513,6.468965496830385,247
2465,12.860118984237541,6.83818762776644,247
2466,12.052850457419986,6.34759681786757,247
2467,12.5699070160946,6.498193712981248,247
2468,12.551908465609666,6.231507087874699,247
2469,12.221077468472863,6.656074875802941,247
2470,12.603241204307347,7.925915855261632,248
2471,12.176802534535318,7.511765592603869,248
2472,12.59256515509889,7.910550727526214,248
2473,12.481969803058636,7.254110406806253,248
2474,12.228624997850803,7.9366749790773605,248
2475,12.015122340484998,7.453749332797482,248
2476,12.883430070131766,7.224382276130596,248
2477,12.152487929608174,7.135011756620419,248
2478,12.738544482573689,7.306087247583891,248
2479,12.48306534328232,7.626859343146548,248
2480,12.19642424736532,8.484815087322291,249
2481,12.845872398473006,8.501872173730012,249
2482,12.103310618510335,8.307740511398444,249
2483,12.046686257046122,8.103703677307557,249
2484,12.299224818244227,8.216906784706033,249
2485,12.976132348385045,8.163083793267473,249
2486,12.018172783371751,8.232041913895902,249
2487,12.642756144366437,8.641845746080342,249
2488,12.357662746962644,8.081690113749541,249
2489,12.057095072490906,8.66514484612965,249
2490,12.086973046759926,9.999202657627242,250
2491,12.52690168864101,9.510804020698696,250
2492,12.140648794268667,9.893063344306752,250
2493,12.642429514051535,9.242083674173497,250
2494,12.975435268264585,9.831934977965242,250
2495,12.761109608118883,9.167676105399002,250
2496,12.44198905236691,9.739344870701691,250
2497,12.861195245351352,9.382031082870354,250
2498,12.799420477800455,9.7667783507322,250
2499,12.87570291715467,9.493437119032963,250
2500,12.803697621450587,10.375122294418585,251
2501,12.291007267750247,10.064506611988634,251
2502,12.599085360328525,10.77507742415096,251
2503,12.876404853306767,10.17974470424127,251
2504,12.752132280915143,10.333596152052708,251
2505,12.865021091307714,10.460824661137757,251
2506,12.687152749299333,10.388659166726898,251
2507,12.388660567112183,10.182062347000784,251
2508,12.580240719868124,10.961935771752515,251
2509,12.60767040893972,10.350948811194643,251
2510,12.906719838105646,11.90663737433417,252
2511,12.192092743930358,11.739317280447489,252
2512,12.529503700566877,11.422120690914328,252
2513,12.66767308099726,11.48393669636013,252
2514,12.115865326315374,11.240511573120678,252
2515,12.619738752532108,11.63582834474884,252
2516,12.161808303297262,11.198632824565157,252
2517,12.511915981708755,11.961090419215607,252
2518,12.72807205505325,11.270772125837338,252
2519,12.535764487190262,11.613548282835204,252
2520,12.32955090506732,12.77295571496773,253
2521,12.937727895746985,12.98122454264384,253
2522,12.330737057710207,12.579882062541433,253
2523,12.449206720550833,12.860052398354659,253
2524,12.633770081350528,12.313004883443348,253
2525,12.46568836106185,12.399136217549342,253
2526,12.171872257515766,12.317603389772051,253
2527,12.290673852854596,12.058776324948438,253
2528,12.468123482103834,12.898898203373285,253
2529,12.678816075113831,12.906010461810986,253
2530,12.097400933079966,13.226149258682241,254
2531,12.499725404571155,13.28572432403808,254
2532,12.420043871170613,13.052811933651196,254
2533,12.770238215003682,13.887036015415651,254
2534,12.308911344160792,13.366313933879077,254
2535,12.09845313545302,13.460081627773784,254
2536,12.32475753103083,13.914333982282697,254
2537,12.986525690447417,13.848564773790526,254
2538,12.471301763892884,13.500019178704536,254
2539,12.44707166547217,13.50622119829727,254
2540,12.089205169594543,14.43472942831301,255
2541,12.313688790330296,14.253277022921512,255
2542,12.885763820534242,14.561293431907407,255
2543,12.011936258888042,14.66209773972981,255
2544,12.593852553159197,14.382682453592995,255
2545,12.290964465733698,14.769497810932048,255
2546,12.63583167415095,14.801665504861846,255
2547,12.863092201801756,14.53977931578331,255
2548,12.870733699666637,14.366643633126845,255
2549,12.787366204642655,14.2991173256807,255
2550,12.78996832430026,15.15777562979199,256
2551,12.359965280837669,15.59577428505491,256
2552,12.719141270271699,15.595271617872491,256
2553,12.32689235648818,15.62938113865459,256
2554,12.577804728314366,15.838959563770665,256
2555,12.132856878719377,15.409705503112345,256
2556,12.683476768416499,15.205892755182772,256
2557,12.844629730884433,15.845139579154493,256
2558,12.349412242298952,15.941669281641085,256
2559,12.02284399661987,15.788259094538212,256
2560,12.05139845416316,16.295759249661366,257
2561,12.350889317649592,16.034142356159364,257
2562,12.664577878634757,16.777454538248886,257
2563,12.738340684682413,16.367207262388153,257
2564,12.052526448024238,16.08637421281806,257
2565,12.484529345926822,16.883557659685405,257
2566,12.016195189812297,16.960097589259007,257
2567,12.533669830130961,16.708093582858247,257
2568,12.809763971826461,16.02981783765827,257
2569,12.72135826040525,16.01390514023246,257
2570,12.442000574626993,17.940336832092715,258
2571,12.195168606327695,17.230093711618704,258
2572,12.208341923687538,17.338895607891654,258
2573,12.428584251645537,17.035894708671893,258
2574,12.306201475024514,17.923265649946266,258
2575,12.412243873287053,17.337169190266803,258
2576,12.45018882583196,17.178218606825904,258
2577,12.425473902236508,17.723055677297378,258
2578,12.258862481006034,17.57037576240307,258
2579,12.383992572093264,17.957464514168176,258
2580,12.116134638659632,18.887322263310743,259
2581,12.470191275257251,18.204317162253723,259
2582,12.312566663285162,18.45773362719085,259
2583,12.843278715823896,18.985675280589966,259
2584,12.15785619008924,18.009572228088942,259
2585,12.754294007233485,18.01344977725306,259
2586,12.497066309365806,18.846359572109545,259
2587,12.9410478777698,18.757961427224675,259
2588,12.117275858728004,18.30378075649405,259
2589,12.796582643896038,18.66539015397765,259
2590,12.315856707036373,19.39382793080221,260
2591,12.615774518112403,19.76597948192074,260
2592,12.040287914931564,19.285178738758706,260
2593,12.538637646532097,19.63510811852918,260
2594,12.69285774012559,19.211385527554267,260
2595,12.189924185559294,19.767321324840626,260
2596,12.416336895188378,19.091499597911696,260
2597,12.729378511085045,19.16446725389467,260
2598,12.490306045423756,19.390293100791133,260
2599,12.93160117640262,19.34150665143319,260
2600,13.233308099206138,0.6172389678275929,261
2601,13.689130162671939,0.20527067829240941,261
2602,13.1267825259111,0.1271019542629932,261
2603,13.770217496595246,0.04363876327018423,261
2604,13.568045532528597,0.36232268560292347,261
2605,13.30148139028498,0.3991722135244232,261
2606,13.578381155447614,0.5244208178970482,261
2607,13.205119351006804,0.7904253593612875,261
2608,13.715690820534684,0.2012620273880743,261
2609,13.784156297058132,0.5477325890257436,261
2610,13.089803068972257,1.5249750203109722,262
2611,13.223817865477416,1.8930234610285024,262
2612,13.238280046984077,1.0884395021614424,262
2613,13.940285158547242,1.548648114387375,262
2614,13.371453946959202,1.1694774708173514,262
2615,13.771218737186432,1.7607133333153913,262
2616,13.678652428345734,1.8474740540923063,262
2617,13.337761092123603,1.1744698291343725,262
2618,13.648159741526369,1.8150896420306464,262
2619,13.904071237955108,1.5869032540538939,262
2620,13.690036193627305,2.085046442227622,263
2621,13.228071505907918,2.8635532818966123,263
2622,13.378452901695628,2.1428078246246534,263
2623,13.300528688943622,2.9073009925772517,263
2624,13.770438345601825,2.4032193141365332,263
2625,13.447541486953588,2.612633388986608,263
2626,13.402437653074486,2.981008175611264,263
2627,13.122923141630316,2.361034871240543,263
2628,13.782607963885427,2.7607315386863718,263
2629,13.387823741369514,2.2753437595658177,263
2630,13.693105299440084,3.492605287208308,264
2631,13.447081016753016,3.0774128836688255,264
2632,13.734098346489464,3.9617232172165116,264
2633,13.310200409405157,3.520491302144204,264
2634,13.132193688877843,3.1184958419744384,264
2635,13.258313928305643,3.397026198884922,264
2636,13.78492795002164,3.1245286892071116,264
2637,13.260937377208986,3.4815442094766875,264
2638,13.32485226954806,3.1861642440016023,264
2639,13.259433896333865,3.5703437125118676,264
2640,13.160466841601183,4.140020099368429,265
2641,13.97351808285539,4.395729674210354,265
2642,13.329643351120575,4.0162821754085325,265
2643,13.451506450567798,4.5336992776570675,265
2644,13.124879057666483,4.355831395467947,265
2645,13.500315471522459,4.914235938532175,265
2646,13.25765693145408,4.232210576038156,265
2647,13.473966773773373,4.59282426691053,265
2648,13.767279213497309,4.433537810171186,265
2649,13.450605770755065,4.723904887474623,265
2650,13.39167550863411,5.12950232394026,266
2651,13.627327350458946,5.081335941368943,266
2652,13.693940791853375,5.235630771694345,266
2653,13.310335237482642,5.5912485578138735,266
2654,13.583256655769421,5.219364099893636,266
2655,13.589985724128635,5.621612989864783,266
2656,13.076263568508585,5.991998857516837,266
2657,13.813553813742505,5.058598855041363,266
2658,13.47724232433563,5.91516730317748,266
2659,13.647843826189714,5.467434482601138,266
2660,13.851800805366771,6.9750187427277455,267
2661,13.271461943077707,6.5354503416260235,267
2662,13.068831939733293,6.508625439712671,267
2663,13.118618541282018,6.479416362061604,267
2664,13.336342622291292,6.463828619930058,267
2665,13.722843705850764,6.551389621432971,267
2666,13.74791634015958,6.107287518212011,267
2667,13.543723104823728,6.918566933646118,267
2668,13.871540944176992,6.08709306218363,267
2669,13.733837898522607,6.465361152988109,267
2670,13.535980507109524,7.225546982314274,268
2671,13.117183075333987,7.659942247204452,268
2672,13.82398367576493,7.404125607842114,268
2673,13.030426722519739,7.806691763424902,268
2674,13.673697679888443,7.26224076522256,268
2675,13.132942050681269,7.484171947823874,268
2676,13.307535998867415,7.838840573001638,268
2677,13.67092179111031,7.024197898499418,268
2678,13.602043638316779,7.320506774576847,268
2679,13.28961688920717,7.541296341960565,268
2680,13.29567719143264,8.568044649509169,269
2681,13.973890003599024,8.370892286294197,269
2682,13.159227647312576,8.67599776598741,269
2683,13.074740922094263,8.053711627634963,269
2684,13.313705044783836,8.994767086467228,269
2685,13.169013914651561,8.821933083220179,269
2686,13.822973164377867,8.222425317808295,269
2687,13.19853559808561,8.682726037547068,269
2688,13.481701002610718,8.643801165035498,269
2689,13.677122376309015,8.30753556947196,269
2690,13.56927988625782,9.3555761966024,270
2691,13.548005828055038,9.196090784024618,270
2692,13.339311622461542,9.795511589377856,270
2693,13.133181575382535,9.666488681467047,270
2694,13.716036168841926,9.712167070561096,270
2695,13.861949486152046,9.704569600783428,270
2696,13.29745634068543,9.199784190105357,270
2697,13.210069060635616,9.050199689245188,270
2698,13.644442018101302,9.81309668977418,270
2699,13.565158581356721,9.547666266827292,270
2700,13.952060612544825,10.530518825721405,271
2701,13.505647176505747,10.131528292602214,271
2702,13.760880354671025,10.81510527570099,271
2703,13.993633543585835,10.775725697814673,271
2704,13.337696937473545,10.337556906714395,271
2705,13.30154773623865,10.306364811303714,271
2706,13.199769978500605,10.326776996059895,271
2707,13.788300105631519,10.588977536713456,271
2708,13.66769678650849,10.034541853957082,271
2709,13.312242670648429,10.720118121812757,271
2710,13.220598470318565,11.94990737765951,272
2711,13.230604865467296,11.093638813076602,272
2712,13.132944242426218,11.468883414637228,272
2713,13.770223936709849,11.732152060976034,272
2714,13.395740659407437,11.599491786250544,272
2715,13.762856323110288,11.249500710804213,272
2716,13.62288466539978,11.328492748088502,272
2717,13.673603219830119,11.983077200989296,272
2718,13.782298665635595,11.381642570338396,272
2719,13.150407008262603,11.581424911063102,272
2720,13.13636108362922,12.280635184263575,273
2721,13.68720577747331,12.364199231326289,273
2722,13.026700328659748,12.067018819648998,273
2723,13.100683815297224,12.626190769273284,273
2724,13.365800451147262,12.913699501352983,273
2725,13.953869297351549,12.22135654961819,273
2726,13.540782779755311,12.913388354785592,273
2727,13.008538968453925,12.127271937868048,273
2728,13.304721932926396,12.124574689033057,273
2729,13.356218377871478,12.336960239223274,273
2730,13.904835498071542,13.078313956927278,274
2731,13.143145708111934,13.329676190888097,274
2732,13.788644455819448,13.149842317479784,274
2733,13.421670639921572,13.347671024507179,274
2734,13.679904537813592,13.748110371199623,274
2735,13.740281989997518,13.580373632486245,274
2736,13.358848452797748,13.248313129091567,274
2737,13.152935214704861,13.712597811449033,274
2738,13.935296304363094,13.549418246351511,274
2739,13.225742029938234,13.045684669469228,274
2740,13.282679085747084,14.083055877942972,275
2741,13.141323329626891,14.0662571152426,275
2742,13.030324632773635,14.143824435922024,275
2743,13.07126979149487,14.561247461560368,275
2744,13.785062769067544,14.290819214176489,275
2745,13.416583850400576,14.672024794928777,275
2746,13.299976066808751,14.777827498026824,275
2747,13.58364855079673,14.125994414597875,275
2748,13.90182663250287,14.234514856684,275
2749,13.807066789251113,14.47243541563003,275
2750,13.202251726517355,15.410308886613272,276
2751,13.498869752125147,15.062410757921494,276
2752,13.854556888777696,15.207739170024167,276
2753,13.966262582465236,15.785016470460418,276
2754,13.874699772381748,15.231361529179674,276
2755,13.990988661316765,15.110011208315926,276
2756,13.553237555251313,15.707233211854888,276
2757,13.668239612360555,15.853827256089845,276
2758,13.790944307130399,15.013182535458624,276
2759,13.283386548690519,15.752590228123497,276
2760,13.679421271689845,16.34507081059484,277
2761,13.566703279466687,16.427605393525802,277
2762,13.402250678174797,16.771885215277766,277
2763,13.441147687934182,16.327209774020844,277
2764,13.11566388218672,16.672187191867803,277
2765,13.738501103664916,16.2876913393738,277
2766,13.626284966266065,16.65148485242867,277
2767,13.213644396104174,16.215158047643975,277
2768,13.188753551390587,16.399524075336426,277
2769,13.369425284539973,16.585799176763377,277
2770,13.330362334670507,17.212636038310944,278
2771,13.154220339711165,17.992855999878962,278
2772,13.886436811430908,17.07831346766964,278
2773,13.93170817015422,17.162773662699976,278
2774,13.011646441306914,17.984466172448997,278
2775,13.91239360737077,17.30520240730391,278
2776,13.4661261739435,17.887413193951534,278
2777,13.636007271715375,17.198023112872292,278
2778,13.576020835259351,17.727943585743162,278
2779,13.268922773038758,17.883651972275416,278
2780,13.516564992941278,18.869697318916497,279
2781,13.15010024184265,18.580831868017277,279
2782,13.293889915698745,18.38368872673993,279
2783,13.752637239055144,18.417011782671494,279
2784,13.929444424633559,18.3706386119789,279
2785,13.266623168834322,18.921960844616507,279
2786,13.277719599978514,18.31669998252764,279
2787,13.825538869395505,18.711271581658025,279
2788,13.758388739498074,18.025783159649492,279
2789,13.156997406249292,18.352029261998904,279
2790,13.676697771883159,19.484967115697767,280
2791,13.556468271374357,19.394577828157768,280
2792,13.97680251489297,19.213330430647982,280
2793,13.318962322174624,19.36787871159272,280
2794,13.98927508820841,19.191396621803882,280
2795,13.5453592945409,19.65146222916267,280
2796,13.249473261069207,19.607238641006013,280
2797,13.483832176388685,19.327475505993295,280
2798,13.742289339070462,19.452994771653817,280
2799,13.18827475418247,19.176606769423174,280
2800,14.408650697801892,0.865291948749455,281
2801,14.830991931292193,0.33366765831827017,281
2802,14.257711591337394,0.9494242661607757,281
2803,14.477892720910555,0.4386578479589931,281
2804,14.995607691636389,0.8169516127087341,281
2805,14.986641610209775,0.3868853623159313,281
2806,14.16518700652386,0.04416701123766198,281
2807,14.886272871511988,0.24140791584211796,281
2808,14.333922627925379,0.23951671799298402,281
2809,14.963459196743162,0.5051238196051849,281
2810,14.73894498349827,1.8531121230076355,282
2811,14.58277466624635,1.9948557686733634,282
2812,14.38978830151955,1.5865822988202598,282
2813,14.93530503182164,1.9485867973495723,282
2814,14.106905505164226,1.2601969934112325,282
2815,14.717444309887286,1.8924199966650264,282
2816,14.347391649214977,1.0651016635409625,282
2817,14.501283069007112,1.3261683026195925,282
2818,14.168071646220074,1.9191111993307288,282
2819,14.572254723832627,1.7810162882553815,282
2820,14.008883272479022,2.563508627848146,283
2821,14.481676508503513,2.496230431279267,283
2822,14.178349770940606,2.63287956523222,283
2823,14.075191799313282,2.801483645675243,283
2824,14.97906661769927,2.2019547858397135,283
2825,14.696864500208717,2.7573506011773605,283
2826,14.773763338310282,2.412743439038298,283
2827,14.134414141210126,2.44913157376427,283
2828,14.615320003682438,2.16679765293077,283
2829,14.298018113525668,2.8109844392690584,283
2830,14.778386754092393,3.119732547548113,284
2831,14.034022030657693,3.6304861903416255,284
2832,14.140697309009802,3.377037482143077,284
2833,14.662275914777265,3.3553522815052594,284
2834,14.725576119043982,3.780754263159934,284
2835,14.381321353068854,3.1365254447634277,284
2836,14.382381087325296,3.180946196262527,284
2837,14.216219312159847,3.127742416244473,284
2838,14.048752723302231,3.6016636340702948,284
2839,14.533135659803257,3.746568384704058,284
2840,14.72780850606897,4.966232400515198,285
2841,14.505907254662464,4.580114745839959,285
2842,14.44693797684155,4.48041728972602,285
2843,14.196898296172554,4.932619451534275,285
2844,14.681039524104506,4.905932765360859,285
2845,14.125019869375983,4.531091510216392,285
2846,14.005437757053022,4.674083011542809,285
2847,14.380905780557686,4.235665184803106,285
2848,14.888347801841352,4.51057713541282,285
2849,14.992268501409104,4.291396021844565,285
2850,14.597830837496394,5.624148610984159,286
2851,14.239368731945335,5.793873948748758,286
2852,14.070706903246899,5.781287750054246,286
2853,14.473120229510894,5.131838381177212,286
2854,14.212536435701335,5.14602955605063,286
2855,14.176613944366608,5.181177121244178,286
2856,14.837627493025774,5.101109265843531,286
2857,14.912516628302805,5.158813429735354,286
2858,14.491102474312491,5.660848903760085,286
2859,14.370806858761803,5.479234485953395,286
2860,14.958850948432406,6.2782925113811485,287
2861,14.404361349902807,6.703428150865696,287
2862,14.68329994878042,6.021671311317596,287
2863,14.454949039263981,6.487277006714534,287
2864,14.150892186127049,6.68446631256584,287
2865,14.523008685036368,6.7226171840917335,287
2866,14.407204762080083,6.449318253591065,287
2867,14.306939191575037,6.7275575738017395,287
2868,14.736391772677427,6.206023323499645,287
2869,14.98614108137573,6.56105535964314,287
2870,14.89125569141606,7.789540826419067,288
2871,14.324178137798375,7.373483107051454,288
2872,14.009230411989671,7.594705466192976,288
2873,14.3080791337277,7.31478019753367,288
2874,14.74948615665012,7.084774173461388,288
2875,14.134808719093733,7.934758743653774,288
2876,14.64680096333288,7.8045666947594245,288
2877,14.047438805600711,7.252486770636658,288
2878,14.078763663951435,7.322202828665881,288
2879,14.21712475289863,7.838064562116113,288
2880,14.252924007900631,8.292850228536885,289
2881,14.894110979300237,8.75272041609348,289
2882,14.797009631257753,8.440240287937907,289
2883,14.495780704385012,8.339998383135814,289
2884,14.339499036108304,8.604854854960921,289
2885,14.560232259685218,8.893542993228461,289
2886,14.30753317406058,8.918605453870539,289
2887,14.448192222452478,8.137032741692995,289
2888,14.569919361344652,8.907243866313717,289
2889,14.208363056515271,8.28333627269932,289
2890,14.830797948721957,9.676462302662587,290
2891,14.851798823326103,9.258820566255704,290
2892,14.327277833203182,9.639872127319142,290
2893,14.706165094373352,9.0890137322386,290
2894,14.681615366650892,9.179557431428476,290
2895,14.681587978532512,9.324998936281975,290
2896,14.884663405452429,9.383064130148936,290
2897,14.715435442536537,9.450596558765843,290
2898,14.875604616952721,9.584933208306358,290
2899,14.340281224929251,9.432620410958629,290
2900,14.557198305808253,10.846383321623094,291
2901,14.25526111330292,10.950375269375343,291
2902,14.483357998297059,10.388016163407217,291
2903,14.331866621342549,10.987811474002315,291
2904,14.042027777059202,10.967014478363616,291
2905,14.968678816857262,10.638660353981207,291
2906,14.232841647365941,10.764712241374726,291
2907,14.089728459607391,10.360608864160731,291
2908,14.061076616653896,10.541457927274967,291
2909,14.374268813746014,10.645290523635817,291
2910,14.276003453111203,11.522761446901859,292
2911,14.49988288338544,11.785001375753746,292
2912,14.996087332329404,11.494986960561286,292
2913,14.813375904514539,11.853589988705828,292
2914,14.002442570527794,11.962264796272548,292
2915,14.221123797855409,11.812534136712685,292
2916,14.054130146457174,11.605716021602134,292
2917,14.951209000301535,11.380640673372818,292
2918,14.261091306471744,11.156394694293654,292
2919,14.998091482021508,11.341382030800332,292
2920,14.536447364000068,12.919232187363987,293
2921,14.847271254603447,12.45163019528602,293
2922,14.189189318945285,12.472295712082973,293
2923,14.859901327334418,12.912753899616494,293
2924,14.423614130982237,12.95806663226702,293
2925,14.164243639029483,12.629706678597207,293
2926,14.812956306575458,12.326475475712869,293
2927,14.920517356034965,12.981871726846444,293
2928,14.109915943654649,12.092062007855839,293
2929,14.078397895272808,12.329718319208283,293
2930,14.260775478274802,13.303804743461829,294
2931,14.478270729530788,13.021783789985486,294
2932,14.698542984856044,13.264615356826706,294
2933,14.80038695199454,13.158818336128169,294
2934,14.63092588716248,13.564989819502362,294
2935,14.919228698116823,13.837551351938163,294
2936,14.421009764911078,13.029438806903984,294
2937,14.087588716897464,13.186209215186864,294
2938,14.599416576431441,13.557758022985734,294
2939,14.780486052826376,13.939894755672189,294
2940,14.213792432648646,14.830894518665321,295
2941,14.80384343377203,14.88975504570813,295
2942,14.542340252576672,14.7221984035768,295
2943,14.6132612202484,14.459429004433419,295
2944,14.189527897318971,14.407897900611163,295
2945,14.032416166479473,14.080338931933836,295
2946,14.615516021853475,14.145626097699093,295
2947,14.414260455858692,14.128202768758195,295
2948,14.66302028498098,14.842272228433504,295
2949,14.83057491558629,14.835039156499262,295
2950,14.054836625322794,15.981527474204029,296
2951,14.905819064559559,15.716382190016823,296
2952,14.78195429674313,15.065897681471345,296
2953,14.183645913473082,15.68838414945825,296
2954,14.175719353445075,15.067198834287643,296
2955,14.517929834989468,15.056558873129772,296
2956,14.236011778571974,15.404221977386264,296
2957,14.820906473162609,15.997615230602413,296
2958,14.125620279357026,15.893366767430905,296
2959,14.791981878250155,15.872273922206885,296
2960,14.402652873767451,16.374395625259297,297
2961,14.818610961897587,16.57420407875774,297
2962,14.351983432037283,16.324571225415767,297
2963,14.203414487226892,16.102213711443643,297
2964,14.429231952347129,16.9375682755069,297
2965,14.342805160634315,16.086414044193997,297
2966,14.748399672323115,16.502797304619307,297
2967,14.291222088582948,16.883910191182462,297
2968,14.364773140844125,16.771721054456,297
2969,14.292092712216972,16.27453110172325,297
2970,14.860211344219051,17.230671193120045,298
2971,14.97031592636333,17.51236592380581,298
2972,14.22939953459741,17.640969721172546,298
2973,14.161296469183231,17.834232622427283,298
2974,14.831912269575488,17.664832126280583,298
2975,14.44022196552441,17.896860752788204,298
2976,14.087305983464837,17.483464015635644,298
2977,14.863821239488349,17.360171005558048,298
2978,14.117800758154562,17.748542506280593,298
2979,14.93861249944074,17.613104892269504,298
2980,14.841131023494333,18.860928163064585,299
2981,14.892137464467838,18.485139740045703,299
2982,14.24570054051859,18.29966126000846,299
2983,14.247024901952926,18.89895237723689,299
2984,14.979698719044617,18.181901574478776,299
2985,14.985549732664646,18.27810864586676,299
2986,14.089648183307327,18.065268955681315,299
2987,14.271795889802508,18.20912753253805,299
2988,14.101544839356414,18.088626236934267,299
2989,14.784685602140565,18.19926314799878,299
2990,14.16573756895764,19.28161061820754,300
2991,14.820607113928702,19.649268779949793,300
2992,14.695233508036296,19.0840259944913,300
2993,14.455613904334259,19.75394140428811,300
2994,14.08727032510727,19.290176547575726,300
2995,14.21149663524958,19.008104274563102,300
2996,14.341405078398093,19.88964061409016,300
2997,14.014982071994135,19.349215206010527,300
2998,14.991706442396323,19.846703999891467,300
2999,14.323526510529744,19.695923293856456,300
3000,15.735588197627996,0.6865416649704161,301
3001,15.927423236749265,0.5009700348763128,301
3002,15.020007564560961,0.48756715456259225,301
3003,15.127763163746662,0.08144709749990064,301
3004,15.511001155206696,0.7514382957011709,301
3005,15.882246062766884,0.8879070294780909,301
3006,15.936504654848891,0.8188827659813992,301
3007,15.863402665995428,0.9369105615926928,301
3008,15.579388536830207,0.9953432897029205,301
3009,15.622890823929474,0.44166668116864305,301
3010,15.858356965975872,1.5663928063468382,302
3011,15.94093888648615,1.522017358557842,302
3012,15.388043489190277,1.4294112654110271,302
3013,15.467849242611699,1.1875198517696508,302
3014,15.371288337373612,1.6638679250417931,302
3015,15.180866251601476,1.0576981552500602,302
3016,15.608847456452946,1.798206408118966,302
3017,15.658917431457583,1.7006307571001282,302
3018,15.152325960722461,1.6741811641410589,302
3019,15.148293519095036,1.8517458809942673,302
3020,15.428414624043109,2.214100495789263,303
3021,15.267292929838984,2.5486010866258306,303
3022,15.470672599403203,2.579841517543492,303
3023,15.114910488431997,2.8014426020060275,303
3024,15.218540037423606,2.6992190037980333,303
3025,15.628365158100523,2.928687646684573,303
3026,15.421526568545586,2.352520740516203,303
3027,15.707875663358257,2.400200208586463,303
3028,15.040525628988407,2.81783033100751,303
3029,15.865635770530544,2.4793798511273684,303
3030,15.35834668183744,3.393465909533828,304
3031,15.36797052557455,3.005464754932322,304
3032,15.580138843606283,3.5159409971620788,304
3033,15.61642841057393,3.240308857377885,304
3034,15.763819184951291,3.1245645367265134,304
3035,15.585821881958736,3.718056108650309,304
3036,15.340032536589852,3.4227707419273123,304
3037,15.793251775928466,3.3173518424723714,304
3038,15.79734717501349,3.942547209022329,304
3039,15.22052830623425,3.7047814188047172,304
3040,15.294219007475307,4.526872615470818,305
3041,15.963052021173038,4.391423035801154,305
3042,15.198583208562724,4.5421987566889515,305
3043,15.16727818670256,4.743400553608343,305
3044,15.592562008077296,4.2396678183116,305
3045,15.928728906887542,4.191406057017577,305
3046,15.973811780577963,4.773956325847724,305
3047,15.506147135136631,4.892202042808492,305
3048,15.26422869458587,4.020009399824552,305
3049,15.33642325565155,4.946426296009945,305
3050,15.585092463199917,5.424709212040087,306
3051,15.664464693546549,5.568142586076019,306
3052,15.261777541633668,5.883582036856941,306
3053,15.815446490174756,5.648046998432118,306
3054,15.382939395385275,5.787195060406377,306
3055,15.989322512397973,5.513489843915918,306
3056,15.887523670257739,5.588031185073009,306
3057,15.031919583644438,5.783852793827365,306
3058,15.247949338684588,5.640396381528391,306
3059,15.629120734449664,5.622681512156813,306
3060,15.781708192400238,6.2297372297661,307
3061,15.467322383484518,6.3204610222820525,307
3062,15.692128878670845,6.552865832559857,307
3063,15.607560178618504,6.812465537275228,307
3064,15.865568600385322,6.018105010782234,307
3065,15.468658529006946,6.192641776591662,307
3066,15.671475210168298,6.731344974703523,307
3067,15.162782021596463,6.455123239275569,307
3068,15.536724295778326,6.963434446809207,307
3069,15.759145622876632,6.202300278257616,307
3070,15.475216777586738,7.302073535309817,308
3071,15.028664488935869,7.4829088723805395,308
3072,15.451223246544837,7.527840499598442,308
3073,15.617535880578592,7.168274243638049,308
3074,15.552927411547572,7.1296036480487075,308
3075,15.240714304753979,7.71990849168073,308
3076,15.629521288232288,7.891012973464437,308
3077,15.997092690870982,7.357527788550273,308
3078,15.240647893025388,7.40694392710669,308
3079,15.724265248010452,7.564092385314602,308
3080,15.336434175944309,8.635349550854503,309
3081,15.504382549198048,8.168672126294682,309
3082,15.63473432270108,8.268817652324719,309
3083,15.403259711877343,8.759785604240552,309
3084,15.569176296816705,8.217920732920991,309
3085,15.35412771006248,8.302944156041836,309
3086,15.623700867198233,8.588372263173387,309
3087,15.725067721082327,8.258039844488454,309
3088,15.337461428368362,8.94014157975765,309
3089,15.198177188279601,8.532713538382891,309
3090,15.000725993440398,9.858807005515354,310
3091,15.500467135659822,9.330048798781982,310
3092,15.32283851481797,9.953735528871837,310
3093,15.764557082711002,9.420508266317848,310
3094,15.040131836820066,9.271445570061,310
3095,15.206842297996804,9.27568616923201,310
3096,15.06142395685673,9.30707610977458,310
3097,15.380961743431069,9.209822247151262,310
3098,15.336034964608716,9.098220217531798,310
3099,15.72469222859531,9.481804032186078,310
3100,15.6764964826673,10.314873238816364,311
3101,15.532074347952848,10.864732012920703,311
3102,15.846430867388408,10.676775639474648,311
3103,15.745965821330078,10.59169921129823,311
3104,15.546649751902141,10.481786522880018,311
3105,15.737777657299715,10.719696753007295,311
3106,15.516650159724238,10.078983228107719,311
3107,15.082196159667014,10.369383945684305,311
3108,15.07505224375377,10.61229935633584,311
3109,15.442558167160488,10.14023289586335,311
3110,15.424167156191722,11.178122544165685,312
3111,15.309815858130616,11.008597260110076,312
3112,15.760401801265058,11.503908471722655,312
3113,15.109310658323272,11.831675930388112,312
3114,15.444324613996677,11.920099567956003,312
3115,15.594365026179277,11.77351555910931,312
3116,15.002803057214422,11.08386304316278,312
3117,15.283610709022108,11.712670272685136,312
3118,15.31250534637497,11.16843528654415,312
3119,15.107819042356013,11.35537115345791,312
3120,15.317036842082151,12.113250460032969,313
3121,15.400071776658192,12.197875581004729,313
3122,15.689580524134575,12.85990901042248,313
3123,15.575520200438161,12.388800727953196,313
3124,15.04925684589212,12.18966679787667,313
3125,15.372900864540949,12.261136011541625,313
3126,15.333992301676515,12.779378556676686,313
3127,15.716359650623412,12.430762132655609,313
3128,15.417208087249518,12.762021648857193,313
3129,15.295920864896157,12.858604272558175,313
3130,15.714050372478008,13.812565417327175,314
3131,15.46658185571838,13.820648176088667,314
3132,15.355604683622547,13.880831872940155,314
3133,15.645631019889255,13.378675954398695,314
3134,15.104316450768861,13.076364408144062,314
3135,15.938899310824892,13.617738024922163,314
3136,15.458314660139424,13.484167762735625,314
3137,15.69336309670092,13.455510310276889,314
3138,15.780105993876687,13.095069929954613,314
3139,15.853780170726777,13.158145501615405,314
3140,15.286025434974835,14.848111447157821,315
3141,15.010637362066285,14.217449362845032,315
3142,15.685868817794004,14.341609821075929,315
3143,15.702651374636735,14.870423920119176,315
3144,15.579549693145557,14.690890144663888,315
3145,15.42961197631541,14.376804185710501,315
3146,15.20679623475963,14.882353647127479,315
3147,15.925792575276239,14.083397524073767,315
3148,15.260075877613515,14.450087180390943,315
3149,15.742409585612515,14.797849713025661,315
3150,15.660514678652842,15.93380407889535,316
3151,15.968076780224875,15.032557619586932,316
3152,15.55119384934526,15.720072751828042,316
3153,15.887014459851695,15.709108901658208,316
3154,15.16993256395955,15.01835176446735,316
3155,15.209244826657871,15.906749191344021,316
3156,15.008614461158514,15.942954718092311,316
3157,15.801913569330418,15.779278567192385,316
3158,15.415087028348538,15.356615861445217,316
3159,15.893504554629107,15.946036019965533,316
3160,15.776413091192476,16.619735516545436,317
3161,15.204269908858477,16.31396418024988,317
3162,15.782785661072989,16.597346853834537,317
3163,15.193873122378015,16.507760885489812,317
3164,15.87782089863867,16.47192225027691,317
3165,15.46510919678278,16.13688052936248,317
3166,15.188778353922146,16.36541186251806,317
3167,15.477216358421185,16.58966212933258,317
3168,15.134614814920061,16.24111624927488,317
3169,15.138414718247375,16.73162294604742,317
3170,15.121595577613634,17.739917214288806,318
3171,15.670827308297955,17.308319245322362,318
3172,15.493018782727013,17.018656339499557,318
3173,15.004773010993546,17.225681171587865,318
3174,15.50100013935066,17.26526936709685,318
3175,15.95998277144135,17.7866974574293,318
3176,15.449940119417834,17.861776062349946,318
3177,15.44024700331297,17.120720157832157,318
3178,15.659621947898586,17.81968092854408,318
3179,15.635173074956656,17.40002582720378,318
3180,15.325439971664757,18.675142730797724,319
3181,15.888925108753261,18.03060890198626,319
3182,15.0887859525207,18.548444242727133,319
3183,15.152680560825356,18.314486174795043,319
3184,15.3689188503783,18.26738294734894,319
3185,15.429109857267235,18.92507182393531,319
3186,15.239149700531094,18.044086511869153,319
3187,15.728892570099173,18.912891349103887,319
3188,15.18101361184815,18.252764032768713,319
3189,15.093776371990002,18.335130949658566,319
3190,15.665798463765238,19.072813343950585,320
3191,15.991049971039903,19.340101913106107,320
3192,15.002274361219607,19.468320094653606,320
3193,15.48105222730487,19.346903398130454,320
3194,15.756409833545785,19.956227461495168,320
3195,15.298898465055236,19.29740115613181,320
3196,15.948068157525526,19.767018990121247,320
3197,15.932067854057145,19.432495954567184,320
3198,15.061241624202665,19.697463203053292,320
3199,15.994142848769451,19.5122285013906,320
3200,16.838232057714603,0.4305502813871277,321
3201,16.142055456647658,0.8681002493849543,321
3202,16.972704714947113,0.4102387847197466,321
3203,16.94521495405418,0.6222636648264501,321
3204,16.210116547831195,0.6504375805407104,321
3205,16.76076675187126,0.7812867194681026,321
3206,16.07656121390449,0.2487143914515082,321
3207,16.849742810115078,0.25925430226414636,321
3208,16.126102807328838,0.6316064364680668,321
3209,16.596205086482065,0.6307258903534311,321
3210,16.320895792443807,1.9949778342386613,322
3211,16.414634575615707,1.674743709505458,322
3212,16.403416218551293,1.25503925046237,322
3213,16.810311090632005,1.3321249487174947,322
3214,16.570681367154535,1.5539029474293349,322
3215,16.749866497987924,1.2280162085834736,322
3216,16.655504829753124,1.4914504305112777,322
3217,16.580842159480454,1.4279838730560441,322
3218,16.93272961641067,1.367728574450802,322
3219,16.182399426157307,1.9642823927436102,322
3220,16.224125846993697,2.912295688228861,323
3221,16.245519733846578,2.450449409333845,323
3222,16.158691554682342,2.146019025754102,323
3223,16.06865226710496,2.523897895056958,323
3224,16.535531596332376,2.5895490148979263,323
3225,16.582818506641036,2.9548940845630067,323
3226,16.125543277320737,2.345683460526124,323
3227,16.479864293478187,2.091103879128511,323
3228,16.356463233076106,2.520459870730054,323
3229,16.727900216957963,2.504638260565687,323
3230,16.62130045369773,3.2259168129578533,324
3231,16.470524267421737,3.0148715756359445,324
3232,16.679179883286945,3.15252721538143,324
3233,16.38849185261336,3.4341885146234468,324
3234,16.74565488154218,3.3910438920122865,324
3235,16.981541256468255,3.0995397833681713,324
3236,16.601450078764184,3.5555538180184936,324
3237,16.63317130221399,3.8741454931628847,324
3238,16.746674470497908,3.808243104845087,324
3239,16.68399675417779,3.493223843749181,324
3240,16.439850363291836,4.638749233720303,325
3241,16.6179914558528,4.60983707025377,325
3242,16.996813261695063,4.0033491382636335,325
3243,16.816572062324475,4.337796773710158,325
3244,16.31888975166577,4.841037954423089,325
3245,16.367604215986365,4.914709742778293,325
3246,16.031751138059008,4.280734162160883,325
3247,16.91362034438732,4.147624358649416,325
3248,16.745005784680416,4.00126219107862,325
3249,16.422156095194048,4.866332374003872,325
3250,16.51421836715022,5.757271806472636,326
3251,16.530497788651925,5.580614133600359,326
3252,16.58563081993795,5.368559030837615,326
3253,16.271398753735923,5.992340438691003,326
3254,16.28186346519168,5.258406857933627,326
3255,16.24607085130126,5.201792887098164,326
3256,16.089103925294072,5.528869720836158,326
3257,16.980990239218237,5.187077098203116,326
3258,16.88712439863047,5.465016891358983,326
3259,16.75457770480902,5.285013032748521,326
3260,16.479702341407542,6.104021737305656,327
3261,16.503363782430057,6.395582080098505,327
3262,16.024894211237374,6.072533526524767,327
3263,16.32131867583815,6.509810320770212,327
3264,16.617158214467068,6.282653056663711,327
3265,16.744252360445632,6.278095942167839,327
3266,16.561613563752992,6.153060105313963,327
3267,16.256152798747234,6.197132894418194,327
3268,16.34919374650303,6.173260213307659,327
3269,16.21475116169964,6.610514884338089,327
3270,16.582383458934977,7.299148924125036,328
3271,16.37493901131555,7.596712242092564,328
3272,16.6879875853416,7.591269541988848,328
3273,16.964262838364753,7.751804175530337,328
3274,16.424869003846773,7.067642891470632,328
3275,16.67784866159002,7.130765761288164,328
3276,16.29502754302863,7.874311694680809,328
3277,16.26696347299597,7.173138865658449,328
3278,16.269627884552882,7.378284023464228,328
3279,16.99787766052946,7.363427774141365,328
3280,16.077169287791225,8.266548400462469,329
3281,16.318195470921882,8.304191152651937,329
3282,16.45415770470893,8.276233208458684,329
3283,16.457863777262965,8.57011731258933,329
3284,16.803186673768803,8.60212912033811,329
3285,16.10650529602884,8.172868861722575,329
3286,16.569889276481998,8.099332423097632,329
3287,16.24174788884587,8.384334608959145,329
3288,16.187762581450528,8.463390232290685,329
3289,16.218007456724088,8.067278801213703,329
3290,16.807777579608445,9.795581453971943,330
3291,16.04500396530139,9.291946856943305,330
3292,16.705990983637665,9.770718045203688,330
3293,16.80260570895353,9.256458522670705,330
3294,16.28746923827841,9.717635578256418,330
3295,16.79433510798406,9.663055324369909,330
3296,16.586352527617425,9.840456301252853,330
3297,16.637329821082055,9.963857825071198,330
3298,16.721094574476496,9.983926303793659,330
3299,16.401778012624906,9.920971968810624,330
3300,16.129683845051606,10.83620395376872,331
3301,16.58834551935214,10.720395113458068,331
3302,16.813861366241625,10.36920058180736,331
3303,16.258487163740806,10.716162093631162,331
3304,16.016187017014648,10.043004964549212,331
3305,16.41791201325124,10.12542626248578,331
3306,16.855191443983536,10.288327719820147,331
3307,16.695840547835818,10.842317508177382,331
3308,16.08001677009916,10.801343141321752,331
3309,16.78617043064129,10.13712089131571,331
3310,16.580876867815984,11.200065707640219,332
3311,16.535124872590572,11.424667980648952,332
3312,16.632947881762913,11.87093166754657,332
3313,16.635779067578728,11.976847452788366,332
3314,16.22725663143965,11.080062277328347,332
3315,16.16692442268829,11.377846239384537,332
3316,16.98439285285441,11.125903151076193,332
3317,16.9033134249174,11.527544168040176,332
3318,16.754610419402347,11.821079053039819,332
3319,16.43098273485885,11.651761201026307,332
3320,16.459171752427327,12.891420575996621,333
3321,16.75817483181518,12.814049250813646,333
3322,16.99022922709573,12.906741295805688,333
3323,16.21460926082213,12.347549475041381,333
3324,16.191565474731565,12.65406614730113,333
3325,16.519601503865164,12.319047435135133,333
3326,16.583236037273725,12.338836004294675,333
3327,16.00167855780707,12.71378044259082,333
3328,16.79392350454193,12.789826503439366,333
3329,16.866949150863775,12.774962051915038,333
3330,16.174454055636676,13.652412512861037,334
3331,16.79048656839138,13.283501825586312,334
3332,16.427570741087795,13.147823301598912,334
3333,16.102486661470312,13.412757929261808,334
3334,16.191482755009424,13.933400359664116,334
3335,16.399109111327064,13.354239420836715,334
3336,16.01364789584759,13.876968282034698,334
3337,16.400914053399273,13.448254491302764,334
3338,16.02178222832578,13.255954126430039,334
3339,16.89866472486709,13.102847532952909,334
3340,16.92559549362577,14.081440830344848,335
3341,16.592399170629495,14.800954693307894,335
3342,16.312258215590763,14.497974984134725,335
3343,16.97454059952904,14.792158200430944,335
3344,16.32712259051294,14.647751100440262,335
3345,16.112400722016144,14.772746064086082,335
3346,16.86466172047483,14.447249527745202,335
3347,16.553820078299204,14.753002256853875,335
3348,16.050049226647044,14.11234209751077,335
3349,16.043766916972157,14.994297227375897,335
3350,16.781256349963545,15.689200695401935,336
3351,16.10740453120795,15.856337528781069,336
3352,16.972761307031483,15.264231472292881,336
3353,16.34334643275521,15.954536314747001,336
3354,16.72636572539933,15.166942211489333,336
3355,16.268122902223492,15.978283197207217,336
3356,16.552588239594986,15.709833025408873,336
3357,16.804381078612586,15.16664934110108,336
3358,16.475766461932295,15.038637138106644,336
3359,16.558056681811486,15.716271467255416,336
3360,16.673190151505,16.95925116315042,337
3361,16.62947564985022,16.38337832884408,337
3362,16.990517630125446,16.57661478880181,337
3363,16.928344397664787,16.50189354464061,337
3364,16.887063364422865,16.71872765346109,337
3365,16.840609086287206,16.386863076509922,337
3366,16.698519371307448,16.500272322789726,337
3367,16.992811191952878,16.290609041263746,337
3368,16.929904724959624,16.949931614112163,337
3369,16.093145412891083,16.90992911679631,337
3370,16.58046662914488,17.474773339023006,338
3371,16.71977037056571,17.450757006631388,338
3372,16.109317542635196,17.718113290521178,338
3373,16.990079870205623,17.637785157662353,338
3374,16.047635028996382,17.194607507189552,338
3375,16.511648338408357,17.89110316455507,338
3376,16.447778650997467,17.81524872145115,338
3377,16.21030750037479,17.172974601739078,338
3378,16.582240882577516,17.367717157851477,338
3379,16.648147409118945,17.770137640986864,338
3380,16.486925587054156,18.326679465827535,339
3381,16.431321374789263,18.235278868794143,339
3382,16.767240177681824,18.472981680767077,339
3383,16.69317459768384,18.117741604906126,339
3384,16.93409473534372,18.430074041997173,339
3385,16.055841223492767,18.45078876204171,339
3386,16.476161105287417,18.56718813818074,339
3387,16.42109733699846,18.33425835818011,339
3388,16.33429830629332,18.20628285686163,339
3389,16.311445039948747,18.592844691379348,339
3390,16.586335186362323,19.20907678403517,340
3391,16.66441193088518,19.716877390307328,340
3392,16.317200151097826,19.536601918560887,340
3393,16.685422684574316,19.90928679910068,340
3394,16.012863262791534,19.659627905606783,340
3395,16.09277780845729,19.78762132128346,340
3396,16.95868644059717,19.703310410560245,340
3397,16.799123443946684,19.21682738661178,340
3398,16.44037049662998,19.71540021729296,340
3399,16.419724230029303,19.186753898371112,340
3400,17.84542994029401,0.26698706730586796,341
3401,17.286865727721985,0.41891570047831683,341
3402,17.921492965476887,0.8285655076207565,341
3403,17.406252071490627,0.558338703194507,341
3404,17.368583018045506,0.5786285674298567,341
3405,17.129922527441483,0.7419153363548442,341
3406,17.94515694771859,0.10541890961391642,341
3407,17.072162502865005,0.1613313511526051,341
3408,17.640784259018137,0.9148094206790602,341
3409,17.8358734740322,0.16196445635449286,341
3410,17.436045488610226,1.665393594797862,342
3411,17.13718770362793,1.2238948277942736,342
3412,17.751308506075592,1.634246501578985,342
3413,17.871110223713934,1.0528618498567082,342
3414,17.077893295468463,1.364555210264907,342
3415,17.86642363395462,1.571309630404913,342
3416,17.568892301014984,1.0056799318748735,342
3417,17.094889104260652,1.7361441243819118,342
3418,17.8214902919362,1.320937045581481,342
3419,17.00805756443554,1.894925428281976,342
3420,17.27629800738865,2.6772088312045863,343
3421,17.215781380317914,2.926792949209837,343
3422,17.131938725406226,2.3641322233692597,343
3423,17.571906143926896,2.935905280922997,343
3424,17.312506890863556,2.298544395417679,343
3425,17.772413811357367,2.4172951520187294,343
3426,17.708869952865992,2.308933906086445,343
3427,17.50742888485214,2.1943802122065685,343
3428,17.43554409249504,2.4862956192598267,343
3429,17.43747852411834,2.8523243256190085,343
3430,17.37415891560315,3.636251126254187,344
3431,17.931455758860068,3.351644536752987,344
3432,17.114339848758146,3.2371808188577473,344
3433,17.076421975498263,3.8640748374124554,344
3434,17.98799430869594,3.4378491559435282,344
3435,17.13255371869302,3.8399873153693322,344
3436,17.213687460269245,3.8557123831201383,344
3437,17.49112466438135,3.2077340561916943,344
3438,17.279622555470873,3.5915215496588955,344
3439,17.33111949902064,3.189441958637345,344
3440,17.973329605959062,4.099849933583486,345
3441,17.54164160908629,4.845701298765892,345
3442,17.59954421676037,4.191646611754285,345
3443,17.44311116301941,4.709400784766534,345
3444,17.12050684151032,4.067428194600009,345
3445,17.070927449142026,4.500624200656459,345
3446,17.889460522303875,4.941658379728277,345
3447,17.285842974683327,4.295717009471155,345
3448,17.26699899108312,4.532973878768679,345
3449,17.189424281319234,4.140360778375311,345
3450,17.856771794427644,5.364492424774295,346
3451,17.984229420922794,5.052765868254653,346
3452,17.579269728143807,5.617138826925249,346
3453,17.711511520188886,5.67030058883254,346
3454,17.489728808804543,5.436426341043806,346
3455,17.709301424293365,5.638271763929233,346
3456,17.040628301559902,5.627088738339454,346
3457,17.67225002767416,5.949370681199161,346
3458,17.187214432582245,5.5594484861086775,346
3459,17.160881151930734,5.8015078140404555,346
3460,17.226748085502702,6.074772509442797,347
3461,17.354248388879974,6.559606112263664,347
3462,17.34621273885567,6.600268552982028,347
3463,17.16788405387211,6.551820638581892,347
3464,17.14832325793767,6.445235367456424,347
3465,17.552440964255453,6.547765049212908,347
3466,17.969601472152014,6.78427996672288,347
3467,17.14465957366953,6.367456549736893,347
3468,17.157242728467708,6.879177232028208,347
3469,17.819122703242613,6.896302752261608,347
3470,17.29305205979385,7.073859139360451,348
3471,17.964024356694786,7.316538126040778,348
3472,17.238875285760077,7.3859304081685435,348
3473,17.006693291352146,7.272395713017173,348
3474,17.243080180159414,7.597686540557439,348
3475,17.774659339171663,7.693200016375185,348
3476,17.69483447985176,7.486454854697465,348
3477,17.505169738537106,7.6083239701236405,348
3478,17.53628275094976,7.96767943457959,348
3479,17.74629135869927,7.546885350898149,348
3480,17.578903521560164,8.612427697765263,349
3481,17.25115260454506,8.312164121371378,349
3482,17.738920298496005,8.595676598113437,349
3483,17.143033899671824,8.927425357259047,349
3484,17.30347551230942,8.79400346373606,349
3485,17.02036081134765,8.386276224692034,349
3486,17.22241733582411,8.833292088721052,349
3487,17.669990859417464,8.724258383017483,349
3488,17.913083996203504,8.487285833678671,349
3489,17.89969776604347,8.535726535849559,349
3490,17.830261684357026,9.828176441376112,350
3491,17.788266046450314,9.111648881707215,350
3492,17.065131380423676,9.278121436251649,350
3493,17.08048018579514,9.09334413489829,350
3494,17.924756778375265,9.77377041243329,350
3495,17.941244865694028,9.134249878590104,350
3496,17.76948872821251,9.453186672335656,350
3497,17.32222340338598,9.467404145206732,350
3498,17.071450760191986,9.992350458650007,350
3499,17.701510181953005,9.033585580048232,350
3500,17.863563035726703,10.070745164778252,351
3501,17.766738088019896,10.630894309457299,351
3502,17.91634842277172,10.568163655154004,351
3503,17.977017157884717,10.69880481568045,351
3504,17.974038103284457,10.882979194176938,351
3505,17.16106649165626,10.820328376918983,351
3506,17.044610070987478,10.766323693082052,351
3507,17.740754881473567,10.966681624906562,351
3508,17.03208868650961,10.627597867718215,351
3509,17.385398465349763,10.552569599307889,351
3510,17.763237424300673,11.586298387975129,352
3511,17.479683905290678,11.645329845921909,352
3512,17.247195649705247,11.14800114680405,352
3513,17.830717346493294,11.710001087543422,352
3514,17.144410526882414,11.628813224832655,352
3515,17.636655867922403,11.1573160845173,352
3516,17.41107387178937,11.046085566291708,352
3517,17.055109821875426,11.76124019520383,352
3518,17.258399414808796,11.150581623434917,352
3519,17.726593818751297,11.298324777230325,352
3520,17.462310326821804,12.4697561553025,353
3521,17.15229956363945,12.714022981766906,353
3522,17.227406080116594,12.11845596451502,353
3523,17.11557001743872,12.079917205333881,353
3524,17.27743158569359,12.615060125162985,353
3525,17.284408576888893,12.011425541017745,353
3526,17.344584220537982,12.13992426528431,353
3527,17.4126386628336,12.00756420713539,353
3528,17.56810162714327,12.984005217618245,353
3529,17.30269454184387,12.625237140406782,353
3530,17.592783165005315,13.406345618130548,354
3531,17.540348533018086,13.943000919559335,354
3532,17.541111675544915,13.429475975455173,354
3533,17.994026725969267,13.137763970515676,354
3534,17.926321500583196,13.496793073991864,354
3535,17.925481522770326,13.990924894408327,354
3536,17.45488229201029,13.18442603342438,354
3537,17.135720816992077,13.571963715643951,354
3538,17.409363313689166,13.51917891280198,354
3539,17.543968129236568,13.932454555148139,354
3540,17.90488181608767,14.485608157098143,355
3541,17.532400604590503,14.225460317315497,355
3542,17.943958627955848,14.502325672027698,355
3543,17.38870843312625,14.36032145747906,355
3544,17.91966363106728,14.007436829603938,355
3545,17.704472215361186,14.287389212654661,355
3546,17.84575505223061,14.847746487468454,355
3547,17.890751525480614,14.936223923513028,355
3548,17.535307250290256,14.409742597383527,355
3549,17.09363267127671,14.29615498073727,355
3550,17.762778132462323,15.80672982505334,356
3551,17.802735763922193,15.491323687852237,356
3552,17.249045951759843,15.236413243966924,356
3553,17.0940528772637,15.93949810890923,356
3554,17.773999853589192,15.01498600008777,356
3555,17.3731550320798,15.45744843688408,356
3556,17.92193662055159,15.426455781025473,356
3557,17.05131055540238,15.199086666442486,356
3558,17.215765406432517,15.525278315442893,356
3559,17.092017008053382,15.145584293199894,356
3560,17.09911089172307,16.45884613257079,357
3561,17.668840423006632,16.015555074852504,357
3562,17.4818115166656,16.454909807262176,357
3563,17.667182602431733,16.777325290914494,357
3564,17.59997721744911,16.85543205342816,357
3565,17.6398863009358,16.627324746772093,357
3566,17.83157816478887,16.428654198611248,357
3567,17.287426549113803,16.82168517570982,357
3568,17.184678945662014,16.871445105790677,357
3569,17.109642382179242,16.30740587423254,357
3570,17.217112624768315,17.60878529880659,358
3571,17.886635895221175,17.53071637079586,358
3572,17.329244069292265,17.8733546244275,358
3573,17.101256186014748,17.82636349450373,358
3574,17.773032006337644,17.792155173651754,358
3575,17.51864023979511,17.2926090321346,358
3576,17.85855039760175,17.507155967334324,358
3577,17.130309581051545,17.795856821455672,358
3578,17.17976103321923,17.903596561112025,358
3579,17.459232874770112,17.38390966510197,358
3580,17.16145242200434,18.264066571506213,359
3581,17.296695714193064,18.083573292748383,359
3582,17.975913539990707,18.54441386156836,359
3583,17.813359205044957,18.242958427965092,359
3584,17.470019982668344,18.108084399122735,359
3585,17.356830788166178,18.534893693368183,359
3586,17.590990694886642,18.81225164993815,359
3587,17.912011394603827,18.071474180613563,359
3588,17.284240057636616,18.4489977212014,359
3589,17.188949935783327,18.635330909851163,359
3590,17.892740619327892,19.332696453462376,360
3591,17.05360970982947,19.338742768978307,360
3592,17.65259857590706,19.589953940355482,360
3593,17.79597063134392,19.182493963674084,360
3594,17.373476881359114,19.494723007705705,360
3595,17.370018558291488,19.462935677060997,360
3596,17.112196183065567,19.088274186875427,360
3597,17.585222350178178,19.30184872382183,360
3598,17.700825490646434,19.472636901140657,360
3599,17.20493464347737,19.623309023453363,360
3600,18.696854638580785,0.0694476487706871,361
3601,18.693938639796748,0.4399352834774637,361
3602,18.82086692510712,0.4678711955990086,361
3603,18.64186120844169,0.4651543248109111,361
3604,18.077962219202835,0.16464187131573627,361
3605,18.909783325137795,0.48077243518564117,361
3606,18.625320266888895,0.4249858421168703,361
3607,18.36130174989696,0.53718873109674,361
3608,18.95599308005177,0.31816445939515736,361
3609,18.358176990446715,0.15211024972801834,361
3610,18.03236715434914,1.126443635503656,362
3611,18.399450086285622,1.3964958225619497,362
3612,18.897594094539823,1.4052870621982747,362
3613,18.923982587069727,1.3676834137205938,362
3614,18.056548881035777,1.7937644925184837,362
3615,18.136071170866927,1.7511742673684374,362
3616,18.864542865111105,1.634763016492252,362
3617,18.92868163522359,1.1173745398472852,362
3618,18.032391426253906,1.8076921746396568,362
3619,18.271093361854177,1.4447962309660922,362
3620,18.112772981146264,2.2595357089985857,363
3621,18.224025487799988,2.207371573611703,363
3622,18.133704088495485,2.0229564917337424,363
3623,18.317409378823516,2.9879295459821305,363
3624,18.40561507596057,2.447752762656722,363
3625,18.25230432702165,2.7499049628797305,363
3626,18.63502875021555,2.0473299749060025,363
3627,18.759632884769864,2.136230110944767,363
3628,18.188151826629838,2.0146599242792322,363
3629,18.549615753934145,2.5547104472686257,363
3630,18.408669892875466,3.837457357945918,364
3631,18.407228159475046,3.2101498426277084,364
3632,18.33605041883399,3.272237228295985,364
3633,18.443550363107054,3.1946370443809027,364
3634,18.645703994010116,3.24475638006424,364
3635,18.193240249884624,3.8836178402527173,364
3636,18.81479266974981,3.695973369454635,364
3637,18.432109719064574,3.8498877479028586,364
3638,18.93927093792169,3.1855287815063464,364
3639,18.483843682455188,3.6147328082129824,364
3640,18.983646953884886,4.032767239949167,365
3641,18.654457490687832,4.05523289173487,365
3642,18.555591953949545,4.970976473322426,365
3643,18.10966293993364,4.908983554110598,365
3644,18.303698550247745,4.6130196554066,365
3645,18.4276524629912,4.561944772933147,365
3646,18.420197232608345,4.155996684202451,365
3647,18.610930246358198,4.7454756377293545,365
3648,18.161193080644928,4.066554140722063,365
3649,18.18467275824437,4.580424246980943,365
3650,18.604139753365498,5.9763656342674505,366
3651,18.903083560904765,5.2084299371858505,366
3652,18.175014242848984,5.661798340769089,366
3653,18.216605512450794,5.577093551800822,366
3654,18.320542493749144,5.000507250576055,366
3655,18.422828918726537,5.6150926924486395,366
3656,18.24759161032038,5.05961518643657,366
3657,18.79715799702643,5.875933347356469,366
3658,18.672907976900493,5.460024278410409,366
3659,18.026064296405064,5.035533721503765,366
3660,18.151076402867442,6.988240770901643,367
3661,18.69629011021482,6.851145552997835,367
3662,18.818735203776505,6.895828976000967,367
3663,18.153298948394987,6.495989694627877,367
3664,18.706816700495818,6.383125944459744,367
3665,18.292943700615282,6.295453014517402,367
3666,18.101816320548103,6.71676800734467,367
3667,18.999618031546515,6.949903546649315,367
3668,18.289639630954934,6.637863091812771,367
3669,18.280760748332114,6.980237148107849,367
3670,18.570138860365265,7.504917639619975,368
3671,18.122269296201612,7.103704603072828,368
3672,18.456080785762513,7.950711514290016,368
3673,18.805004989275414,7.9623077836677245,368
3674,18.59242944272049,7.429216143812519,368
3675,18.818574027275844,7.013508887126525,368
3676,18.709743500179,7.2159006081117205,368
3677,18.11141498477272,7.751108262553232,368
3678,18.751604398710604,7.095191523775389,368
3679,18.232028670191198,7.539659526571648,368
3680,18.025813884710917,8.436307766230108,369
3681,18.53110069940745,8.667404493439962,369
3682,18.578232217277137,8.603206546470053,369
3683,18.93484112470849,8.158178485602095,369
3684,18.299078894166005,8.310509548746099,369
3685,18.040377131308283,8.655458706372665,369
3686,18.864268264075626,8.154472001092314,369
3687,18.720412545828893,8.655146173627733,369
3688,18.384253316694892,8.923616344826678,369
3689,18.29265820694853,8.005596256889064,369
3690,18.976597723825435,9.341918087874854,370
3691,18.567200705982057,9.199860576275592,370
3692,18.98931071040116,9.128059058423347,370
3693,18.599479653199335,9.48659576170422,370
3694,18.903661410896444,9.43214299147597,370
3695,18.76794802207758,9.091476366539123,370
3696,18.801006161430518,9.686587216385922,370
3697,18.186246153148296,9.577838502290435,370
3698,18.715905636239768,9.00971053508874,370
3699,18.966137461714922,9.295171256282785,370
3700,18.16638065398819,10.1783684847899,371
3701,18.20861875510197,10.389613482986958,371
3702,18.32710378130839,10.150666471769144,371
3703,18.7912120906089,10.044497722884145,371
3704,18.34625326191179,10.224576118047793,371
3705,18.944673883435613,10.039541136057402,371
3706,18.31069693369524,10.226059151354722,371
3707,18.47105790810389,10.262486292505718,371
3708,18.780944034242,10.440841609670608,371
3709,18.910980134362696,10.156136833851114,371
3710,18.737978212745784,11.894886818993387,372
3711,18.679104098713086,11.784109589361536,372
3712,18.34395455504099,11.145005146208755,372
3713,18.35548285417582,11.413784901040971,372
3714,18.82856130370365,11.637461745192265,372
3715,18.916106098932694,11.008128300048142,372
3716,18.801013322110045,11.048735846982193,372
3717,18.621956020281633,11.128129435902048,372
3718,18.14696395715691,11.915000756040563,372
3719,18.10597688565789,11.557615510745949,372
3720,18.613536585658583,12.247276349443649,373
3721,18.00450599194402,12.766805301284116,373
3722,18.218776879466944,12.638644853385689,373
3723,18.249002880166323,12.430790519369152,373
3724,18.49068343663484,12.060579778390661,373
3725,18.916197872178802,12.995477507881828,373
3726,18.176311057731567,12.953822228150763,373
3727,18.23899612324383,12.68477874394093,373
3728,18.79833774832177,12.539904309559386,373
3729,18.55939283178962,12.722080694841145,373
3730,18.16343156604314,13.347020745334842,374
3731,18.508984590472068,13.417259850059294,374
3732,18.945290978822023,13.058481449536425,374
3733,18.201991892934803,13.306956229592869,374
3734,18.14365108701108,13.185015177897242,374
3735,18.055583358620275,13.572367025011621,374
3736,18.389025600037275,13.070627663185892,374
3737,18.193910611647297,13.329585317340241,374
3738,18.441048321101622,13.269057880607981,374
3739,18.480884970731967,13.746503151477715,374
3740,18.919838107865736,14.733950195314561,375
3741,18.665007607660865,14.771110912939072,375
3742,18.469647691412682,14.260092869716727,375
3743,18.011786347128073,14.48387728463011,375
3744,18.021996198130502,14.562325269909723,375
3745,18.98875271912034,14.41974677755081,375
3746,18.923843474898227,14.256545572250095,375
3747,18.488453193211583,14.617429961568995,375
3748,18.990110690777044,14.796726651839963,375
3749,18.11495787727052,14.731027197615179,375
3750,18.990189717378154,15.397011456235623,376
3751,18.090297548236418,15.127669909519462,376
3752,18.82735910326068,15.929830465259602,376
3753,18.9007573185987,15.061026479897977,376
3754,18.653482967173016,15.270797065678845,376
3755,18.000170402369438,15.601020152877071,376
3756,18.019873558091938,15.748432499932923,376
3757,18.609346877769948,15.35709065568098,376
3758,18.993125953229054,15.142868651757933,376
3759,18.051818861685103,15.921899126521756,376
3760,18.141652457619884,16.737112816914603,377
3761,18.761008152928902,16.917678484504375,377
3762,18.537738332396582,16.815244468451755,377
3763,18.02688179280583,16.432772455480528,377
3764,18.334419404255065,16.812375492463406,377
3765,18.600048182622476,16.97913042065963,377
3766,18.335120402902373,16.14743466417569,377
3767,18.93399495828545,16.55764006787881,377
3768,18.46840929364016,16.153388982966405,377
3769,18.656017175091517,16.067513978436068,377
3770,18.75161066224116,17.202293870868058,378
3771,18.884011763213508,17.134995298061487,378
3772,18.677713322693503,17.483319580381053,378
3773,18.6881459844098,17.26962192961816,378
3774,18.170464188403272,17.746172849519652,378
3775,18.165305572828842,17.201130283755358,378
3776,18.874172404888956,17.530167021955986,378
3777,18.251442507406818,17.037148553290756,378
3778,18.70037055812692,17.39442107602118,378
3779,18.92524819719414,17.855093533309237,378
3780,18.603323057840658,18.037876554281528,379
3781,18.326701113148893,18.671689243231626,379
3782,18.242959416305716,18.60993150263067,379
3783,18.706353741666586,18.699216236429994,379
3784,18.72569094253422,18.563417829965996,379
3785,18.299480222589064,18.559763631543117,379
3786,18.71065448371561,18.608527635589013,379
3787,18.6558264575925,18.571986690097063,379
3788,18.337318770321293,18.073391301753144,379
3789,18.056869922085863,18.69852237914762,379
3790,18.384233930675677,19.640526421576862,380
3791,18.526609112870936,19.867865057812725,380
3792,18.889087945846377,19.658354220669708,380
3793,18.30550010056155,19.458389330578676,380
3794,18.240080080443473,19.427440104633785,380
3795,18.02612780125426,19.849358827040188,380
3796,18.735791814448657,19.131856803105393,380
3797,18.971793448890583,19.296347105160084,380
3798,18.324704867063073,19.563316321188978,380
3799,18.15375006422248,19.938350864892115,380
3800,19.04069183072025,0.715434964239072,381
3801,19.118861642312375,0.23099627633908837,381
3802,19.526464772327984,0.5630705775381241,381
3803,19.58399329456985,0.3595520437828351,381
3804,19.604645612443317,0.625297311011866,381
3805,19.69843817495937,0.886260393928571,381
3806,19.29914191751832,0.8789025342774709,381
3807,19.286545736044946,0.5969716635192253,381
3808,19.945328231990157,0.42932991097964757,381
3809,19.57837112491729,0.2684920257840774,381
3810,19.616239487645142,1.6628788670413734,382
3811,19.375561325253624,1.2679928544676757,382
3812,19.440634559093013,1.7323720123513158,382
3813,19.591242982613725,1.215775582289354,382
3814,19.403872387601677,1.2462162755235802,382
3815,19.276055699782322,1.5344258192544302,382
3816,19.699044116917012,1.439865063862523,382
3817,19.462353685270493,1.89574148664066,382
3818,19.15164810076022,1.4792160228929931,382
3819,19.593117847103244,1.3386904495315135,382
3820,19.25006794228234,2.7380320272826615,383
3821,19.922365590922173,2.746097802409837,383
3822,19.833047885201637,2.759893633432813,383
3823,19.172140696871985,2.669121734747851,383
3824,19.47602654083039,2.1326242031468277,383
3825,19.471468324789576,2.458147206278034,383
3826,19.97332144243637,2.550682514560904,383
3827,19.17380662285277,2.32333049914084,383
3828,19.089225915713875,2.4016552169113736,383
3829,19.58066723344948,2.9452613852454173,383
3830,19.965114617664426,3.8895707794580145,384
3831,19.162509869921415,3.287596512787103,384
3832,19.10795125179741,3.993708346589898,384
3833,19.340271274308908,3.9353205218172436,384
3834,19.849844040953347,3.570895722938256,384
3835,19.488462347244482,3.3268074282442117,384
3836,19.668767303823277,3.805959697845761,384
3837,19.72508795555376,3.3979447167453944,384
3838,19.832041868678225,3.672194177686243,384
3839,19.12082966905823,3.8591493425778283,384
3840,19.485354886926153,4.982284524779801,385
3841,19.085678622228055,4.945189891327779,385
3842,19.418999317888147,4.265750083262043,385
3843,19.934063175100558,4.88500685894981,385
3844,19.693152987492198,4.335774816988872,385
3845,19.142685125865405,4.3163656718666195,385
3846,19.31006777491696,4.565836876944173,385
3847,19.47775636516635,4.514511521114222,385
3848,19.14236282394151,4.01101307574635,385
3849,19.695908245020416,4.248147454795793,385
3850,19.28030652302703,5.009688531239455,386
3851,19.3694119869591,5.273440422779314,386
3852,19.824507617303077,5.390160729460942,386
3853,19.378058407123795,5.165451853338204,386
3854,19.655212596242205,5.1834514418296695,386
3855,19.932163433914514,5.806470951695019,386
3856,19.93975152193353,5.04655732916606,386
3857,19.268320155569775,5.297883642007378,386
3858,19.42139943535513,5.179049282671219,386
3859,19.583567874789665,5.781157223370291,386
3860,19.498687231242567,6.878725488128274,387
3861,19.86483379733173,6.226289253841776,387
3862,19.89359684473167,6.597646050501072,387
3863,19.38204955635555,6.39937292720991,387
3864,19.52388973541496,6.170483433490016,387
3865,19.226129833476005,6.233436727612772,387
3866,19.48304557335017,6.36470784690494,387
3867,19.695441165930504,6.972914190054933,387
3868,19.8746696331245,6.607471815811394,387
3869,19.516587248460333,6.827340520230964,387
3870,19.794556139529302,7.640306716578918,388
3871,19.374184660149027,7.384800621430554,388
3872,19.401254533687222,7.75205510643516,388
3873,19.742546776333317,7.318193332743849,388
3874,19.770515167565566,7.083655829444362,388
3875,19.83059063817912,7.75093315261078,388
3876,19.77016246001467,7.995807650068405,388
3877,19.993628996015804,7.44594767776391,388
3878,19.885937253688347,7.116088907583316,388
3879,19.308709729993073,7.570885639080997,388
3880,19.71028764751132,8.873209669963051,389
3881,19.585599575617017,8.453364496699871,389
3882,19.955467865833924,8.392359959976007,389
3883,19.633313191604046,8.58329169061179,389
3884,19.6983308657562,8.838373623167909,389
3885,19.0950972703124,8.61804874812011,389
3886,19.42459797598605,8.361725487288254,389
3887,19.80790410961234,8.983211973115985,389
3888,19.18644890051151,8.698260922749478,389
3889,19.692003592626456,8.8715137883943,389
3890,19.832565878145772,9.581580804266464,390
3891,19.344526244232554,9.310613967151,390
3892,19.33261425256043,9.826366556646235,390
3893,19.425748118744053,9.406721210416357,390
3894,19.79793830634787,9.431977210029437,390
3895,19.74698206788308,9.296011273530901,390
3896,19.384121741560875,9.296263520949697,390
3897,19.734397272012178,9.13841338006194,390
3898,19.71533223412439,9.182907522027467,390
3899,19.366990683690055,9.942833768203881,390
3900,19.684116364946238,10.530836530631271,391
3901,19.047831234866738,10.723699300973733,391
3902,19.029496692671206,10.554497819884629,391
3903,19.287859647448087,10.94701608231014,391
3904,19.945001733796634,10.140888176195773,391
3905,19.523301959332326,10.75864221689015,391
3906,19.959372299445324,10.22975239126298,391
3907,19.874567000677285,10.100886537078313,391
3908,19.63053089745533,10.88976403072573,391
3909,19.66562932376938,10.658267511883167,391
3910,19.727761471507478,11.535591436137846,392
3911,19.047684062925676,11.558074384172489,392
3912,19.7103586060302,11.327243442135634,392
3913,19.874216206070944,11.319423701363949,392
3914,19.598219512726153,11.277300715452762,392
3915,19.184804873723635,11.442805232874667,392
3916,19.773481264291174,11.745112905463744,392
3917,19.809706470935012,11.605957386184937,392
3918,19.524031731531213,11.711610185239646,392
3919,19.926338767651963,11.388453086078684,392
3920,19.892336150325725,12.58164910954562,393
3921,19.363003070074853,12.74506220082894,393
3922,19.811571064391902,12.298771886997317,393
3923,19.349757468171916,12.242933122151403,393
3924,19.167187808244957,12.629627320019704,393
3925,19.963470629788105,12.989104080953728,393
3926,19.669800672672814,12.178270009114092,393
3927,19.454419811314096,12.331086007518103,393
3928,19.870315981583314,12.753219496186187,393
3929,19.966837360551068,12.371794818089345,393
3930,19.07500501034127,13.69746451136655,394
3931,19.115451530007984,13.351101334655686,394
3932,19.041035982733288,13.586977387237264,394
3933,19.018334630560236,13.828036142097142,394
3934,19.589114586719084,13.93417307992025,394
3935,19.89906384252755,13.39109941130703,394
3936,19.344239615536104,13.263550140938927,394
3937,19.009233899827482,13.740055114199969,394
3938,19.680720026396436,13.373466686485955,394
3939,19.565771279020822,13.711491174011616,394
3940,19.013806587924016,14.202327178008085,395
3941,19.82364960513152,14.007508259395657,395
3942,19.586947659020023,14.407059961829319,395
3943,19.35472655708111,14.714477134589924,395
3944,19.284268334042935,14.822587095283279,395
3945,19.067649198805203,14.295244127647928,395
3946,19.05075292985398,14.481342997668891,395
3947,19.029004756622278,14.928003614565867,395
3948,19.497199838305082,14.523356764937546,395
3949,19.067241074214916,14.513228362120161,395
3950,19.557512932961547,15.214905810348826,396
3951,19.119731360225245,15.073439900102372,396
3952,19.144652224341954,15.59935899623707,396
3953,19.800916052959938,15.039574047590879,396
3954,19.971647269456348,15.791617480499239,396
3955,19.794794499574337,15.220058919928542,396
3956,19.534925054773026,15.16812761171234,396
3957,19.05282948865201,15.18349035749744,396
3958,19.03052409610298,15.591195515952464,396
3959,19.96846679677057,15.288580546737798,396
3960,19.33877446419279,16.9678945684461,397
3961,19.795918583130014,16.626478546582224,397
3962,19.703923921280644,16.112043461789437,397
3963,19.94460015586155,16.99852823961195,397
3964,19.610192393977403,16.471539592102793,397
3965,19.070369695856332,16.608281190065526,397
3966,19.16639332044072,16.017255282439255,397
3967,19.299598641110684,16.014624090596076,397
3968,19.22484559334102,16.15382845389254,397
3969,19.164910620831602,16.679021755499015,397
3970,19.596702433124417,17.593111673216256,398
3971,19.21517539049822,17.881786863941592,398
3972,19.337145875069456,17.364987728283264,398
3973,19.434350163020717,17.240493884263415,398
3974,19.278942161344116,17.502099769018464,398
3975,19.415403116453486,17.383314969362083,398
3976,19.40105357263329,17.720593835652966,398
3977,19.412361601245717,17.056540992633956,398
3978,19.853754243549307,17.176775477853944,398
3979,19.134374051173662,17.122752707045663,398
3980,19.44451812174786,18.384876625810726,399
3981,19.982686284205958,18.20281310317143,399
3982,19.77889289187526,18.456316396045345,399
3983,19.257354898268364,18.409659761074128,399
3984,19.569888203708413,18.65756488512155,399
3985,19.725050992073363,18.835733902571462,399
3986,19.027959751786735,18.048617610955848,399
3987,19.19367571318111,18.656345253469276,399
3988,19.184723180097947,18.223565245374495,399
3989,19.595588916427943,18.702933604836737,399
3990,19.9836238514602,19.653113462925468,400
3991,19.543396139852273,19.61829075694058,400
3992,19.58476244467917,19.197951086694125,400
3993,19.92990330343344,19.540267249671036,400
3994,19.481833589777114,19.152263466712277,400
3995,19.73230687288184,19.706688373596922,400
3996,19.748710408400704,19.27716571429676,400
3997,19.040673069375508,19.05340096168902,400
3998,19.928978738793344,19.968754844249926,400
3999,19.38014775131685,19.63240478520654,400
4000,20.331173361074246,0.02913623568191126,401
4001,20.130596548837453,0.6869480990706494,401
4002,20.629014531072965,0.5499728927843238,401
4003,20.093880878235257,0.9253936029561423,401
4004,20.3180828757674,0.8670416593057283,401
4005,20.372757345347384,0.26104174430350857,401
4006,20.54574756318029,0.5557649752436201,401
4007,20.92585803008048,0.908799134009293,401
4008,20.42557714312004,0.527770205408608,401
4009,20.32441024637052,0.3599162956180887,401
4010,20.57139711311299,1.5227941338698554,402
4011,20.433475693413005,1.6529126716998785,402
4012,20.130754677178917,1.461933416814827,402
4013,20.707469907998536,1.0970418331823444,402
4014,20.568164157916282,1.6911080552563624,402
4015,20.21849526964135,1.8701992208935119,402
4016,20.939227005121207,1.432640551765094,402
4017,20.69038403765297,1.7975623807599614,402
4018,20.92303998706333,1.4307245619523394,402
4019,20.296339854538346,1.9283725758682266,402
4020,20.849868466287724,2.2127142677318403,403
4021,20.24884045168356,2.1590395475141255,403
4022,20.44829924333772,2.6642415334214635,403
4023,20.749109425314906,2.8486879606339013,403
4024,20.077404376422958,2.2136690869723985,403
4025,20.78304476413641,2.0583232190397442,403
4026,20.443731755781073,2.2821924464046646,403
4027,20.693353710710877,2.4351899525461693,403
4028,20.6487900916108,2.454665994863527,403
4029,20.33522378492363,2.8626239013227397,403
4030,20.81579185621872,3.4164475083908727,404
4031,20.8849419413265,3.4815635237141995,404
4032,20.17008399262906,3.4385515649276153,404
4033,20.84650521114264,3.663127310604593,404
4034,20.497622878116257,3.7762090964026642,404
4035,20.64433256137877,3.0304433425678634,404
4036,20.264336616357948,3.000955087295128,404
4037,20.861640285802586,3.622518862774886,404
4038,20.909177277740486,3.2218686799321006,404
4039,20.824751118446866,3.5745859593249443,404
4040,20.386554535965093,4.976440173174975,405
4041,20.11124704317883,4.795814893983331,405
4042,20.206837171224713,4.599613801932762,405
4043,20.395666257862942,4.29404210734547,405
4044,20.752991995775496,4.0903451748050115,405
4045,20.76877737994289,4.515587428031045,405
4046,20.894087348634063,4.429815556687142,405
4047,20.651584456126166,4.46526976892177,405
4048,20.33049181749233,4.128416194429988,405
4049,20.002164577248248,4.81759677465149,405
4050,20.547917033391617,5.8990122850833595,406
4051,20.028178534495517,5.5664147507552455,406
4052,20.324423365950153,5.080052944399123,406
4053,20.35093883084165,5.358470185666989,406
4054,20.801421344172326,5.867673479665289,406
4055,20.50724138264599,5.459345290439386,406
4056,20.478831789472093,5.103015676685987,406
4057,20.74501190559442,5.3188521332993846,406
4058,20.965482018462993,5.909695744378495,406
4059,20.204003236633188,5.114161029728798,406
4060,20.00538230202081,6.531006868714957,407
4061,20.89987571382552,6.9826090113329125,407
4062,20.531476522997743,6.920306771807102,407
4063,20.907373990771188,6.45052430204907,407
4064,20.9677824657172,6.383824071541501,407
4065,20.795613122167033,6.449926773483207,407
4066,20.317803207719685,6.267227812142308,407
4067,20.32839074221969,6.644757689157694,407
4068,20.21434344368901,6.905996258271847,407
4069,20.516232156482697,6.496969410235062,407
4070,20.9617864241861,7.516720875488124,408
4071,20.997809426485738,7.840192940813651,408
4072,20.41771969722314,7.570247310937067,408
4073,20.096506589368612,7.188809890331024,408
4074,20.660409267537634,7.799421530223058,408
4075,20.381296919435215,7.098385189189656,408
4076,20.89444246641651,7.72188040724733,408
4077,20.530703560644856,7.611740502077392,408
4078,20.16133152148813,7.070104304787058,408
4079,20.902713928038416,7.235796782479742,408
4080,20.47798024735366,8.790856485349838,409
4081,20.55772549209119,8.807620325678226,409
4082,20.168710403127527,8.086202017098817,409
4083,20.408942932125477,8.782267528637755,409
4084,20.960060043383287,8.550993326919283,409
4085,20.71040461872253,8.63595337845514,409
4086,20.652127521055146,8.113677377660848,409
4087,20.92469477847451,8.668879735259921,409
4088,20.670269278854406,8.560867348341143,409
4089,20.103966322296102,8.256795199048408,409
4090,20.459708841957113,9.67244697406414,410
4091,20.757212997995843,9.01731326838078,410
4092,20.965382309037416,9.607858783184865,410
4093,20.05254613077741,9.889792345626116,410
4094,20.612253576374513,9.518721735902634,410
4095,20.87518153258815,9.084408235223375,410
4096,20.11712015539033,9.671400696379207,410
4097,20.569236206592105,9.411889963768854,410
4098,20.277458640324838,9.880050800009611,410
4099,20.756135875315337,9.003790098844119,410
4100,20.220174588858715,10.479307152781276,411
4101,20.543720481280506,10.909483386576673,411
4102,20.010952165898207,10.742747528609467,411
4103,20.432746566281903,10.165918811059752,411
4104,20.680383093531724,10.614833597890538,411
4105,20.788793874952106,10.582911338773492,411
4106,20.29174464684409,10.828838079689481,411
4107,20.16969740064191,10.64911026600476,411
4108,20.024478798500063,10.638538132841568,411
4109,20.331072863360394,10.015548215371675,411
4110,20.00774560054765,11.240784117698524,412
4111,20.72369139117953,11.24128228527063,412
4112,20.68467167960881,11.777792866046232,412
4113,20.285261486937767,11.221318734213165,412
4114,20.132169671054125,11.394704358477865,412
4115,20.175909874214362,11.47978392158574,412
4116,20.44690059126917,11.624798898053772,412
4117,20.650931394838906,11.201723832306806,412
4118,20.202440936847985,11.035743895546998,412
4119,20.69750462714056,11.350511271667038,412
4120,20.400741010485593,12.341826526310278,413
4121,20.45054069191718,12.946444312895048,413
4122,20.036237172237737,12.14665591221261,413
4123,20.86040377686986,12.55904673097895,413
4124,20.57823402583533,12.88555923937702,413
4125,20.411014622536502,12.733873733587497,413
4126,20.432305078126966,12.35651977181101,413
4127,20.50535687395893,12.58553496749352,413
4128,20.362762050911442,12.937585014355996,413
4129,20.80850481761335,12.864762153766868,413
4130,20.904248409245284,13.81609082125327,414
4131,20.418502795280947,13.732494386088016,414
4132,20.0494776921721,13.629534905921401,414
4133,20.984892777930444,13.807486129655373,414
4134,20.328323093211722,13.356858943356864,414
4135,20.072071993237785,13.699155073061895,414
4136,20.592458411638564,13.409157840291149,414
4137,20.589143342787168,13.028934664815868,414
4138,20.584315059135527,13.018055902953078,414
4139,20.234875089830354,13.887172750782774,414
4140,20.954356901576016,14.189776784240957,415
4141,20.740151931909242,14.933287379340392,415
4142,20.489218091002506,14.512071541368577,415
4143,20.882173254175733,14.743184339413684,415
4144,20.258527744538323,14.367450683029443,415
4145,20.192063705301344,14.307167165795917,415
4146,20.75598740839957,14.755175457301513,415
4147,20.48503253206328,14.541922222229049,415
4148,20.27865996355194,14.329537348875753,415
4149,20.827850287743534,14.70019990770551,415
4150,20.186321197506242,15.258071521587276,416
4151,20.275401232402526,15.895792616132344,416
4152,20.777486000382535,15.697068713149163,416
4153,20.642328439386905,15.931394088852787,416
4154,20.26810488185731,15.773704694509597,416
4155,20.037410985866796,15.758615894515003,416
4156,20.7274167829482,15.770905313258329,416
4157,20.684819084012137,15.185014604290625,416
4158,20.979665412442163,15.16825078685014,416
4159,20.648868744317003,15.45846980804385,416
4160,20.51067564277867,16.460476985957428,417
4161,20.64020668206458,16.61367569658757,417
4162,20.3794181894438,16.91038457555887,417
4163,20.313795801340703,16.368011492574322,417
4164,20.96617736237578,16.34499213377084,417
4165,20.835327063544774,16.276680075462288,417
4166,20.65922958821281,16.451859001939617,417
4167,20.39083411220939,16.74854402814485,417
4168,20.39115401749296,16.54324603072074,417
4169,20.717753518921874,16.400804035803283,417
4170,20.31115548024373,17.64665463628977,418
4171,20.257652039213177,17.442984539103442,418
4172,20.89982160098665,17.625889105942942,418
4173,20.922050054165656,17.01031904893554,418
4174,20.619611427716467,17.26822498749434,418
4175,20.48807630695851,17.399290449089097,418
4176,20.414654009689052,17.37935563539545,418
4177,20.87103192162712,17.557444824332546,418
4178,20.68964234349084,17.18588788583392,418
4179,20.63350644381158,17.508466815121793,418
4180,20.736245893984417,18.191347529642027,419
4181,20.75589565843462,18.513045243454105,419
4182,20.294342106736902,18.775657620045077,419
4183,20.333039571745903,18.59471430570763,419
4184,20.318464132717907,18.032139356531307,419
4185,20.904204383562586,18.956849461213558,419
4186,20.363335962335285,18.862053745603834,419
4187,20.817244383367036,18.479377517673107,419
4188,20.464586389232217,18.61488991666951,419
4189,20.92791766678287,18.835027918487402,419
4190,20.973560704025914,19.42172290196044,420
4191,20.757761075162897,19.125275508667745,420
4192,20.739929643010406,19.376051410157245,420
4193,20.80654822529093,19.72518804139984,420
4194,20.827682424716542,19.310608069260432,420
4195,20.284090820484522,19.353658627049533,420
4196,20.657736685303053,19.514740791312864,420
4197,20.555766399411834,19.78991518936832,420
4198,20.53486440083911,19.35998594870594,420
4199,20.456401965606645,19.04155441275254,420
4200,21.273062725475334,0.6933307646668142,421
4201,21.68349675838292,0.4757468872387639,421
4202,21.921755338646843,0.14117507696457665,421
4203,21.522484195450833,0.23866385881978325,421
4204,21.23187480630596,0.6728964100868667,421
4205,21.622517563108897,0.23242020779550665,421
4206,21.121378404738852,0.04136069348760674,421
4207,21.22680755923551,0.5641168052936671,421
4208,21.16064119899166,0.8036997607565103,421
4209,21.84029736456556,0.9798526367995265,421
4210,21.881830426642626,1.5939855075842724,422
4211,21.362035591646034,1.4988162966419387,422
4212,21.18505316403787,1.8907051655706613,422
4213,21.36128737301872,1.4577782847944514,422
4214,21.982799975238144,1.6144519462174014,422
4215,21.826715395748916,1.398987855188828,422
4216,21.07895569820004,1.695666988762686,422
4217,21.71331488188526,1.2920804257465544,422
4218,21.1275137707098,1.5913538369454603,422
4219,21.774763656851597,1.157151833680437,422
4220,21.327820682301066,2.8546132741781722,423
4221,21.936359881489356,2.954446696922485,423
4222,21.688643869149477,2.1911093337583587,423
4223,21.38076352737833,2.4675007852401594,423
4224,21.70376000814751,2.0345340462426287,423
4225,21.85132890854762,2.9195527999621826,423
4226,21.108590731648512,2.9410744885470654,423
4227,21.56379493063428,2.8325026346051887,423
4228,21.803074912988805,2.6890513942385934,423
4229,21.592209500692995,2.1963757657398557,423
4230,21.456810918474805,3.0065521213880495,424
4231,21.54795344119005,3.702804162796085,424
4232,21.74376003002526,3.7345974403552558,424
4233,21.2635562961831,3.1026530401442463,424
4234,21.544313538008364,3.794263828056258,424
4235,21.790174488034626,3.1910810866125225,424
4236,21.48723106361059,3.8784157332566203,424
4237,21.95322633525024,3.5251544561944392,424
4238,21.31079675574731,3.761635695965291,424
4239,21.678115300622018,3.1831242720013573,424
4240,21.614664246209113,4.6651216982751444,425
4241,21.885677140927548,4.284344343251232,425
4242,21.350917695081588,4.520820207264145,425
4243,21.08194027917982,4.542569634132627,425
4244,21.49212098757856,4.98146635818564,425
4245,21.298686854458854,4.247601981292271,425
4246,21.96076849331488,4.689246540079758,425
4247,21.71872451669758,4.993861240136158,425
4248,21.941047679679702,4.867448261162697,425
4249,21.873758746483276,4.209061091912609,425
4250,21.787803573278048,5.954878867867431,426
4251,21.100005653261384,5.241222459296347,426
4252,21.17462125414366,5.027537263614651,426
4253,21.72739966775311,5.122706454534819,426
4254,21.607232136851476,5.009090798335729,426
4255,21.162812824096015,5.172120368194623,426
4256,21.766521530840105,5.2670346662190495,426
4257,21.76703341243621,5.455867474817414,426
4258,21.758374779126754,5.818263141908391,426
4259,21.611710355876966,5.8986598163852735,426
4260,21.866691479117655,6.353504689467871,427
4261,21.17136834477371,6.4464045267681085,427
4262,21.165095033037446,6.241921987206782,427
4263,21.353082430099736,6.8969364876902155,427
4264,21.65538416124219,6.230874405029839,427
4265,21.632511747512044,6.295636509191024,427
4266,21.34660856027039,6.148919016290675,427
4267,21.695800123994964,6.113325383359064,427
4268,21.20948215238923,6.666971156751464,427
4269,21.49796459204286,6.233722009627,427
4270,21.052100135056357,7.3101408107615935,428
4271,21.906471217331546,7.275540947779986,428
4272,21.659219924018924,7.703296845602895,428
4273,21.671560951007283,7.750140637174731,428
4274,21.583571113354353,7.093682094382681,428
4275,21.03197427351762,7.136833378951606,428
4276,21.12757146534337,7.310977459606081,428
4277,21.517421792086168,7.562870117103262,428
4278,21.344662881683938,7.412059319126529,428
4279,21.71710393840977,7.600663911284462,428
4280,21.84758330757599,8.549278658644491,429
4281,21.06582255982534,8.566584094141316,429
4282,21.933489667176104,8.084920847618108,429
4283,21.55986336870857,8.00379709094397,429
4284,21.098527141335317,8.92357414136552,429
4285,21.247937010911944,8.325869552660679,429
4286,21.603455628040287,8.840799602082075,429
4287,21.090316946340085,8.606258667598349,429
4288,21.579810913597225,8.312843344822346,429
4289,21.05209886680174,8.689455409655235,429
4290,21.951757875380085,9.957481699649474,430
4291,21.323702943111194,9.151834208278483,430
4292,21.337708191195087,9.985489468054777,430
4293,21.13336319486978,9.3601165311171,430
4294,21.710914076592037,9.961934326952264,430
4295,21.376990456706466,9.30045280966207,430
4296,21.486180731343417,9.5510407150643,430
4297,21.292463788215528,9.183966522909639,430
4298,21.86670360407794,9.824665772702122,430
4299,21.254132923946408,9.750742220121582,430
4300,21.299554296975067,10.318976308463235,431
4301,21.790585684459064,10.631166094104199,431
4302,21.99167327880313,10.838695670715724,431
4303,21.750182722844084,10.36170261814511,431
4304,21.30445377025487,10.371319736386965,431
4305,21.216715548046857,10.447945925629067,431
4306,21.398340192778107,10.864426360612248,431
4307,21.63126820531914,10.729728938698798,431
4308,21.619044691451528,10.998455427696276,431
4309,21.10382809289022,10.616596485603564,431
4310,21.247709625180555,11.208338826906264,432
4311,21.245991907244075,11.77921257131768,432
4312,21.40701848881158,11.625071599768543,432
4313,21.753507888540828,11.479319399114347,432
4314,21.551960707089638,11.313734333515185,432
4315,21.35104396198234,11.15497981653943,432
4316,21.98056800292717,11.690479899068023,432
4317,21.987184606728146,11.598781962957933,432
4318,21.30174018936391,11.922913241828706,432
4319,21.108326139562894,11.036102134044896,432
4320,21.347367312219674,12.222207282804161,433
4321,21.064237901169864,12.662224367446347,433
4322,21.17618514063311,12.22792820181642,433
4323,21.259296615395876,12.316792024742425,433
4324,21.387658311795587,12.184450760104767,433
4325,21.122794811981677,12.872308382258943,433
4326,21.74386051271451,12.592606604596883,433
4327,21.61393666739375,12.865111584989133,433
4328,21.706732597427862,12.549775907696247,433
4329,21.389627823723114,12.952619673612906,433
4330,21.964616485706227,13.001958596636127,434
4331,21.03840879396261,13.369215577984564,434
4332,21.025385203601335,13.881578663719084,434
4333,21.569108476289976,13.059338542331647,434
4334,21.31607837115084,13.933580460748747,434
4335,21.102194245938882,13.775687506893952,434
4336,21.019409044640913,13.073182030056218,434
4337,21.65898154947209,13.850451282290678,434
4338,21.211002352278864,13.385550048010458,434
4339,21.0938619554629,13.55115195589792,434
4340,21.815397816878793,14.469474746925341,435
4341,21.398288940594345,14.181185836191041,435
4342,21.617296558282202,14.729199045781938,435
4343,21.19062605018426,14.129184106701999,435
4344,21.630025211033164,14.806256903176614,435
4345,21.187963829173356,14.832957733646328,435
4346,21.180028550524696,14.435779128781714,435
4347,21.53412179151003,14.570407863176442,435
4348,21.57676738414059,14.507567635784605,435
4349,21.67092419176974,14.339665267830512,435
4350,21.868737847320492,15.588908864138531,436
4351,21.31818975978779,15.526406803303912,436
4352,21.67519892100394,15.709098237126673,436
4353,21.635978868373776,15.13583364880191,436
4354,21.718702480719287,15.415627822468846,436
4355,21.475088777282686,15.847996128104327,436
4356,21.819982049400615,15.563780289608337,436
4357,21.37711094414576,15.329947756519122,436
4358,21.17000945787813,15.450656242103856,436
4359,21.68672384679276,15.597625128446259,436
4360,21.90803772395239,16.528675514345323,437
4361,21.96920545904047,16.58201583702085,437
4362,21.52237281986924,16.492068910397442,437
4363,21.314222084389918,16.61860490523199,437
4364,21.602715149143897,16.11637610189913,437
4365,21.058912721707987,16.484309516845357,437
4366,21.332607881580714,16.82375233730399,437
4367,21.840249274780177,16.1093971551496,437
4368,21.570410546467112,16.01338544627299,437
4369,21.219914846080204,16.36504959035565,437
4370,21.419498106044514,17.47170744483644,438
4371,21.593308374023678,17.589764978869553,438
4372,21.7013558030154,17.256962959636745,438
4373,21.513659662718087,17.071458081666993,438
4374,21.18598431789119,17.07774808483446,438
4375,21.76250143952473,17.14437491196481,438
4376,21.208469622464868,17.821109976053343,438
4377,21.25513698316969,17.29703215616949,438
4378,21.33507269909249,17.955061113206565,438
4379,21.43085527881214,17.593935853052187,438
4380,21.77605985259984,18.297429480784533,439
4381,21.164673411137077,18.335842857726348,439
4382,21.753633792102217,18.90052509421623,439
4383,21.34555698824286,18.205257251272098,439
4384,21.709000006864986,18.38036876625674,439
4385,21.053321944687156,18.53256306395029,439
4386,21.012833820293647,18.51925112594761,439
4387,21.531012455888874,18.954501725001318,439
4388,21.24458307287847,18.591355551088373,439
4389,21.76726075000591,18.11877321115067,439
4390,21.826274375407735,19.65270241766059,440
4391,21.59771538469872,19.36008662382704,440
4392,21.17052523594548,19.59938491679856,440
4393,21.743831370442432,19.249379285891187,440
4394,21.655217837835767,19.947718515073174,440
4395,21.30959851430022,19.713481639172375,440
4396,21.157023598440936,19.299747083865974,440
4397,21.000810497389107,19.562742681198028,440
4398,21.064960441482874,19.837200592733325,440
4399,21.9316600437638,19.797589138537322,440
4400,22.08746236739333,0.5123632977216027,441
4401,22.072069351405002,0.5804459930322259,441
4402,22.366590838750657,0.938053637752945,441
4403,22.154790623349598,0.8850860314414674,441
4404,22.977045727631708,0.36271735036268116,441
4405,22.08954013534649,0.45507581504684247,441
4406,22.24538998861959,0.656390553208807,441
4407,22.347093608718396,0.10764105807376356,441
4408,22.139305283180892,0.12473536147848163,441
4409,22.06105622938901,0.005913343862095077,441
4410,22.568184935493534,1.9539869268853383,442
4411,22.49171690696071,1.2253631778989913,442
4412,22.903225463285786,1.7738360604779468,442
4413,22.12727952218772,1.1732749523083952,442
4414,22.608674733194317,1.6057509450950014,442
4415,22.87926689971634,1.2670134281594745,442
4416,22.80119632201179,1.7482640335738249,442
4417,22.055632292053705,1.144761743290125,442
4418,22.183753127848412,1.3239941042543353,442
4419,22.0788428861669,1.1578031317217974,442
4420,22.900186799775515,2.5936801216931817,443
4421,22.309940505653227,2.2366889771175384,443
4422,22.41249396731088,2.728268357681443,443
4423,22.935630375274737,2.23381409948761,443
4424,22.85332819750489,2.244840774757016,443
4425,22.597259370661757,2.059556731805392,443
4426,22.259484130706944,2.1429001871649564,443
4427,22.714937587709013,2.722627310270588,443
4428,22.886553496552956,2.1684547908485805,443
4429,22.827593233413424,2.080604236691695,443
4430,22.686532215152933,3.363526531855789,444
4431,22.199163277309598,3.3963889756418575,444
4432,22.57569451866304,3.7020958635042285,444
4433,22.822161847581164,3.9898505763206087,444
4434,22.75347424486496,3.0767559888434013,444
4435,22.618219577048553,3.2684077293080316,444
4436,22.52950780857877,3.037682595681347,444
4437,22.654605619787404,3.572284140406998,444
4438,22.13727095911016,3.809507333693121,444
4439,22.44578999071316,3.0747242182627166,444
4440,22.500363080380833,4.363844181251337,445
4441,22.22575482724195,4.370065756407197,445
4442,22.4923125191314,4.444047369186045,445
4443,22.641204767415363,4.2084757762515235,445
4444,22.38718630005526,4.111423505554444,445
4445,22.10083059335365,4.945266337884248,445
4446,22.7302556941204,4.830862525011805,445
4447,22.406250574695243,4.90813037295717,445
4448,22.500642275917922,4.701789515455211,445
4449,22.845796291812686,4.843067244211581,445
4450,22.421155800147115,5.759227404391532,446
4451,22.557487308056917,5.724865451758747,446
4452,22.59281254600432,5.917491310529636,446
4453,22.264292658053265,5.046494523649207,446
4454,22.334257138591322,5.50289665790394,446
4455,22.413909529519508,5.5830274215222975,446
4456,22.392485996617175,5.557432834646065,446
4457,22.750786265106537,5.01791621660513,446
4458,22.1596348545237,5.89876080528834,446
4459,22.745183962592602,5.4057535212666,446
4460,22.02921119576048,6.236823227333998,447
4461,22.147947228090135,6.779875917633987,447
4462,22.534956159959375,6.228517554745537,447
4463,22.576212511889914,6.850557511075184,447
4464,22.222022226190255,6.177455253524071,447
4465,22.630479880408554,6.765652680901555,447
4466,22.230319399429305,6.196928647139702,447
4467,22.85032194126216,6.976937920344324,447
4468,22.815241857230134,6.004475064068451,447
4469,22.72564680485165,6.449825980472044,447
4470,22.15617725313858,7.662026339303843,448
4471,22.788828783069366,7.909460858328667,448
4472,22.032332016046105,7.356010561575946,448
4473,22.850151259548085,7.421908306028845,448
4474,22.748473104094234,7.707305624550175,448
4475,22.702753134471724,7.169597507573213,448
4476,22.683933549900637,7.164155550061632,448
4477,22.275650963171877,7.359576921306485,448
4478,22.228295868214204,7.635594251225259,448
4479,22.851398049565287,7.636139285440399,448
4480,22.479022757551956,8.81621712899623,449
4481,22.661643847002424,8.631684207578658,449
4482,22.830888522169023,8.654362137681353,449
4483,22.959640723507352,8.291409543618162,449
4484,22.810171110107138,8.228327147699078,449
4485,22.91036950505424,8.58766758472947,449
4486,22.128669329379285,8.623587094669082,449
4487,22.269882216048774,8.381699764244049,449
4488,22.19074730046921,8.995870878989953,449
4489,22.15634194074242,8.187950303956704,449
4490,22.192621944101404,9.00787430106166,450
4491,22.35121184554119,9.074195210924774,450
4492,22.642083255370025,9.40158970261485,450
4493,22.551157716130326,9.280620867126755,450
4494,22.35762523135793,9.777242315337435,450
4495,22.30476556708617,9.069831829211711,450
4496,22.88662192861203,9.478402393964926,450
4497,22.41541828490602,9.227288116977963,450
4498,22.789952546296245,9.905848053841607,450
4499,22.940618403300824,9.149621596600747,450
4500,22.817380835786356,10.830934470522841,451
4501,22.79706127215943,10.670542906066867,451
4502,22.9236680986129,10.96293388526917,451
4503,22.26055946610143,10.146842423215457,451
4504,22.64792053791598,10.70609270189714,451
4505,22.46039937003663,10.197113319628743,451
4506,22.178756937640276,10.484144183224464,451
4507,22.83111634618562,10.20680189321157,451
4508,22.549494762647733,10.344337283164064,451
4509,22.195374175114225,10.774541388861236,451
4510,22.32868120302619,11.342760035525396,452
4511,22.832305460338226,11.719282115932284,452
4512,22.224473051683802,11.216463444219915,452
4513,22.54198264958024,11.617753109919203,452
4514,22.51698848776813,11.806846171892866,452
4515,22.37203424129101,11.327972667025723,452
4516,22.816310480658075,11.736665615101067,452
4517,22.4041158742421,11.627350005325743,452
4518,22.141912684160467,11.463090260020115,452
4519,22.589446304860612,11.840899004213599,452
4520,22.186713858441472,12.79476923843715,453
4521,22.927183281287284,12.201534580617777,453
4522,22.491622040150595,12.726311510809538,453
4523,22.793240781983837,12.126023093716922,453
4524,22.015478119160317,12.924034184674115,453
4525,22.376046281196952,12.419387612893447,453
4526,22.92911342001123,12.481574298292296,453
4527,22.93239442283107,12.45940350146019,453
4528,22.69626854539725,12.327917650615385,453
4529,22.47043108301573,12.56099887784396,453
4530,22.374009069626833,13.478064810175834,454
4531,22.936444055683513,13.998377297568545,454
4532,22.075717597109673,13.022728240573004,454
4533,22.858026852092145,13.868958506228063,454
4534,22.215638049417485,13.144827956013913,454
4535,22.30651042631259,13.935471744120168,454
4536,22.925655756336376,13.603297903347233,454
4537,22.322313688585783,13.00523123338114,454
4538,22.894060064660852,13.171535758247662,454
4539,22.80656770506596,13.259875424451588,454
4540,22.892269080722645,14.203239164590153,455
4541,22.830661156818646,14.27409524466412,455
4542,22.879814363536017,14.080221290696798,455
4543,22.825906447702266,14.571347063952512,455
4544,22.28082312488735,14.482814348024112,455
4545,22.025201190405653,14.170647315264961,455
4546,22.81254726762843,14.189373312814235,455
4547,22.66366240217589,14.768231156298242,455
4548,22.458774210241405,14.535151592992152,455
4549,22.155110148371605,14.605406364024208,455
4550,22.349137278508618,15.308777014254572,456
4551,22.322890674518618,15.071797695404339,456
4552,22.103435986253114,15.616037070693741,456
4553,22.950471497640642,15.918111533460472,456
4554,22.572582416648913,15.924897316648504,456
4555,22.184499049815408,15.920311191095697,456
4556,22.123378231173053,15.614337476440907,456
4557,22.269097782455606,15.94826529084984,456
4558,22.524791732603283,15.677458513853272,456
4559,22.56891859463521,15.662611153148555,456
4560,22.362553047220956,16.862222186676444,457
4561,22.774813206128435,16.538790481817582,457
4562,22.29923330124403,16.35732181498433,457
4563,22.999743699287496,16.3620851144673,457
4564,22.96652348400963,16.75846002149369,457
4565,22.69467644578691,16.03442652823283,457
4566,22.700750627525927,16.444139876261545,457
4567,22.172736636497323,16.815865933610638,457
4568,22.214124423620955,16.09159393920756,457
4569,22.43966805616332,16.85409036571098,457
4570,22.563660088678063,17.323020510857262,458
4571,22.62069244507299,17.695174462400946,458
4572,22.779155303181536,17.729660718313923,458
4573,22.287534522683632,17.898660118258228,458
4574,22.693583847895077,17.396635442376464,458
4575,22.717369299353003,17.423693936432816,458
4576,22.602176536438098,17.2231204776503,458
4577,22.82534547520125,17.45430413788611,458
4578,22.08563674837134,17.015783807021556,458
4579,22.392766107821426,17.813563890223293,458
4580,22.243425561104704,18.38998555823867,459
4581,22.764327510814837,18.7196093085681,459
4582,22.17982394293569,18.71423302462792,459
4583,22.75066159475494,18.09706765272335,459
4584,22.31021027549705,18.04801138596141,459
4585,22.57449865996363,18.78338488075464,459
4586,22.484897778171213,18.08561767191219,459
4587,22.988814377889657,18.337403037055505,459
4588,22.39806061531997,18.802408040718387,459
4589,22.493608151884775,18.73899687285134,459
4590,22.951153889614428,19.15578400971975,460
4591,22.19251552773163,19.9986361926579,460
4592,22.3048118547372,19.05375417567644,460
4593,22.136486081685266,19.890467476487352,460
4594,22.899387115820602,19.554413443989628,460
4595,22.34749426894496,19.60939374206418,460
4596,22.627804625674642,19.81813195786954,460
4597,22.41416775646689,19.754632131292098,460
4598,22.423263371825822,19.32107852945956,460
4599,22.747106402804945,19.315076731682158,460
4600,23.60431464322682,0.7356417238530256,461
4601,23.776121771940456,0.8659505760151301,461
4602,23.940146774721043,0.6095437864185113,461
4603,23.69292727046969,0.925095094705166,461
4604,23.8894254308963,0.5188235398509228,461
4605,23.53357911536498,0.06078707437102526,461
4606,23.60787012190737,0.92313195366088,461
4607,23.115911547844203,0.03387091884718041,461
4608,23.916908092012623,0.30733055201003434,461
4609,23.686318219379714,0.84647204904635,461
4610,23.42319648413652,1.4914919512032996,462
4611,23.607557059278477,1.4622284233951985,462
4612,23.304180158974965,1.3396832404413788,462
4613,23.09277550510514,1.7985481063009878,462
4614,23.703408681097574,1.5533390038299384,462
4615,23.60610441509764,1.2747557701819983,462
4616,23.605717117936983,1.0069306169845116,462
4617,23.665136508064947,1.3571516790751827,462
4618,23.752537736663523,1.9014754794788933,462
4619,23.022717739600818,1.2560948620295758,462
4620,23.816920109921387,2.513664423160452,463
4621,23.794933865561635,2.4352002111943647,463
4622,23.482003676433962,2.4487897883840297,463
4623,23.322543744565866,2.335658700927647,463
4624,23.162043124188536,2.633736928199923,463
4625,23.960477621298914,2.2889917970763003,463
4626,23.341359289785622,2.2123555392724574,463
4627,23.579628827496837,2.9152566779970313,463
4628,23.725115234074405,2.8185762880228986,463
4629,23.20437879272347,2.639034372690094,463
4630,23.22712790956807,3.4493641084352915,464
4631,23.12348634973127,3.5762277548984778,464
4632,23.90939873273315,3.4113456459335434,464
4633,23.823877201638165,3.199991745825735,464
4634,23.939439909194178,3.1846910280151395,464
4635,23.957889329749833,3.971149607041457,464
4636,23.537058340818607,3.069288742466362,464
4637,23.599070904904636,3.2491917792969676,464
4638,23.309338965498277,3.7301063958387264,464
4639,23.325513503746762,3.1123908667901743,464
4640,23.272609487106347,4.891192364258356,465
4641,23.13816749084002,4.51225916092713,465
4642,23.194135527244047,4.913441262480849,465
4643,23.18539274507547,4.254106629399214,465
4644,23.624661108625983,4.1300027862810875,465
4645,23.7714728162469,4.307189892404516,465
4646,23.620990843432917,4.005870213685252,465
4647,23.08664288948454,4.799260149867407,465
4648,23.699223956835684,4.965076173163058,465
4649,23.91932230797853,4.446183785922905,465
4650,23.298742708893226,5.5816383470664395,466
4651,23.88647125753097,5.175050434006735,466
4652,23.791916001220077,5.284158764848599,466
4653,23.10040988831329,5.874111273817747,466
4654,23.16495953689938,5.932511875466178,466
4655,23.677444369919595,5.291379450295839,466
4656,23.263634081084103,5.194829900221153,466
4657,23.33522552043966,5.613178100057074,466
4658,23.34526064686956,5.911870020739816,466
4659,23.549599433341836,5.542165069190453,466
4660,23.512390892972153,6.113140052823104,467
4661,23.681548721629806,6.622549284802719,467
4662,23.497308714320944,6.144520582567809,467
4663,23.420447905190972,6.14603473779495,467
4664,23.067444461279397,6.990620570863465,467
4665,23.487005728232152,6.455278666173693,467
4666,23.356474428281327,6.101233994026803,467
4667,23.543736208871508,6.277522086282842,467
4668,23.543153684742435,6.85966059267119,467
4669,23.04571297408784,6.144086007881058,467
4670,23.073660425357577,7.77816402992568,468
4671,23.026880491082327,7.282560714984309,468
4672,23.395221813348055,7.5206546008945345,468
4673,23.365719636695786,7.937399249013183,468
4674,23.41515526118419,7.474584164627723,468
4675,23.57411544045188,7.8446564623169355,468
4676,23.999711868474904,7.206767501504853,468
4677,23.560833202475454,7.068368700344422,468
4678,23.73212564389967,7.498362438453357,468
4679,23.011958894179813,7.908971631158522,468
4680,23.03198782211052,8.85007873388047,469
4681,23.55886372066828,8.984744421199576,469
4682,23.162571065335182,8.177852799733946,469
4683,23.065669554670887,8.559349345267714,469
4684,23.655061047522956,8.625555971009554,469
4685,23.10340090310946,8.0884521197719,469
4686,23.838373302667925,8.226039916054905,469
4687,23.682158880398518,8.385569089837604,469
4688,23.806784944611902,8.949448374656566,469
4689,23.451832842921394,8.306224812898986,469
4690,23.07632737747561,9.061987060964212,470
4691,23.146809469693824,9.815134450092872,470
4692,23.066610711405687,9.186640581981052,470
4693,23.698320413930585,9.911367567278724,470
4694,23.96927166939405,9.195731515625852,470
4695,23.501153331653843,9.228655682708066,470
4696,23.924563432753214,9.038736814312088,470
4697,23.924977535563524,9.78395170050443,470
4698,23.284514779457762,9.925194691712436,470
4699,23.175391726817683,9.558236407685976,470
4700,23.649780359825744,10.987803494390274,471
4701,23.478586610555457,10.096199404830148,471
4702,23.65795684711257,10.038631251179742,471
4703,23.943036307139934,10.422815046670433,471
4704,23.005477197711006,10.588293105948699,471
4705,23.009915658729856,10.267592725671824,471
4706,23.579129934993826,10.338015172070603,471
4707,23.020514509812593,10.291707843308384,471
4708,23.092850827949178,10.840903442092308,471
4709,23.245026382970774,10.394325590076203,471
4710,23.667184137393985,11.861236250879688,472
4711,23.95540454554142,11.061846014030962,472
4712,23.120222475420825,11.977914941697566,472
4713,23.500883973142393,11.709491369924244,472
4714,23.427074203872856,11.475276481419936,472
4715,23.365798954040635,11.894340027389228,472
4716,23.32611129397908,11.872248496241276,472
4717,23.0657361817355,11.544838151011394,472
4718,23.350036985861447,11.62814080596135,472
4719,23.147264705689235,11.339595517012913,472
4720,23.385320992683532,12.285466739338442,473
4721,23.159370960968722,12.773057475174573,473
4722,23.996265138588143,12.582415030790372,473
4723,23.976044098363953,12.360549852056653,473
4724,23.929465925886895,12.996355994557879,473
4725,23.19152530694951,12.007956112140597,473
4726,23.11494597730803,12.19293162040377,473
4727,23.070896542907242,12.671327371449689,473
4728,23.76183891960552,12.539696786584123,473
4729,23.934345235044375,12.234274498383753,473
4730,23.879885306857915,13.098947972372695,474
4731,23.880150107825333,13.748264859054506,474
4732,23.521646974041698,13.075202483271289,474
4733,23.1434373390043,13.672687462101546,474
4734,23.03624519426114,13.446598746017377,474
4735,23.190829434930702,13.494952038768266,474
4736,23.102274475958694,13.544296654942555,474
4737,23.7308976257165,13.992092008085194,474
4738,23.168110571267505,13.963671111045123,474
4739,23.313742926313257,13.202039939708186,474
4740,23.476591768619624,14.1617812198976,475
4741,23.03641300118535,14.223118125800003,475
4742,23.8534500305935,14.055420738223662,475
4743,23.11450689265245,14.633985608958767,475
4744,23.877652047973744,14.001327012206946,475
4745,23.54232475780579,14.568157701501349,475
4746,23.899713454101164,14.447332820846293,475
4747,23.26311733319304,14.049724943481968,475
4748,23.55009937720264,14.26615663615365,475
4749,23.265569308394838,14.256760207288552,475
4750,23.61538756141972,15.4262873976708,476
4751,23.861941985283078,15.134562622979141,476
4752,23.193954167965792,15.15979917801645,476
4753,23.077423784564616,15.032712694152224,476
4754,23.112623007640856,15.914435142324278,476
4755,23.337614440460708,15.836804833436448,476
4756,23.59846744716534,15.847832905550634,476
4757,23.970736210388978,15.88672489452023,476
4758,23.07598104264528,15.576554492961687,476
4759,23.06512255201064,15.501125857281815,476
4760,23.392027551268114,16.808546809396415,477
4761,23.31672367800409,16.18660580696321,477
4762,23.339270268156202,16.523487049539856,477
4763,23.77098018386789,16.854997119787228,477
4764,23.589523677287772,16.263248420900705,477
4765,23.889278943868725,16.727471960555178,477
4766,23.744728387116943,16.034103184956415,477
4767,23.317596953206678,16.81505405700735,477
4768,23.686617759063825,16.471573794103602,477
4769,23.73789820755333,16.00545124026221,477
4770,23.780056135295705,17.93833377882618,478
4771,23.199674707570974,17.453188200362273,478
4772,23.314911870410334,17.317501102170525,478
4773,23.434945232655686,17.16825850932932,478
4774,23.491277967641206,17.05546203532852,478
4775,23.16821844392217,17.360143885264737,478
4776,23.476624205390117,17.232666546855093,478
4777,23.017520780568532,17.81820579869355,478
4778,23.256199666796945,17.80986103774458,478
4779,23.34840091607425,17.484735644030767,478
4780,23.948548985153664,18.00015317135565,479
4781,23.949814898181437,18.275099476660927,479
4782,23.672979801147154,18.841658305404497,479
4783,23.28997998172314,18.992055894719886,479
4784,23.40895964605062,18.64740473957627,479
4785,23.700719145659722,18.7891154316236,479
4786,23.59560566989264,18.877697488036254,479
4787,23.41878169756283,18.364247011499018,479
4788,23.89540433541647,18.673446568883147,479
4789,23.11426206093684,18.909825760783917,479
4790,23.29388863759728,19.801712510809384,480
4791,23.42006708606476,19.336449703987267,480
4792,23.52874331130248,19.844433366966555,480
4793,23.69574022079649,19.77821499623702,480
4794,23.958911665773385,19.185986128954923,480
4795,23.95083334028964,19.52840023428337,480
4796,23.21865757072619,19.72632255595517,480
4797,23.803045554586202,19.489399042688973,480
4798,23.350764583603816,19.789908615499556,480
4799,23.818644986719725,19.53230571422874,480
