,x,y,cell_id
0,0.5745071229516849,0.43048734607813066,1
1,0.4792603548243223,0.4301405369644615,1
2,0.5971532807151039,0.5362943407349051,1
3,0.7284544784612038,0.21300796330133032,1
4,0.4648769937914996,0.24126232512304507,1
5,0.4648794564576229,0.4156568706138541,1
6,0.7368819223261087,0.3480753319498364,1
7,0.6151152093729363,0.547137099889291,1
8,0.42957884210975716,0.3637963886718184,1
9,0.5813840065378947,0.2881544447997063,1
10,1.719847315338233,0.4097440081655905,21
11,1.4661335549270196,0.7778417276763406,21
12,1.5101292307031886,0.4979754162893099,21
13,1.2862877720679815,0.34134336065661497,21
14,1.4183425913212226,0.6233817368154784,21
15,1.5166383884564798,0.3168734525043467,21
16,1.3273509633866545,0.5313295392507134,21
17,1.5563547027518507,0.2060494814180337,21
18,1.4099041965121792,0.3007720926652354,21
19,1.4562459375310084,0.5295291853803685,21
20,2.6107699869993115,0.5486125954092193,41
21,2.525705242178496,0.44223765793755254,41
22,2.482652757641764,0.3984616999541062,41
23,2.4548344456616067,0.5917514433261302,41
24,2.278221701444886,0.6546499283743926,41
25,2.392023368740794,0.6396920178674298,41
26,2.4309041843560317,0.37411737151660424,41
27,2.658568333932837,0.45361814362231784,41
28,2.5515427434352693,0.5496895147105346,41
29,2.23554397669559,0.6463317690683539,41
30,3.4281238643232066,0.554209340826262,61
31,3.4721511535004272,0.7307054849698954,61
32,3.334049753899096,0.4946260941335073,61
33,3.3205690063878994,0.7346965483721009,61
34,3.6218788733591296,0.10703823438653837,61
35,3.7034360042856234,0.6232853756562836,61
36,3.48919848176295,0.5130570602357257,61
37,3.650529934683804,0.4551488974301199,61
38,3.554245403757145,0.5137641164803254,61
39,3.4032320368092313,0.2018646628098661,61
40,4.467049216824373,0.5145616324022061,81
41,4.553566885726762,0.6452967485799334,81
42,4.721684106711227,0.39469203591839713,81
43,4.422259467258953,0.4508506780103348,81
44,4.3787259595660215,0.44118377703017636,81
45,4.4247364434623195,0.2804727577801822,81
46,4.637310317655311,0.5444180415596864,81
47,4.5493126664489525,0.5391582908269834,81
48,4.420535969434944,0.5007670184963692,81
49,4.576990114967003,0.46481192999372795,81
50,5.2876943886924375,0.2121843177051438,101
51,5.436903201585197,0.49602291868261744,101
52,5.448592822520984,0.509034531491154,101
53,5.3796584096167575,0.8694863168727929,101
54,5.4758071432500985,0.4711458552828316,101
55,5.560607628522181,0.5452321013500419,101
56,5.7829278851815795,0.4947932345442135,101
57,5.526186671924775,0.3246982943570702,101
58,5.538632558608414,0.671423422177253,101
59,5.488833112635075,0.6127899549030161,101
60,6.618654792056457,0.2674004853400801,121
61,6.363591881780789,0.5102844462209041,121
62,6.710419146640415,0.34065444294108427,121
63,6.289722340581158,0.5710388645952772,121
64,6.588028564070041,0.3620863648649295,121
65,6.828568343871496,0.7324901607526308,121
66,6.351419551230396,0.38251200614956443,121
67,6.415055340559584,0.4516907725691487,121
68,6.514947704763146,0.6220275826054504,121
69,6.42447865188257,0.31537035253490675,121
70,7.53411899019062,0.5375739275518815,141
71,7.696071413142365,0.5519672314245464,141
72,7.258877514815816,0.3979962917632264,141
73,7.527695078779845,0.5348380545741506,141
74,7.538982419137263,0.5439608709948022,141
75,7.617273430766597,0.39284728729604484,141
76,7.314457393368288,0.7798661766717134,141
77,7.301931508037359,0.5710749381367681,141
78,7.578291234842535,0.3213044754196027,141
79,7.544547700984978,0.5984830412950745,141
80,8.353797749465901,0.3665728355561715,161
81,8.618062690561368,0.37762845725518424,161
82,8.67378933685111,0.48843474358788436,161
83,8.376897652247244,0.5511727962224966,161
84,8.644506419386648,0.5415036198995029,161
85,8.561917139040474,0.6240774873554036,161
86,8.623309023999173,0.501950283781686,161
87,8.784518947398093,0.7180301115735975,161
88,8.46319178259957,0.46030147501430657,161
89,8.386939575346377,0.9080253749884428,161
90,9.593850102164751,0.43302275718994687,181
91,9.371426366537557,0.6284598191485209,181
92,9.339366125290834,0.5321140616195306,181
93,9.572370862286478,0.3131391831932018,181
94,9.466480582201122,0.5259771388776773,181
95,9.607100074113815,0.5577976069593256,181
96,9.570985643686031,0.3674213845698301,181
97,9.489075663101469,0.5230587658918292,181
98,9.37298094228974,0.5087313077669,181
99,9.27277291629712,0.3285544553254065,181
100,10.553668104052242,0.5856335766039751,201
101,10.584117678955236,0.6703348460270898,201
102,10.66245768647629,0.6431002645239803,201
103,10.658070307805236,0.5977086876958697,201
104,10.293349594806436,0.45270961330394816,201
105,10.359326244012731,0.6138453830739901,201
106,10.577255290081299,0.38407621781936424,201
107,10.577067892636832,0.4644772089889987,201
108,10.577257152945908,0.4271954678256345,201
109,11.077909723598209,0.5122811209079484,221
110,11.847198785001027,0.39044500524242953,221
111,11.219910221111238,0.5324687884372963,221
112,11.602939028556177,0.5068357759855721,221
113,11.258092619321552,0.40225994785912744,221
114,11.429210220131585,0.8215916133987988,221
115,11.663342589545104,0.5950878533477016,221
116,11.50964200286432,0.19622861200135894,221
117,11.338338283310604,0.5279681472154142,221
118,11.392704443611004,0.4007320302847418,221
119,11.601939662340202,0.6278650002194336,221
120,12.381121889235095,0.31086740684974323,241
121,12.482789533779965,0.6376792920582164,241
122,12.57574809184707,0.818323429551895,241
123,12.629863279125518,0.654869789082672,241
124,12.319955538941633,0.27209450510689803,241
125,12.449824814623858,0.4273648890700623,241
126,12.428758203325856,0.6900366723779934,241
127,12.402000615113943,0.3938495801571829,241
128,12.764818136042164,0.5665729142219342,241
129,12.560747256644143,0.6161951080144005,241
130,13.360960429263288,0.7161909933599173,261
131,13.49107119659073,0.2846206773230841,261
132,13.013809898989638,0.6744745628232439,261
133,13.346341853799856,0.5015349591529381,261
134,13.462114777291026,0.35277370234280736,261
135,13.312832522705273,0.5693155211394906,261
136,13.744861695589746,0.5298589543360205,261
137,13.285478793305906,0.4099674684261808,261
138,13.433993326995452,0.5104703127485029,261
139,13.519611086592914,0.442202960470736,261
140,14.517027601787687,0.46878166244640873,281
141,14.599319601178157,0.42604985980117505,281
142,14.737902522421804,0.4115952864583683,281
143,14.314327675175972,0.6274403145531537,281
144,14.81995500619844,0.5535523228947571,281
145,14.207186830071624,0.3960635607109019,281
146,14.477232235744662,0.6349399813149876,281
147,14.588247580972686,0.5460949281314914,281
148,14.542148780160256,0.621929317825844,281
149,14.406595072026912,0.5944443262885418,281
150,15.37565074836169,0.467347819515917,301
151,15.415972843970454,0.6648165277980785,301
152,15.61209404076849,0.6238124523482045,301
153,15.591555539815019,0.6220264454000958,301
154,15.496864760905378,0.6958218210731494,301
155,15.517599107496316,0.5031505762449139,301
156,15.691649734368264,0.6022929456942446,301
157,15.411264291674625,0.45345998651098157,301
158,15.582064607175505,0.5486249528732663,301
159,15.469671102134916,0.4804785418448473,301
160,16.514549394748908,0.49816298407296283,321
161,16.589273553815538,0.36541184427712525,321
162,16.37726689751498,0.5113706837290589,321
163,16.81385809135282,0.39842574327318325,321
164,16.349097392775043,0.6462679600126626,321
165,16.31787170808184,0.4779413927746792,321
166,16.67371663102501,0.3761754204811233,321
167,16.61874940409444,0.45179212375205097,321
168,16.593617972557823,0.5619397181413437,321
169,16.59425182638964,0.4154413170794038,321
170,17.376666940665036,0.5466361348397006,341
171,17.53655308172379,0.7213034325424328,341
172,17.53674498566631,0.6286489434803029,341
173,17.42395852369433,0.47600922050548594,341
174,17.42934425415725,0.49714756881459665,341
175,17.534807490603644,0.34962059530432865,341
176,17.2827873487754,0.4972230296011415,341
177,17.288880433843516,0.45670120416197924,341
178,17.392233366812135,0.5484077840507134,341
179,17.467982927243224,0.3759153584671516,341
180,18.577901977136175,0.5036765261388414,361
181,18.72991083695039,0.5746997436868174,361
182,18.483685977731472,0.7176715411692562,361
183,18.560256758314843,0.6438906239127811,361
184,18.603521598756668,0.8229773686267334,361
185,18.439816929217123,0.38489786556679256,361
186,18.533613872271562,0.6308480955081017,361
187,18.50188886011727,0.5275013008607528,361
188,18.514651414782325,0.8284704399826508,361
189,18.38404853242168,0.3787552571967273,361
190,19.374041723672885,0.3652377992977463,381
191,19.410091103183397,0.5737878757259759,381
192,19.181415641353528,0.30196501894690364,381
193,19.421136746747887,0.774718814878153,381
194,19.386130100766945,0.676916018108193,381
195,19.522559067971432,0.42962365218429427,381
196,19.551263396366576,0.2430298206363684,381
197,19.781425625882385,0.7030808561248119,381
198,19.64256357572791,0.48281902321210735,381
199,19.41346445165064,0.6856724467960192,381
200,20.260835851180843,0.6067422317133335,401
201,20.410093746556935,0.3313036862243196,401
202,20.500786554957728,0.26988287438965664,401
203,20.507047089064713,0.6916515232847764,401
204,20.432490179278112,0.5498471017969387,401
205,20.593427489852125,0.38772701951651695,401
206,20.33985693559261,0.7326727963283785,401
207,20.478643077246804,0.5173511951439288,401
208,20.518044344756785,0.6768945776095739,401
209,20.577165825108814,0.5101277722115164,401
210,21.8091121887323,0.32251122310013375,421
211,21.763301126366482,0.19411517333598494,421
212,21.46265537772814,0.45958897483331634,421
213,21.645735642643153,0.6076313383693943,421
214,21.596806392437774,0.7253535578144041,421
215,21.705294733629852,0.5111142170629662,421
216,21.355261480912983,0.7442923318356938,421
217,21.602907718999766,0.2929847812677663,421
218,21.658763673027437,0.24449263409672684,421
219,21.23618907703653,0.4916678451655072,421
220,22.557609817340897,0.4905981354090242,441
221,22.495095787785885,0.6432713480751857,441
222,22.18988368499402,0.35214109304966845,441
223,22.486631994073083,0.5756069773276766,441
224,22.30432957492427,0.4204613572441339,441
225,22.600450882324505,0.38106907516064836,441
226,22.55498973691453,0.4839454460068163,441
227,22.359018032050898,0.3447136516370939,441
228,22.422919962399497,0.4169526041979227,441
229,22.341117971716656,0.3203183161116727,441
230,23.794708769937458,0.4587422454272534,461
231,23.50528953279576,0.15471182528966226,461
232,23.39504117380111,0.27272134067021714,461
233,23.532096986610135,0.7050311401166787,461
234,23.483150792546375,0.7467451570251925,461
235,23.466854560070015,0.46264459406654324,461
236,23.592125005006515,0.5864835444583649,461
237,23.613626156507095,0.5466875231815305,461
238,23.420424827858422,0.9618321212682857,461
239,23.413627263903297,0.6679362367151865,461
240,23.480812361277884,1.4988041038025075,462
241,23.356668933909937,1.7219916208335038,462
242,23.259033051961364,1.5116052461471428,462
243,23.530519545380084,1.3708073698007603,462
244,23.386547388207354,1.7284686115904486,462
245,23.28666194356035,1.5808365065526988,462
246,23.40301406736362,1.3444130768510316,462
247,23.33776779945784,1.4714491982874587,462
248,23.753071245260884,1.3686572619922863,462
249,23.632245963542417,1.2925800403553496,462
250,22.638926632129746,1.5405685238669757,442
251,22.78641249607052,1.4924642835826294,442
252,22.29021486392713,1.4641577929700385,442
253,22.584445385503585,1.3638654506937604,442
254,22.402403614631726,1.4134843004147501,442
255,22.426931192435294,1.6133086838738633,442
256,22.41114091136417,1.5751375781436572,442
257,22.37040138454803,1.3533667132802174,442
258,22.507278244191724,1.5148998458143839,442
259,22.375357482538345,1.6127080685057684,442
260,21.249589207831793,1.595788868816606,422
261,21.58150402885699,1.250771990659656,422
262,21.400606436158125,1.4900880302029025,422
263,21.585589800288975,1.3183475700356315,422
264,21.385511126518622,1.402224583829676,422
265,21.22926768490032,1.5071098006974621,422
266,21.255868634317526,1.3709379952074072,422
267,21.507212741999208,1.4423166683655262,422
268,21.538958375258222,1.6509439213821662,422
269,21.36435250623434,1.4134662195715277,422
270,20.62535381680977,1.512988468120935,402
271,20.330543971801358,1.476648414691188,402
272,20.579470626687293,1.6751673092489712,402
273,20.716235293098684,1.538163126495182,402
274,20.12925332498091,1.5506403993112803,402
275,20.380465711679427,1.43821845508163,402
276,20.586560819077082,1.426859066389126,402
277,20.46954319209355,1.435116271827057,402
278,20.555671881005697,1.5591678213567446,402
279,20.409402221992625,1.4368523278769605,402
280,19.543466228534463,1.5027627568784327,382
281,19.811310119796815,1.7514655968412924,382
282,19.630668705514754,1.5490391060646245,382
283,19.451096470174825,1.4671349206786704,382
284,19.680182088324592,1.6244108371775234,382
285,19.438788694046767,1.1683297036488172,382
286,19.194281319723324,1.5353421837162848,382
287,19.34878705336239,1.615629779083045,382
288,19.219381211846123,1.2782120631330238,382
289,19.447272977393805,1.6715631064810395,382
290,18.550774461124163,1.510734935582909,362
291,18.43770681291488,1.4283513829852326,362
292,18.594917279915943,1.5718469738619587,362
293,18.84060392867066,1.5500493157930422,362
294,18.527279938258776,1.6556309916386849,362
295,18.53723308794505,1.423497540171788,362
296,18.431095865068965,1.4595187597059942,362
297,18.37252334458028,1.353185442632654,362
298,18.624550372481636,1.4333560109885832,362
299,18.37158742611367,1.5565950739567278,362
300,17.6135482924968,1.5981548484531087,342
301,17.361675201373355,1.4916622993634316,342
302,17.630440888015848,1.541995293947973,342
303,17.703345678820742,1.3311766429052436,342
304,17.562015235483557,1.866862796942524,342
305,17.78151937188371,1.519383177296284,342
306,17.383931620134465,1.516409219190734,342
307,17.31330179450329,1.6088649935848038,342
308,17.233191962664357,1.5721513847605069,342
309,17.724406646723377,1.5335826036418696,342
310,16.381428831683202,1.246130305542777,322
311,16.5707202535704,1.729432547919092,322
312,16.782303674471255,1.4762988152131515,322
313,16.701813006923246,1.435967839507887,322
314,16.73897799399591,1.3481843437109748,322
315,16.42331764853532,1.2517714992201345,322
316,16.35155927696121,1.6234755875942872,322
317,16.481131961985053,1.5109976950782606,322
318,16.508358736843306,1.306505865038842,322
319,16.664128727770642,1.3057381841904576,322
320,15.44963229510648,1.7773434142418019,302
321,15.75035322879341,1.6689847544321637,302
322,15.461061297295458,1.4596666964167755,302
323,15.274528557032284,1.3340211136887494,302
324,15.463138540387108,1.886003970487479,302
325,15.459091464537849,1.5088827651021732,302
326,15.095467003558765,1.502089393786942,302
327,15.491855770022328,1.4963812369334994,302
328,15.465359820468699,1.5297127141151783,302
329,15.604430954722012,1.4783459382114086,302
330,14.413950698967964,1.6869127788746443,282
331,14.417971158813941,1.1889914651387776,282
332,14.4950870094676,1.4485968608879476,282
333,14.418486284329935,1.4442838701006313,282
334,14.393073132598426,1.2888732457923269,282
335,14.515964534153785,1.3833274968613687,282
336,14.461753417386872,1.3334136231801257,282
337,14.725598948287404,1.7628405665135434,282
338,14.102354528741047,1.6403517589721193,282
339,14.66372602778837,1.6907332642491237,282
340,13.608250809606485,1.445855075127138,262
341,13.330642234317416,1.6738994705046373,262
342,13.421321960058034,1.3378405008600154,262
343,13.573406184184188,1.5923903410416396,262
344,13.316680828666208,1.5889651886952576,262
345,13.606949764525858,1.4535680341029014,262
346,13.46395119027628,1.5489199533363176,262
347,13.44377687886756,1.3123329635422045,262
348,13.606643995230524,1.638604052881035,262
349,13.566639496722907,1.4722646795335517,262
350,12.421591546922144,1.5316526200803928,242
351,12.657351383875532,1.4854930332194412,242
352,12.394348446418586,1.4182621369786574,242
353,12.288730805545466,1.5598704171528106,242
354,12.266505623971414,1.4943547946362727,242
355,12.590901492701846,1.6654952823024782,242
356,12.307935597125558,1.5171341472993058,242
357,12.763219127297655,1.5225452642192816,242
358,12.187710588817442,1.4454581681679217,242
359,12.754468455243506,1.4914581564418399,242
360,11.546170265333808,1.5293767882646523,222
361,11.243474741101506,1.3532440833577453,222
362,11.297772186684144,1.5612379133571708,222
363,11.611489614103407,1.244612459364324,222
364,11.525629815719192,1.6543733455988465,222
365,11.472402499547098,1.5708896223619564,222
366,11.502765089959809,1.5384044601470814,222
367,11.55213725580425,1.647403647591827,222
368,11.419036047953595,1.7498211666693866,222
369,11.383254291189653,1.6521555097527196,222
370,10.223868865300254,1.3615150130833644,202
371,10.308063454989645,1.29724730915755,202
372,10.406277213345648,1.3536190120534002,202
373,10.503913657531625,1.658046269491176,202
374,10.577648853070368,1.3575901666752086,202
375,10.39113842802698,1.8948573097256087,202
376,10.528015014671562,1.5739976851321333,202
377,10.386692560147,1.527725418554231,202
378,10.408272329551208,1.371246332972818,202
379,10.289000835472766,1.6050464819113488,202
380,9.413654326064334,1.6061627903183213,182
381,9.518301472196804,1.41562998361586,182
382,9.88401268074032,1.594861160858328,182
383,9.485591015041303,1.6458831674440095,182
384,9.672390998942852,1.5932714943325794,182
385,9.394523536231118,1.2644662920164316,182
386,9.494751726425456,1.3909294236262697,182
387,9.765620095345326,1.4628722046672742,182
388,9.405954941331835,1.488834985634993,182
389,9.771867283699539,1.5931008146326018,182
390,8.526655150139987,1.5644427328698878,162
391,8.299698346193486,1.5311531530744666,162
392,8.557029677650894,1.540736825579306,162
393,8.591587861792574,1.3084877136269535,162
394,8.583968567189656,1.3378415189387607,162
395,8.662117108833193,1.6579729279999356,162
396,8.625088323182336,1.4940667269215018,162
397,8.568877011884265,1.6022251046058937,162
398,8.489475143281203,1.504247756419569,162
399,8.250855859972601,1.5044634209243617,162
400,7.6407425708964,1.4719692533757962,142
401,7.422593290767394,1.4340403412588738,142
402,7.514418116541147,1.71704668265306,142
403,7.430658706694244,1.5294832164767362,142
404,7.434825565885153,1.6547766809202953,142
405,7.453624181479704,1.2771659440444543,142
406,7.533320065745057,1.5400575398803888,142
407,7.428187706750478,1.6334446193435155,142
408,7.688363418836028,1.5123425983913137,142
409,7.365808904667074,1.6598220562598027,142
410,6.422406732484944,1.2983324233448585,122
411,6.711402116027837,1.3622022080273704,122
412,6.844834718542888,1.34937888498719,122
413,6.445574215934051,1.3848303652343807,122
414,6.433174621789885,1.494797266891983,122
415,6.718007671567655,1.535132209880478,122
416,6.736935821859607,1.7325750739221115,122
417,6.42157099592701,1.3502468938891814,122
418,6.436971977435621,1.6476483597714875,122
419,6.4577323086709235,1.4679016733661736,122
420,5.492580443552135,1.4065289210362852,102
421,5.601222923824991,1.4166784321259618,102
422,5.331591696765655,1.4043919309040223,102
423,5.5573614619276075,1.6783524796661329,102
424,5.524967831231958,1.7130756371984783,102
425,5.573867689601222,1.4143880559375785,102
426,5.543375296586173,1.3751466640343657,102
427,5.8682950209866345,1.5707123334579607,102
428,5.404339002362303,1.4171665433578544,102
429,5.420350456749727,1.5949397726633265,102
430,4.530438453127695,1.4734579158758927,82
431,4.272638382750415,1.380255413319232,82
432,4.732125780199509,1.2931021157978209,82
433,4.769381650964328,1.3903604940087122,82
434,4.408081696427342,1.4950309540689304,82
435,4.441844766009602,1.769183679527668,82
436,4.542879808608736,1.4223583051445743,82
437,4.550168518498054,1.5335681927458347,82
438,4.598781640900924,1.497536565589087,82
439,4.8015306808149525,1.6782589910172125,82
440,3.8790398638810433,1.6230723271796046,62
441,3.420369684061952,1.5760911046660946,62
442,3.4265840836222665,1.660001203438373,62
443,3.6566241315603607,1.6753943385668508,62
444,3.602283723443947,1.707323848655629,62
445,3.777006098860405,1.5973064831384465,62
446,3.5875892277988948,1.4749322879524718,62
447,3.446106186381941,1.5220070529649985,62
448,3.5885982246038464,1.6809763449762536,62
449,3.6663055370874362,1.3774596493519147,62
450,2.555300996330935,1.4538332647570498,42
451,2.440999178150896,1.532872549149591,42
452,2.504311723440223,1.5374075525566133,42
453,2.691767779391095,1.736617991964521,42
454,2.5286648602029853,1.485705670141957,42
455,2.506965482223422,1.5418532288655509,42
456,2.2960215788530123,1.591184476457481,42
457,2.611938034904083,1.5279913684734536,42
458,2.596822627171161,1.4330349578174209,42
459,2.824488208495819,1.5291134989347461,42
460,1.6610447624789657,1.4167200709960202,22
461,1.3460227050883409,1.7821735604160884,22
462,1.5199454511220314,1.2827979149375635,22
463,1.394981877759124,1.1701791065069878,22
464,1.6792569943387263,1.5660021675079998,22
465,1.2715219642824338,1.4246918663471084,22
466,1.4161617229092618,1.346815077430393,22
467,1.556581781259678,1.606253467094903,22
468,1.734828604385151,1.5365701070656799,22
469,1.4901374608390519,1.4153882053894908,22
470,0.30795434019936585,1.4638145913215506,2
471,0.6308685992420217,1.5528083094771445,2
472,0.5975301766937992,1.3122690863714335,2
473,0.48512362043309254,1.7165646906109888,2
474,0.7769955494071499,1.4876773232411147,2
475,0.3394872850510771,1.6675943747382191,2
476,0.27117122436128915,1.5514088019566556,2
477,0.39621378951781333,1.5685129828730675,2
478,0.49316209754667534,1.5854650920348305,2
479,0.5365009173984038,1.5671562840025972,2
480,0.5964084139801316,2.5192156622366184,3
481,0.6993728795198647,2.397842251378768,3
482,0.5294781754552205,2.6260965323483085,3
483,0.6063505636382769,2.4021064031046415,3
484,0.486539645856916,2.433072485017783,3
485,0.7160175823174209,2.2165688903581704,3
486,0.39854115469110957,2.4321540521126384,3
487,0.7701410649366223,2.1364181010056567,3
488,0.49397630740334847,2.2624145764771413,3
489,0.2853837346822928,2.6140621984216446,3
490,1.617870023797625,2.531257421192133,23
491,1.5638186342677447,2.1937397697363563,23
492,1.3549535785306182,2.4629233926219105,23
493,1.492843296578703,2.39770236280033,23
494,1.4994596191364147,2.3497569985157627,23
495,1.3262452966211187,2.457834956067107,23
496,1.7255097452650725,2.7696529790274282,23
497,1.6316043435863508,2.5961264291900514,23
498,1.4668553739255503,2.4143231515325807,23
499,1.5040328758491797,2.585887417203424,23
500,2.7099033154879004,2.697609109845149,43
501,2.6386950524369155,2.52963994070386,43
502,2.5089445554880263,2.81128913089379,43
503,2.402959483344164,2.3966218272865647,43
504,2.6047334970420386,2.760394570474787,43
505,2.5590228078132626,2.5296866175193973,43
506,2.63427898300416,2.4022872994578326,43
507,2.5952757702522953,2.4274171248918517,43
508,2.6574329072979004,2.451947903770852,43
509,2.4197147182659147,2.5636248919602873,43
510,3.578425323205325,2.4613935193864984,63
511,3.413944999409213,2.2497123889183617,63
512,3.4963468111608527,2.559883468390792,63
513,3.8213405537917797,2.597079390955411,63
514,3.759131475515107,2.4275220306550938,63
515,3.5654485504511046,2.7360980144935048,63
516,3.50570052172523,2.316135150549649,63
517,3.518004699007739,2.280343767968527,63
518,3.5920276959095623,2.533667772783996,63
519,3.346581115220239,2.657064745391823,63
520,4.75258915371868,2.4061655947735705,83
521,4.431167360569659,2.5593705300156113,83
522,4.661802125014694,2.574104527942411,83
523,4.494223729574894,2.539101064873586,83
524,4.474105905008877,2.417454226923187,83
525,4.632548990623,2.3992564948092925,83
526,4.597848431762013,2.4961668893512834,83
527,4.263541176452363,2.6759093528889046,83
528,4.721481052458884,2.5815400231891648,83
529,4.707013703122118,2.4444078501870843,83
530,5.615754806597252,2.492961913168122,103
531,5.072718606905489,2.571556124083468,103
532,5.672314855055816,2.5115232836590384,103
533,5.239042933183285,2.3075511663717148,103
534,5.44563385878953,2.649440022917071,103
535,5.332049515806078,2.4259365125258032,103
536,5.305797778641864,2.2665127152010376,103
537,5.674124018106778,2.435782725855113,103
538,5.4298448198032165,2.7251139685951467,103
539,5.551975582259607,2.6275332613170237,103
540,6.447702179838821,2.4892598110878903,123
541,6.447611344352236,2.494416664523524,123
542,6.451754742317393,2.609144431545547,123
543,6.811512197534126,2.507791882871095,123
544,6.557290317834733,2.609896011582337,123
545,6.56450624707866,2.487892512983713,123
546,6.654542518104776,2.511795278547414,123
547,6.535818373853977,2.200269897320184,123
548,6.461143678126895,2.6374491512053724,123
549,6.470547522637253,2.551973271384699,123
550,7.649701516478948,2.471397639885498,143
551,7.065561693270947,2.5326149309769583,143
552,7.813256205717109,2.630510159603313,143
553,7.479061555776724,2.5743522831958905,143
554,7.6662274225106275,2.5225628357715366,143
555,7.3440141109311705,2.5547441503699337,143
556,7.591916085759386,2.860512337785741,143
557,7.341987665523952,2.4913571804449623,143
558,7.406434655895629,2.5301648570072452,143
559,7.787104703080018,2.6575981594011417,143
560,8.665828889943697,2.548203582317541,163
561,8.678054545834057,2.5632881131352927,163
562,8.595809533304378,2.742056690358797,163
563,8.328549263090428,2.568030145227097,163
564,8.745014729845165,2.4633765047064027,163
565,8.328048191047197,2.6446130752432535,163
566,8.545395319785856,2.678420573338696,163
567,8.386858622497096,2.315858827729451,163
568,8.49037924801105,2.589610010477479,163
569,8.549314361545521,2.6051759113466346,163
570,9.455365474496002,2.351291147581554,183
571,9.706356021996744,2.176991482959443,183
572,9.477491661945121,2.4041557378465748,183
573,9.518836468020732,2.301536530988875,183
574,9.47403922635742,2.7463022740204552,183
575,9.50233685713722,2.651472563401395,183
576,9.33555873696572,2.3967774482233413,183
577,9.283992367610855,2.837865370801646,183
578,9.739175759483746,2.6472648230487392,183
579,9.372955797752251,2.4512752924737065,183
580,10.125089142768964,2.613839288468015,203
581,10.843641385888612,2.5421787135954066,203
582,10.29156412998546,2.5156301655927815,203
583,10.253190187956466,2.4906110308150717,203
584,10.653385564801447,2.3869053116699988,203
585,10.86596286095089,2.457898738469984,203
586,10.707640922776578,2.246056477870692,203
587,10.584586368007853,2.4852490559807876,203
588,10.589213151249792,2.3517113339273625,203
589,10.628012333817047,2.3344616024176346,203
590,11.526984122673023,2.515806325921894,223
591,11.70880034295169,2.299896175762269,223
592,11.637747490900347,2.409794853407318,223
593,11.264424909456524,2.5479672901213806,223
594,11.351555779514449,2.2610509399702496,223
595,11.641115678198233,2.56607121069406,223
596,11.352626890969253,2.497054330160998,223
597,11.466305027500447,2.5828734931625723,223
598,11.582507814853683,2.5335871201096993,223
599,11.354748331770455,2.7046210644960764,223
600,12.518783675397186,2.313420514691307,243
601,12.435589168831212,2.3960642203306137,243
602,12.518344625454843,2.3922389101646204,243
603,12.581494704355459,2.6342386565416662,243
604,12.507329010548856,2.4557575482561957,243
605,12.506088753680583,2.68716131090106,243
606,12.394701246828987,2.3989764063634196,243
607,12.400564862367357,2.54184912433357,243
608,12.289609209230045,2.3746979420110366,243
609,12.762436511478041,2.821772369166008,243
610,13.321860237145573,2.416376232248825,263
611,13.546473106534053,2.294529553063138,263
612,13.595066532139814,2.486757692747312,263
613,13.562069864617724,2.8869564006481476,263
614,13.472206851168345,2.3794488148045403,263
615,13.480526895039986,2.74586752081661,263
616,13.506571720796867,2.7516551221114662,263
617,13.477949699755726,2.416961763743801,263
618,13.644581867519236,2.585347461877791,263
619,13.831578450238702,2.7442594934692806,263
620,14.443130838851877,2.5496320348321686,283
621,14.469462945984645,2.6250293442413386,283
622,14.412747862907704,2.200939653614282,283
623,14.34778649039607,2.556108485477136,283
624,14.402608368240099,2.6841503488709937,283
625,14.316408959985662,2.318553847196319,283
626,14.505112520238884,2.7508858580256557,283
627,14.384504015341204,2.562852851404907,283
628,14.535067886768612,2.394248221636239,283
629,14.266615653069456,2.491634638351344,283
630,15.583749036878258,2.6636965180891403,303
631,15.511400808711862,2.5913707181360763,303
632,15.580813398866955,2.336153085299113,303
633,15.361898961038095,2.4525387325457797,303
634,15.525404123605412,2.6819646549968774,303
635,15.287942825464253,2.5212575370459858,303
636,15.483316090797695,2.8478994309972543,303
637,15.364413853780281,2.558997675909156,303
638,15.389670508611536,2.5288073674735045,303
639,15.685413976281566,2.453632530369625,303
640,16.520031135717343,2.5582867906796447,323
641,16.477129524542917,2.8739499276149187,323
642,16.606216301503288,2.499089363269016,323
643,16.643505347519188,2.6257736161677463,323
644,16.38210158092381,2.512274403782135,323
645,16.300315056966333,2.4851665520213286,323
646,16.224569194034505,2.637861472448165,323
647,16.576198699036883,2.4564588183717024,323
648,16.33449500907392,2.5401088471107856,323
649,16.177066411057126,2.548254670929402,323
650,17.399786431953544,2.496245956188228,343
651,17.64880635243048,2.622664944880043,343
652,17.47375603649569,2.708531132352597,343
653,17.386638226076073,2.5836715459527793,343
654,17.580476476535562,2.501552892976507,343
655,17.365229802731346,2.303224565147476,343
656,17.50422717360537,2.3402329505386943,343
657,17.49863215050337,2.4542162943468,343
658,17.662884334874736,2.4085731696761075,343
659,17.571204734931992,2.4719543045521832,343
660,18.508497488734566,2.7296126248515544,363
661,18.57945391315351,2.6828142777545976,363
662,18.489425183291136,2.467983569360469,363
663,18.57297524657393,2.723608920527493,363
664,18.50967116222152,2.5223001185803167,363
665,18.20368001504692,2.449437104332294,363
666,18.359099690927188,2.4079896004688592,363
667,18.478386866641756,2.454629547026781,363
668,18.318545788573832,2.4417734772188155,363
669,18.58998930949943,2.525562433356323,363
670,19.52408609715748,2.324483046091096,383
671,19.50045690302301,2.2297029343629973,383
672,19.565540725461954,2.581219409230718,383
673,19.67859694121795,2.613873274045397,383
674,19.6424331203162,2.413523439890992,383
675,19.277265304732513,2.1113436561782635,383
676,19.116911829764707,2.4180633327621277,383
677,19.640147986685893,2.558770600810382,383
678,19.294968195237686,2.2781632646838808,383
679,19.466285189716096,2.5275039879668735,383
680,20.49770352262405,2.4740580910114867,403
681,20.586893724940165,2.7567562720213514,403
682,20.517937055262124,2.2942148285602966,403
683,20.354039658867766,2.257965790318489,403
684,20.679485725249673,2.7206755491240413,403
685,20.476220564045956,2.4686014484272203,403
686,20.49590431907351,2.3996390892010124,403
687,20.360009806139022,2.6559857031094114,403
688,20.433507662321272,2.4091576690394705,403
689,20.367279592895965,2.7739014570320406,403
690,21.60168888070089,2.5689958214408675,423
691,21.426813288778146,2.398342694537184,423
692,21.823596231989825,2.8020080871289936,423
693,21.4091427615495,2.5204802996624105,423
694,21.611314305801397,2.4452017673031836,423
695,21.544893887060972,2.527702045879736,423
696,21.69526119340982,2.2979310565705457,423
697,21.734226679509028,2.3542578942234025,423
698,21.504800622359866,2.680062086191664,423
699,21.38698731944807,2.4014658581542907,423
700,22.34296335259771,2.6992291212773587,443
701,22.580497912879093,2.583434501410099,443
702,22.67785562319945,2.568383165812241,443
703,22.60784299659976,2.8247503517351626,443
704,22.64940715287087,2.4034722654429785,443
705,22.38648073671458,2.6391760192121856,443
706,22.286728399988725,2.5085519687345625,443
707,22.725200047793322,2.5402888418294887,443
708,22.45159802417368,2.7292702639618796,443
709,22.462375047531744,2.5761753634434434,443
710,23.580744411857445,2.5461110046713653,463
711,23.66087610059647,2.6223605818808946,463
712,23.445257090568568,2.629071023253962,463
713,23.374118549899148,2.4125383842146593,463
714,23.343278620896847,2.4749317429320383,463
715,23.2050465115936,2.542386992573245,463
716,23.80843106949105,2.462696331072468,463
717,23.334518745141747,2.741101836402999,463
718,23.466811956462134,2.573646242745738,463
719,23.458478005016662,2.6102316679074726,463
720,23.599432190300114,3.5463249518898445,464
721,23.6760210786228,3.7553322416952857,464
722,23.527153233805556,3.536112976923285,464
723,23.305475207806623,3.890252467127059,464
724,23.559953192762897,3.5848264468447315,464
725,23.402296465931226,3.2358855861266274,464
726,23.420707497737535,3.6130012431656797,464
727,23.587954602813262,3.5571737577324165,464
728,23.685742460715044,3.6934629131124117,464
729,23.50319073651041,3.6009772026904936,464
730,22.479231602402432,3.6794947229968478,444
731,22.316355264556595,3.4085325643520927,444
732,22.468646511407098,3.4798974249990624,444
733,22.372421931868605,3.5022032292093797,444
734,22.412921482529292,3.382265253037664,444
735,22.58828676066309,3.597242065076579,444
736,22.750485675652712,3.4818577777088326,444
737,22.559200729473446,3.562929866586054,444
738,22.320617540694723,3.366876173329685,444
739,22.56669040023302,3.4343812549514885,444
740,21.608357203674167,3.417221278116133,424
741,21.444075027186233,3.883729892850238,424
742,21.75904457768501,3.415362860201392,424
743,21.44005457215781,3.5276826954795557,424
744,21.533702708862783,3.731316492885181,424
745,21.639888624780962,3.8009139332238684,424
746,21.287245140060044,3.8092255364954597,424
747,21.235878678202884,3.6812549345889716,424
748,21.271151552814487,3.653609378871719,424
749,21.68938761551408,3.5888790423801775,424
750,20.616754161424996,3.3287466328799744,404
751,20.41732214255072,3.4709510811080424,404
752,20.377270167486653,3.3924766519095795,404
753,20.499493831388357,3.220019507439041,404
754,20.474472306621262,3.487597897123595,404
755,20.432015792600907,3.4817378737425075,404
756,20.604458117118508,3.7270174614863194,404
757,20.643295781285577,3.5946217526832167,404
758,20.513261032943777,3.3463719763506194,404
759,20.72162951215829,3.778113884950128,404
760,19.683155054328804,3.5211329370366804,384
761,19.58731465552029,3.2347340951655723,384
762,19.466027385172524,3.5484751571277173,384
763,19.356084114491477,3.4778596120552,384
764,19.444168983589343,3.4300945247197636,384
765,19.663312292955627,3.2607945399099805,384
766,19.782687945890192,3.5770400159854576,384
767,19.73148652924083,3.4200948740507133,384
768,19.42667258673206,3.324512474643457,384
769,19.33205738500665,3.069160668007753,384
770,18.495872764242403,3.4849768885280072,364
771,18.765837739500462,3.469448937473455,364
772,18.74918888218218,3.368302611986516,364
773,18.43143556151206,3.375967946894021,364
774,18.409668190945734,3.466028166214771,364
775,18.570316138411254,3.5551048260224265,364
776,18.350242184121758,3.6370376939349875,364
777,18.54526878497292,3.3795231573979483,364
778,18.614912041757705,3.7239032853439284,364
779,18.684039983582647,3.459331459843615,364
780,17.496794905847736,3.619139701943274,344
781,17.387918248127825,3.3118565865246126,344
782,17.13636396095906,3.5440336898249942,344
783,17.632606809454156,3.2965127293064893,344
784,17.610526584563864,3.569964497365029,344
785,17.45780086643227,3.4946537776553774,344
786,17.51004860758373,3.2577302276141737,344
787,17.577390882655614,3.6747109031685756,344
788,17.265618121467018,3.3898112634802926,344
789,17.420642098398055,3.378462134447843,344
790,16.53008537958464,3.339179148202159,324
791,16.67229560241431,3.061797427475809,324
792,16.34762672715324,3.5654839706236503,324
793,16.509251977477195,3.6355902261629294,324
794,16.564322475049586,3.1455601346687243,324
795,16.603965841089472,3.3485403942935092,324
796,16.526466233291583,3.5928731391507798,324
797,16.444945824137502,3.808624320456755,324
798,16.37586146690269,3.503119056151311,324
799,16.512921582456958,3.3907995588156297,324
800,15.472565533834274,3.4562283096626683,304
801,15.706231462872228,3.2655213786955013,304
802,15.40310537313132,3.632466466572074,304
803,15.380121199002462,3.48832442044808,304
804,15.427588471672696,3.472928012961406,304
805,15.357000708761193,3.978966135176729,304
806,15.518400547399219,3.544812936254853,304
807,15.743701768770434,3.3872313424857223,304
808,15.548461890967404,3.4360463605691685,304
809,15.462146974681056,3.672266856379513,304
810,14.516990561580664,3.5727099225941714,284
811,14.284258303252395,3.373046501751369,284
812,14.63788434018628,3.4034675251523807,284
813,14.399778387169151,3.6544941226371743,284
814,14.780994666432631,3.449783700184019,284
815,14.662007209857197,3.4394527305137004,284
816,14.432901715651187,3.356731613097597,284
817,14.692152454260267,3.563539859839019,284
818,14.51017832657911,3.8093787378864716,284
819,14.627916051268333,3.339870062861859,284
820,13.503632918500914,3.5869449759820364,264
821,13.711833083312314,3.548869447487325,264
822,13.488053791313142,3.5291576452366002,264
823,13.56785576943746,3.4470250560783966,264
824,13.340640970777969,3.5507725765192535,264
825,13.564246064581146,3.4556897884791455,264
826,13.471928360249319,3.525269146440442,264
827,13.647859499351979,3.697639630341194,264
828,13.678107907734713,3.349018615208054,264
829,13.888434546302792,3.670981784169357,264
830,12.69756726010098,3.464160185124546,244
831,12.482289720951337,3.444976338227797,244
832,12.18172176514871,3.441236277643427,244
833,12.408826701935835,3.3616384723252244,244
834,12.694549181984167,3.742306353420416,244
835,12.496569790655167,3.451651929618299,244
836,12.350104665155763,3.6825737781238246,244
837,12.424283761815767,3.7281974077883677,244
838,12.626093003975683,3.649746634722194,244
839,12.582010035230207,3.435256953092293,244
840,11.56055951355049,3.588004070221291,224
841,11.496370659041363,3.428764451506621,224
842,11.36444472089048,3.6306945946185865,224
843,11.54865389225824,3.2981030479629876,224
844,11.323144031326029,3.518956936931962,224
845,11.678151908269234,3.790839349858743,224
846,11.430307405405241,3.3499503013091636,224
847,11.530173948380925,3.3983382544212724,224
848,11.54249318073192,3.5770861774488374,224
849,11.46116425394439,3.52693726729094,224
850,10.552594514891034,3.666062100393046,204
851,10.57337806952215,3.48194282540696,204
852,10.595208220284265,3.1740995680978945,204
853,10.666454976293434,3.6271132515725633,204
854,10.561472798539278,3.4197007721069115,204
855,10.463811351807218,3.486420007654376,204
856,10.60088605518041,3.549797049585352,204
857,10.784982290234282,3.52857495196686,204
858,10.480104938042613,3.6064177725708557,204
859,10.353820604299404,3.4346770444145234,204
860,9.576965869726413,3.4664801026442222,184
861,9.461067998362413,3.4476024805822703,184
862,9.610821572133126,3.49708705911684,184
863,9.592305122601958,3.454523032574859,184
864,9.35968419469331,3.6199912852913076,184
865,9.662897317426255,3.2575534087345117,184
866,9.419605483232893,3.341947637128047,184
867,9.621208669742172,3.339829561763121,184
868,9.555093097010202,3.6425461387960363,184
869,9.77572755151927,3.756592005887289,184
870,8.48433261721938,3.0945151560501145,164
871,8.474676741521499,3.601681297929636,164
872,8.510507824466977,3.4018886475308863,164
873,8.674281745391228,3.2254050654715316,164
874,8.360897029871413,3.576680389928747,164
875,8.535755347410218,3.706048781774444,164
876,8.646279644467365,3.479382722805846,164
877,8.575164125490977,3.642931182080441,164
878,8.528437242489812,3.7418417386982967,164
879,8.650156913885072,3.6972371680376073,164
880,7.745994679405709,3.506540366955868,144
881,7.611319123660784,3.754257656064613,144
882,7.511315045835239,3.406602595739832,144
883,7.259705128215424,3.5291911182855866,144
884,7.463090626780508,3.388629412145293,144
885,7.373513010702571,3.301996623316894,144
886,7.825641407624672,3.4082346363642073,144
887,7.47361712813515,3.494444480442738,144
888,7.5184807210176725,3.435604666322411,144
889,7.58272280640607,3.3961368530189215,144
890,6.289052380449225,3.2187241295531384,124
891,6.487534164105695,3.5172539118721127,124
892,6.274291943895349,3.475980080665004,124
893,6.614008394553441,3.60070101146757,124
894,6.512365962940176,3.5319794942356535,124
895,6.28136727508026,3.387204600239177,124
896,6.453618638442521,3.4521419096500074,124
897,6.387176539161413,3.380596121479477,124
898,6.547876176562877,3.6614010707897897,124
899,6.701067566903472,3.5031967473007914,124
900,5.785178602862951,3.4275408422474842,104
901,5.490900877927807,3.522018951797832,104
902,5.393738984963431,3.741833094238314,104
903,5.272942841108076,3.63452589737983,104
904,5.229529048561608,3.459720402814125,104
905,5.2623796085491765,3.366321166187707,104
906,5.540068997651723,3.1772276898006044,104
907,5.57630875348449,3.392127002113637,104
908,5.26282139469518,3.4683304641758457,104
909,5.634255747111418,3.3519230709273224,104
910,4.480311454936154,3.6062321634884835,84
911,4.511527782443816,3.534982419689525,84
912,4.4662716027287885,3.6429704950869866,84
913,4.402499612876481,3.5430686247802736,84
914,4.525298200795009,3.4081343938039343,84
915,4.566291097435411,3.5542255287809152,84
916,4.336440138383573,3.328441068901901,84
917,4.71163985696194,3.5162839558664785,84
918,4.4852117801573606,3.495015501403331,84
919,4.502827443441727,3.468782471409119,84
920,3.4807193732841606,3.4030659035234296,64
921,3.217722643175354,3.766296633891427,64
922,3.4176912638388557,3.320954475236528,64
923,3.513926735171167,3.6378731260415003,64
924,3.52397845879961,3.650087347706447,64
925,3.3458487288611063,3.399406968638503,64
926,3.6898561761297053,3.708869795009649,64
927,3.370073772767825,3.462493022810157,64
928,3.6454185800790104,3.5433040443919785,64
929,3.5640791542807526,3.539048275815683,64
930,2.479853688779418,3.3341442997271096,44
931,2.621621240973967,3.46776184545669,44
932,2.619023308082832,3.453794857372139,44
933,2.237720204014273,3.616949079840401,44
934,2.6956510364317228,3.6965463119179414,44
935,2.250626201794649,3.7093525716184934,44
936,2.6548819306512486,3.4156747960132545,44
937,2.6690057705241377,3.468616718938321,44
938,2.3363550354677205,3.2474842711668575,44
939,2.438377856806812,3.379119490025572,44
940,1.6447277449646187,3.5819426372005547,24
941,1.7423374235322346,3.5009633404716407,24
942,1.3148476692180118,3.4345421164210146,24
943,1.4111303611270658,3.4835585294111255,24
944,1.496039136456161,3.4867455561191996,24
945,1.542024173822941,3.444498345517681,24
946,1.378559472011753,3.4611805905999344,24
947,1.5636091566696135,3.7397970755757077,24
948,1.4289240979393625,3.584137917191186,24
949,1.4978321593682582,3.455677952295626,24
950,0.6045431606766103,3.7598772499227637,4
951,0.4499270765365985,3.8346950219288947,4
952,0.6759686956379962,3.5957076652161137,4
953,0.5554463288297141,3.5751266712416685,4
954,0.4839046783993657,3.229841339877089,4
955,0.5671575388715416,3.418598930039897,4
956,0.2643685771897251,3.381832437213764,4
957,0.3309848796635292,3.4068728602623324,4
958,0.3209112490401417,3.4747784272122817,4
959,0.5214414642145561,3.429186413345431,4
960,0.20310502844363187,4.315567560832138,5
961,0.61218653841763,4.574504883485479,5
962,0.33908854613902906,4.430203431482992,5
963,0.5358870296166725,4.48410774685438,5
964,0.811112400462496,4.896651502052555,5
965,0.3620923112620365,4.274554450740727,5
966,0.12045687158805057,4.538060949224186,5
967,0.4570993667179834,4.570153975764815,5
968,0.6651439452497856,4.662867948740902,5
969,0.7937521181330891,4.514697473020634,5
970,1.5462075809256153,4.234045129768968,25
971,1.4412527148867313,4.689288225107099,25
972,1.540369041186766,4.364140154870607,25
973,1.4485211586753883,4.401935049202677,25
974,1.5932357834784077,4.410650805893476,25
975,1.444558449593455,4.706165713975623,25
976,1.556565059085328,4.179648867903196,25
977,1.4956105779472533,4.970662280048999,25
978,1.668907537615825,4.658408521359908,25
979,1.4922909414617271,4.533485837119374,25
980,2.491765899907557,4.589033508342129,45
981,2.5428331112286484,4.0589417048003575,45
982,2.578168364256901,4.598385116479464,45
983,2.5967823378925083,4.529210429207816,45
984,2.5833406699005175,4.497193686533115,45
985,2.5134371021882873,4.441722232036667,45
986,2.470399236953901,4.668616907997902,45
987,2.4773090074519732,4.642128969318429,45
988,2.470763757947098,4.3840683498264585,45
989,2.6700655145300596,4.561057843068681,45
990,3.354251489818807,4.620061428784152,65
991,3.2930572752816603,4.613143699472036,65
992,3.405992416311505,4.678337005721197,65
993,3.6293590208574136,4.606245577080159,65
994,3.642968756806413,4.552717231131237,65
995,3.576962813014594,4.6605225357474644,65
996,3.6087643680271997,4.496021811112641,65
997,3.5774267430672437,4.367718802315842,65
998,3.403777760716557,4.475539955408435,65
999,3.5647883817010912,4.3882646032790324,65
1000,4.398723258753843,4.258866020344654,85
1001,4.4783221993926725,4.385591283215068,85
1002,4.381137011850006,4.384628647531906,85
1003,4.453805770554144,4.35901453483367,85
1004,4.215957799956932,4.624421226289762,85
1005,4.53199405610594,4.470926079184079,85
1006,4.500180821304333,4.460322773803409,85
1007,4.377436705339772,4.199420645338987,85
1008,4.5988868502648605,4.595312704531384,85
1009,4.6406355206439835,4.314111240771979,85
1010,5.508989894539949,4.621068389495597,105
1011,5.541606540693729,4.3539680700443295,105
1012,5.704098789375798,4.571453665403433,105
1013,5.303676940132133,4.575820523874994,105
1014,5.047073176626876,4.659031486124832,105
1015,5.527577431713055,4.9139490058366615,105
1016,5.770076677226628,4.558862395076815,105
1017,5.685841952940915,4.423655456143875,105
1018,5.531448912291194,4.4961638531712005,105
1019,5.426254572155193,4.234638614266633,105
1020,6.395793030336641,4.623764739700145,125
1021,6.438607634283034,4.369930467643365,125
1022,6.421386740309811,4.4012825266387114,125
1023,6.522853230805058,4.4544410956835,125
1024,6.3766370101426695,4.298119361479018,125
1025,6.668154600098671,4.377111321041776,125
1026,6.500031059737729,4.428566868968301,125
1027,6.498604951829208,4.631158377106909,125
1028,6.450815792523063,4.539384199350288,125
1029,6.523278602578847,4.529038486705132,125
1030,7.627634694325196,4.644809622688675,145
1031,7.47939423174009,4.685419608270933,145
1032,7.558569727489333,4.5132986386442155,145
1033,7.484516737060126,4.529597356110839,145
1034,7.539804352409944,4.407352215684847,145
1035,7.412586201358263,4.452589071595942,145
1036,7.134177426258535,4.592365672465672,145
1037,7.479858125672054,4.680582665575322,145
1038,7.713412220414991,4.47908305864785,145
1039,7.638932310336239,4.432471610272288,145
1040,8.500079193828489,4.549011714690348,165
1041,8.590181012339368,4.545071153941624,165
1042,8.283421777579969,4.59333107160651,165
1043,8.155572857029414,4.329175032332885,165
1044,8.417419472576263,4.65586676811304,165
1045,8.316893136112876,4.488635357019681,165
1046,8.423778970352904,4.600572092586182,165
1047,8.47783295217738,4.339221415043976,165
1048,8.432012738646549,4.26693618509759,165
1049,8.717870130170612,4.6226834487037545,165
1050,9.556461428914627,4.418382899682871,185
1051,9.364692266846374,4.475581064089156,185
1052,9.369550537808795,4.506137876309358,185
1053,9.668815217662216,4.349671881632779,185
1054,9.3215882160699,4.611123651813019,185
1055,9.746400942988394,4.4230179650292625,185
1056,9.36490688980282,4.465710012698997,185
1057,9.595758788841257,4.350847593808723,185
1058,9.450707228637652,4.115649951180703,185
1059,9.590478114662352,4.4713458356099745,185
1060,10.861892313241938,4.565771360821459,205
1061,10.617690643184703,4.5029424986540985,205
1062,10.497110943039841,4.600929185395023,205
1063,10.46056637561876,4.588772120061207,205
1064,10.503369883921806,4.446893893358847,205
1065,10.582067867276281,4.413959734065465,205
1066,10.322878077703674,4.515278444289298,205
1067,10.667148254200331,4.732353022724278,205
1068,10.607307197316187,4.314133938651915,205
1069,10.60772785885619,4.279871210137134,205
1070,11.524714126185478,4.473621839335189,225
1071,11.507633155278402,4.7492205248592025,225
1072,11.526001249655561,4.503132973244394,225
1073,11.536592979686276,4.534605135857802,225
1074,11.46651966180478,4.310975285224113,225
1075,11.723479515790313,4.407545788794079,225
1076,11.259864403228523,4.443720542951409,225
1077,11.375725446282964,4.452342735486565,225
1078,11.484511785977643,4.692246569250566,225
1079,11.253521678326875,4.583653659108768,225
1080,12.333281306459446,4.648100177488366,245
1081,12.5369757167648,4.488607346453621,245
1082,12.574733262274517,4.452022871511773,245
1083,12.67102235577819,4.522763698837311,245
1084,12.737081102985256,4.374728564755497,245
1085,12.34773587122582,4.813430808254216,245
1086,12.37837137331845,4.258850845932291,245
1087,12.311363321162808,4.527711086834358,245
1088,12.464897021133952,4.803540932884446,245
1089,12.56995375616695,4.501019976684,245
1090,13.471494144749776,4.260281347217438,265
1091,13.446383186578435,4.569325899912291,265
1092,13.472941247735639,4.803646443493028,265
1093,13.70592727120148,4.295523899311078,265
1094,13.168220713300574,4.528455925141559,265
1095,13.730015055194448,4.400702673330509,265
1096,13.286406427132478,4.563883080928956,265
1097,13.460002150614837,4.502872166612363,265
1098,13.435613336955202,4.403776963643353,265
1099,13.588282990465608,4.573180842730661,265
1100,14.770652216468012,4.312438839904543,285
1101,14.471364431240906,4.590677298953305,285
1102,14.607963691322228,4.632349959348511,285
1103,14.306009056319326,4.432186450075038,285
1104,14.356534543477299,4.429493677836075,285
1105,14.570860941682056,4.539881734447807,285
1106,14.722617404280395,4.434492039593911,285
1107,14.55334200231785,4.4900801078061265,285
1108,14.453041295421526,4.814958268374977,285
1109,14.499893710813502,4.4629461448881,285
1110,15.446248977196817,4.397305526135999,305
1111,15.402868729154726,4.618593839874415,305
1112,15.611628795724991,4.204484427343225,305
1113,15.472816374017285,4.633889600744896,305
1114,15.402594044251787,4.318324210607883,305
1115,15.698195604840953,4.609614617859979,305
1116,15.712940450677046,4.502140960175465,305
1117,15.409936465139195,4.356909087090504,305
1118,15.220019007295907,4.438944553060983,305
1119,15.651127053475538,4.602947768543505,305
1120,16.515884167967286,4.48086763194337,325
1121,16.587661947070874,4.726673239537102,325
1122,16.796466087677324,4.282323646492266,325
1123,16.265363758243343,4.498186657823092,325
1124,16.742581886245294,4.312140983338032,325
1125,16.515653390628483,4.554544782393745,325
1126,16.36518239275153,4.633033108514595,325
1127,16.30045295613915,4.436885730947842,325
1128,16.471631941383446,4.10936792150593,325
1129,16.63824751678867,4.529842222019474,325
1130,17.565510782760025,4.552151472530751,345
1131,17.560644213244256,4.426915715382967,345
1132,17.685367328773324,4.398643788125758,345
1133,17.339341948052642,4.505122862623204,345
1134,17.60203241581757,4.336913109170579,345
1135,17.678876126871696,4.337126230667222,345
1136,17.233211862399024,4.601905992443475,345
1137,17.547947773887845,4.3276808947262015,345
1138,17.42437302534885,4.599946875136382,345
1139,17.487771599034755,4.569388693928093,345
1140,18.24112899068141,4.760834949569637,365
1141,18.398365302149653,4.646828707617269,365
1142,18.679116410457105,4.512797721384754,365
1143,18.352825170329048,4.378760141753861,365
1144,18.43033936065359,4.375433339016515,365
1145,18.569309133987783,4.578377115789864,365
1146,18.61750857639239,4.562759733133302,365
1147,18.462269167093325,4.710239788941965,365
1148,18.410373470796255,4.597567513880421,365
1149,18.713355479254776,4.274537954736028,365
1150,19.657792142658437,4.451899856166421,385
1151,19.35029090590284,4.769281703386849,385
1152,19.44240430920715,4.534510613878711,385
1153,19.537530030937756,4.574661463363709,385
1154,19.799350123467594,4.599888637808169,385
1155,19.966487783400805,4.563237991592168,385
1156,19.591008458870427,4.625841075070442,385
1157,19.47252050719194,4.407412022017962,385
1158,19.580175847272084,4.416254736908096,385
1159,19.633148313881076,4.334976865054246,385
1160,20.565925184593034,4.455904957850373,405
1161,20.616840475526818,4.48926011222129,405
1162,20.568665929922783,4.272318937997879,405
1163,20.75117386500213,4.446445619879008,405
1164,20.499160597175642,4.633557474527968,405
1165,20.600311248338876,4.586280752415985,405
1166,20.336244868579104,4.575099858207182,405
1167,20.44193504462884,4.507466053077144,405
1168,20.604330663634865,4.501059473794227,405
1169,20.62736531661147,4.400951829078983,405
1170,21.60482426303038,4.658990457606993,425
1171,21.56314594165841,4.592550892436504,425
1172,21.57380282719892,4.602535398480072,425
1173,21.42109477359986,4.29510664331992,425
1174,21.176998562019314,4.68179159780796,425
1175,21.664572906763055,4.539187579685079,425
1176,21.42817438159874,4.444608429113069,425
1177,21.370583635393533,4.521508270101338,425
1178,21.604021836787098,4.233564715065252,425
1179,21.44119810401213,4.561297921722101,425
1180,22.34559427377269,4.4766152733095,445
1181,22.29709945712347,4.41775690552641,445
1182,22.271646122067317,4.524002733877918,445
1183,22.66690325624849,4.575267410425131,445
1184,22.40561049094608,4.667609822385369,445
1185,22.730059156487474,4.717274884483939,445
1186,22.419629780542156,4.446034703131637,445
1187,22.24389630636106,4.301092847087694,445
1188,22.3325213340077,4.437980225831509,445
1189,22.685371743001042,4.539042075987433,445
1190,23.355436161068408,4.223071820664286,465
1191,23.356427362765743,4.360573370971139,465
1192,23.551568182232483,4.275520611736488,465
1193,23.49270214726443,4.402496409838966,465
1194,23.504919549311737,4.487484304531446,465
1195,23.38622569979499,4.28255321704522,465
1196,23.465439892869135,4.361721028031203,465
1197,23.361365028359753,4.349406394187775,465
1198,23.63352976166872,4.531090099409842,465
1199,23.655287400208564,4.510401650555438,465
1200,23.391739366999413,5.622816646563229,466
1201,23.52652313082091,5.730689787761883,466
1202,23.41799798731191,5.3316182790633375,466
1203,23.459251733451094,5.36237457684786,466
1204,23.75101781354478,5.652649220026525,466
1205,23.70106915776855,5.540724296623847,466
1206,23.30506281446086,5.582721441285928,466
1207,23.624459862681878,5.551088382460074,466
1208,23.62170948317374,5.558604388139222,466
1209,23.327760506687106,5.301029180753337,466
1210,22.657097655993216,5.58469088888404,446
1211,22.675438498864168,5.3470503491961825,446
1212,22.465591388389797,5.4964671773688645,446
1213,22.49347845752792,5.473846861314574,446
1214,22.270333874616643,5.533796188306141,446
1215,22.577138213402677,5.444570960674996,446
1216,22.585808616257122,5.48027911064925,446
1217,22.490671347450103,5.623907075716226,446
1218,22.668653003980577,5.434485364414267,446
1219,22.44988841535301,5.259013434889198,446
1220,21.762437585630813,5.362571212677814,426
1221,21.707218111803574,5.375226668765433,426
1222,21.306160595734156,5.489923256492597,426
1223,21.603456170786778,5.392636001633387,426
1224,21.4245537844173,5.602307809856893,426
1225,21.53952308229966,5.723086923300389,426
1226,21.544133619352024,5.412992013794494,426
1227,21.46483882995255,5.535910675080307,426
1228,21.382435150162042,5.57495276654544,426
1229,21.39641884215256,5.570800340637891,426
1230,20.511393290187414,5.660946707164902,406
1231,20.611402362753957,5.854580874192904,406
1232,20.5723373429021,5.382102095104752,406
1233,20.314350636650904,5.292843309526933,406
1234,20.63037340965839,5.545572789340731,406
1235,20.63309362559001,5.608234375768921,406
1236,20.385507084373213,5.465370043923285,406
1237,20.50569067531714,5.717989099498155,406
1238,20.60249934892166,5.299209130041513,406
1239,20.468602927063095,5.603937793454742,406
1240,19.409120876886167,5.4979243380858644,386
1241,19.757906685931093,5.3965408338903735,386
1242,19.798877302975217,5.426031576640034,386
1243,19.3850015118325,5.716544800520322,386
1244,19.417566429613714,5.311523965858112,386
1245,19.62893818304697,5.621980778012197,386
1246,19.441930402531572,5.458155560450229,386
1247,19.493188317310164,5.458035974725624,386
1248,19.50380826308136,5.618555784407756,386
1249,19.21204902657035,5.5510076941853335,386
1250,18.58559194958293,5.572279909257774,366
1251,18.64522769907993,5.582089719606695,366
1252,18.4503037425225,5.582332575297604,366
1253,18.408164489823836,5.461756630966946,366
1254,18.33722742101633,5.481181860999565,366
1255,18.37618842050316,5.549181928623904,366
1256,18.94236416379631,5.5128839509439995,366
1257,18.686701937110517,5.167104944087869,366
1258,18.297338845068797,5.465530055413721,366
1259,18.301631306488463,5.372289034860953,366
1260,17.526281712836276,5.571044811521718,346
1261,17.947788850390513,5.361042830502769,346
1262,17.555122249821146,5.583326896951338,346
1263,17.45297054707414,5.362197023277086,346
1264,17.638270225296587,5.437394977959237,346
1265,17.57240318308138,5.4557365128643145,346
1266,17.563014173567776,5.646372507901706,346
1267,17.59102758898235,5.637768166591362,346
1268,17.808481534724432,5.313142393533043,346
1269,17.330366734701112,5.5082401166499775,346
1270,16.393563021787624,5.262102503164306,326
1271,16.3112242633987,5.218011342229143,326
1272,16.467447442436345,5.780644776305767,326
1273,16.453727581731627,5.558442126605636,326
1274,16.86400747295183,5.369756090218545,326
1275,16.564943973804105,5.580194362918365,326
1276,16.293357374886863,5.104637839147468,326
1277,16.41528389937436,5.500506325989575,326
1278,16.653207494314408,5.549173175926462,326
1279,16.81326641593049,5.638640520930674,326
1280,15.34791560715612,5.5057356992440045,306
1281,15.512853074210504,5.282711287804968,306
1282,15.361186306091062,5.455048502798982,306
1283,15.538307563351147,5.492469307443738,306
1284,15.365698051645547,5.893118963654496,306
1285,15.438784874125966,5.3332049461338755,306
1286,15.350627690781465,5.719626585812866,306
1287,15.597670436273548,5.649528816019871,306
1288,15.628767667498499,5.54209546067352,306
1289,15.464806914506388,5.76379307262927,306
1290,14.555815820891029,5.6856157202026205,286
1291,14.558373879350189,5.431404751736982,286
1292,14.492031902047367,5.493576492803264,286
1293,14.683535332362794,5.508703410221259,286
1294,14.664470385071633,5.627264632330792,286
1295,14.406148406875568,5.162966599902309,286
1296,14.302112920810185,5.4089949557852055,286
1297,14.469552904390651,5.531692553841921,286
1298,14.379994215340353,5.680011843464029,286
1299,14.490471313807697,5.4262146328740695,286
1300,13.21851709409372,5.597728298700926,266
1301,13.592956716894921,5.329347149436278,266
1302,13.404695641676156,5.4697762699078725,266
1303,13.321550001136446,5.499021802715581,266
1304,13.406348191543016,5.5898191584342865,266
1305,13.472321196351622,5.600251073307712,266
1306,13.409288300319268,5.389873930183225,266
1307,13.16916509143514,5.5122993334620345,266
1308,13.63455992953307,5.5685920606922865,266
1309,13.691231256191807,5.718373348322015,266
1310,12.60567598097371,5.544486331771115,246
1311,12.618358503106327,5.569477719290138,246
1312,12.512573994189404,5.529593839844681,246
1313,12.711568871780525,5.546696301016433,246
1314,12.561464419393925,5.754993606186457,246
1315,12.370836813473964,5.6607314728352325,246
1316,12.71050549551878,5.528595338689754,246
1317,12.604685490880854,5.641196587115123,246
1318,12.433543396830729,5.345121414470869,246
1319,12.428076054890113,5.5596890574920215,246
1320,11.771395952459967,5.363836572977962,226
1321,11.467293115691144,5.727892588546266,226
1322,11.372854910707137,5.576618813279139,226
1323,11.40218666671104,5.654587087843608,226
1324,11.336555044398642,5.4013248169221795,226
1325,11.382285713780844,5.628178784059992,226
1326,11.444423785211496,5.336209914940703,226
1327,11.289164947123204,5.633537125125477,226
1328,11.50234275009244,5.5257759009690295,226
1329,11.635341576067997,5.582987682997717,226
1330,10.323660809156273,5.395484227235563,206
1331,10.36573952365851,5.587303985062709,206
1332,10.589584232738007,5.5390663395000335,206
1333,10.35774779936637,5.419173721571089,206
1334,10.569480943814868,5.348716797388569,206
1335,10.294929329030964,5.205606146249113,206
1336,10.6272261319,5.552447507094954,206
1337,10.315121502784724,5.265279584295691,206
1338,10.582844990651928,5.514301629916196,206
1339,10.5938446400469,5.460482767587663,206
1340,9.60187141631573,5.347497530713525,186
1341,9.454693175076521,5.46338792894887,186
1342,9.450582832047937,5.494103906855855,186
1343,9.609780605643245,5.47982548233974,186
1344,9.550258704362617,5.55007899498528,186
1345,9.547423393577416,5.714705017274677,186
1346,9.570390138471279,5.662265009150924,186
1347,9.269664181518934,5.303167120985289,186
1348,9.613518301998047,5.5933104985459074,186
1349,9.591870319102041,5.699339997930311,186
1350,8.55802127810338,5.3772357001087,166
1351,8.663647063777894,5.729855158701717,166
1352,8.801840566855114,5.574979618561056,166
1353,8.653556431916048,5.290104073779709,166
1354,8.53739628934626,5.5551473939487135,166
1355,8.656763271112712,5.184996023852256,166
1356,8.521733174964533,5.593826202524656,166
1357,8.503585456492743,5.632784722448348,166
1358,8.44728786464294,5.411146606652192,166
1359,8.734512003824817,5.518532154393338,166
1360,7.793123615062543,5.68463117697321,146
1361,7.424137994360709,5.752752141806276,146
1362,7.34116386194151,5.584432129026153,146
1363,7.72224951036939,5.368027846974692,146
1364,7.794388078579619,5.798059166754916,146
1365,7.500554350777177,5.420354365328206,146
1366,7.6517194553112535,5.449729332824282,146
1367,7.701221387329632,5.551350675173444,146
1368,7.388627365119242,5.7331240631072165,146
1369,7.4272041246948195,5.628096396482833,146
1370,6.5622298250542865,5.763321354747323,126
1371,6.569493279517716,5.735952958782228,126
1372,6.50652720029652,5.430129164632276,126
1373,6.583720927177776,5.477374343264995,126
1374,6.120565988345855,5.488907865158741,126
1375,6.45550888113953,5.432251078576057,126
1376,6.536198290237517,5.529253747604219,126
1377,6.327347887457074,5.386257689666861,126
1378,6.557948497671734,5.3304076997593715,126
1379,6.469329316852082,5.59340668358504,126
1380,5.594429437633272,5.469121085367949,106
1381,5.379352636051001,5.388013248018964,106
1382,5.63430331461439,5.473483875532633,106
1383,5.405263340625201,5.267707255170438,106
1384,5.537974785705697,5.4263269379286845,106
1385,5.623051601891868,5.457268675994549,106
1386,5.494958115294443,5.461573037125693,106
1387,5.56821113682117,5.463775383119383,106
1388,5.422535553416864,5.490735370020981,106
1389,5.470530012485786,5.57191622771291,106
1390,4.631177561119879,5.589254419875335,86
1391,4.40253521597276,5.416386542033752,86
1392,4.319519871691629,5.438050326678485,86
1393,4.3436933381635345,5.360995253672903,86
1394,4.426919561820761,5.495284124443783,86
1395,4.447211802327524,5.372735704871378,86
1396,4.384500590070381,5.58596917198618,86
1397,4.305582500362516,5.232120026209883,86
1398,4.431581875878872,5.44605554913213,86
1399,4.527213993017096,5.545166100878761,86
1400,3.5275751774483757,5.482485112630713,66
1401,3.9039550495970743,5.404666323789339,66
1402,3.552470003685186,5.760827702777999,66
1403,3.3493918104736986,5.451813585082313,66
1404,3.485680362936639,5.77488355652188,66
1405,3.2335630499800323,5.62212276431774,66
1406,3.4879100376054857,5.572310009100308,66
1407,3.3750415914498864,5.555309972097628,66
1408,3.6373085413340243,5.559069594732438,66
1409,3.4175689588106697,5.210849113098159,66
1410,2.4581674908773867,5.244419261975992,46
1411,2.6267736956776484,5.361330101780567,46
1412,2.492665422478884,5.734433315276229,46
1413,2.2892215229794637,5.458901037725604,46
1414,2.4921393324133794,5.463492403093747,46
1415,2.755615827438324,5.455024270558768,46
1416,2.687033757330208,5.785620488435951,46
1417,2.4906993985950954,5.743893837304309,46
1418,2.6427173915587128,5.83281703501722,46
1419,2.4450239469447923,5.476143218439993,46
1420,1.5443436733120643,5.417759680761239,26
1421,1.2725036175868814,5.625000086767046,26
1422,1.7215401639177412,5.334270581040622,26
1423,1.3248330673098097,5.53308121405208,26
1424,1.5325163345643944,5.682693872845833,26
1425,1.3354046208550734,5.4230205453229905,26
1426,1.4116699759891955,5.3923121663878595,26
1427,1.374410635342545,5.465421306222963,26
1428,1.4088187108986274,5.676958781254107,26
1429,1.4191315945276533,5.5291161446430035,26
1430,0.4203178558088602,5.404403837945681,6
1431,0.572581497678206,5.568758005532723,6
1432,0.33465617752453647,5.18694594720969,6
1433,0.6022039265664422,5.41230734040142,6
1434,0.5612910961552652,5.495341160069365,6
1435,0.4538287293291674,5.363547487452725,6
1436,0.37421213023291533,5.359524043781561,6
1437,0.3669978616574814,5.399833066529667,6
1438,0.5802226004518866,5.543828909248956,6
1439,0.6843470753733593,5.4719006472390435,6
1440,0.1642653150012542,6.52118857101312,7
1441,0.18189497710474006,6.18041502802892,7
1442,0.4089702233214237,6.615231082494761,7
1443,0.5686529879080328,6.532309475818443,7
1444,0.0878742735912148,6.576240295951188,7
1445,0.4250404735772554,7.088935655965449,8
1446,0.42106282152238683,6.187383059075212,7
1447,0.7082506667312671,6.758704497464167,7
1448,0.44224672824307043,6.456882872089946,7
1449,0.5574483477111393,6.543099335660451,7
1450,1.4931731632048137,6.419699736947567,27
1451,1.4363645499902935,6.553768042731443,27
1452,1.4145250607641862,6.390356558642679,27
1453,1.5494263103359514,6.613688277488543,27
1454,1.272423945499248,6.60282616081853,27
1455,1.6125868751282648,6.7772913249944615,27
1456,1.437570839267212,6.473665408175117,27
1457,1.3304895991439463,6.600298220713686,27
1458,1.432498071300628,6.514710130930841,27
1459,1.688572382529386,6.694380767279452,27
1460,2.3921751418586905,6.630373188874534,47
1461,2.611750796931592,6.43166907109642,47
1462,2.4707954055824977,6.3666138757657516,47
1463,2.490371773433725,6.643295083735663,47
1464,2.513762872667256,6.631407018879469,47
1465,2.5378360594640017,6.720900601362647,47
1466,2.4825656435317063,6.409402906104615,47
1467,2.532206977475579,6.465567701695948,47
1468,2.7367177086343277,6.2540773756211845,47
1469,2.6478174528422826,6.441129334090869,47
1470,3.649485576586917,6.680899177482022,67
1471,3.43002569311577,6.616611102914677,67
1472,3.5960719692801235,6.570000647294912,67
1473,3.4714245341003283,6.728150934073907,67
1474,3.548608554233234,6.357662521876274,67
1475,3.32784629152765,6.762104479687333,67
1476,3.512781417445085,6.639828734639058,67
1477,3.0513296043648914,6.464516706917158,67
1478,3.4719655762757022,6.670343022077442,67
1479,3.255429013442729,6.334055973138255,67
1480,4.376322875770849,6.213161753687033,87
1481,4.4087115415140445,6.48970489308718,87
1482,4.420653343790398,6.294752744175079,87
1483,4.341516353585962,6.798091399884621,87
1484,4.683462460064299,6.636704408326208,87
1485,4.461171839944525,6.515863068690722,87
1486,4.552875745253532,6.6895560016482,87
1487,4.414447295037948,6.37305260338014,87
1488,4.226909504917723,6.581521906800514,87
1489,4.540508603758713,6.529971565057807,87
1490,5.53960301220005,6.727459108288036,107
1491,5.690853025016015,6.590317748058872,107
1492,5.609873815416971,6.510805529192561,107
1493,5.543308549423753,6.468168654514828,107
1494,5.251766884565756,6.357212230996665,107
1495,5.355993055708081,6.5116220777778295,107
1496,5.481593659960641,6.538662881021413,107
1497,5.514005856141497,6.313735913677756,107
1498,5.330469441298911,6.550126462586735,107
1499,5.861751501336763,6.476711142676288,107
1500,6.213828866318392,6.485954571689124,127
1501,6.370942248383074,6.698869497131328,127
1502,6.437959169986754,6.3069254647123625,127
1503,6.783153148601029,6.290432272233051,127
1504,6.583482968680063,6.412460101048099,127
1505,6.299677764635017,6.655756827652898,127
1506,6.572905443412646,6.272098088678474,127
1507,6.267904401659245,6.0751766602834145,127
1508,6.662403658083061,6.432326171238651,127
1509,6.429331302227318,6.582761119986638,127
1510,7.6800392624608245,6.126750896988051,147
1511,7.43052579568719,6.4012627381499225,147
1512,7.438286008932599,6.56802630688317,147
1513,7.673085110138362,6.352655894861798,147
1514,7.219538745045687,6.50884763323844,147
1515,7.441721883722549,6.5670308751204045,147
1516,7.528563583488759,6.448617619871335,147
1517,7.567382808192755,6.525569565649485,147
1518,7.423528996021368,6.355590115207308,147
1519,7.505166151755876,6.469008308045593,147
1520,8.591532425438384,6.29424894541543,167
1521,8.523545944145265,6.393583849635868,167
1522,8.41202030956541,6.456717695618645,167
1523,8.533632460643618,6.382436971831336,167
1524,8.607191468595493,6.760240486375522,167
1525,8.192508808213379,6.371484185925981,167
1526,8.673861109743385,6.41666798307697,167
1527,8.449561789197839,6.530658354740447,167
1528,8.563823489986035,6.319677571088587,167
1529,8.679587038546785,6.4406478932365605,167
1530,9.547617989187525,6.309600425517995,187
1531,9.450070939342623,6.755377198719441,187
1532,9.485991971165008,6.53034931946342,187
1533,9.420600183132745,6.744778534863366,187
1534,9.272829453622885,6.390045050671402,187
1535,9.548238981700885,6.772709288383673,187
1536,9.763239960747086,6.616273324105218,187
1537,9.502760244617516,6.582956012877854,187
1538,9.533789617587132,6.535103668152972,187
1539,9.60390841326753,6.462720707288833,187
1540,10.680079748771082,6.227303116191926,207
1541,10.521053980477207,6.613956844322625,207
1542,10.204939544461928,6.485831192833699,207
1543,10.332422030743949,6.562941495803618,207
1544,10.472123137171089,6.370417555911535,207
1545,10.546499847474832,6.691919739748663,207
1546,10.491511726665015,6.656258699608828,207
1547,10.682845618469049,6.587531645451783,207
1548,10.207334720394206,6.480572412970484,207
1549,10.521538190475773,6.58697859279427,207
1550,11.393966114801898,6.325732423413146,227
1551,11.628333348853106,6.457529165488435,227
1552,11.747422134148588,6.454871037928876,227
1553,11.660591583996878,6.3185784596871795,227
1554,11.39055962952889,6.558346809402828,227
1555,11.554212597590965,6.537721041341077,227
1556,11.306028768436203,6.470859630203222,227
1557,11.585858546676352,6.386631274976246,227
1558,11.567590511929382,6.657306068962485,227
1559,11.219527549070175,6.748311066963244,227
1560,12.42746577742302,6.486614876866783,247
1561,12.408174962426777,6.494364403253078,247
1562,12.573681149811799,6.240319804483261,247
1563,12.446295593037952,6.724240734117985,247
1564,12.479090419900515,6.5061988448405925,247
1565,12.610947972758701,6.566450319567107,247
1566,12.213596586873907,6.642732465586106,247
1567,12.697745348727901,6.346825631365955,247
1568,12.510902078649401,6.571020784855285,247
1569,12.438276028315673,6.459853836365181,247
1570,13.627015616282474,6.626297554317819,267
1571,13.180915886947275,6.444618919932883,267
1572,13.48513585496381,6.063951767101754,267
1573,13.409576901632406,6.443776691506729,267
1574,13.564839442595124,6.344218426873404,267
1575,13.57050662810523,6.255308627680858,267
1576,13.393856115776696,6.3143860042666144,267
1577,13.393173920373593,6.516411270774945,267
1578,13.4834001947164,6.699296124237235,267
1579,13.365503665902718,6.546977671079747,267
1580,14.409024491767639,6.3581380908954825,287
1581,14.568385629275605,6.591236928752745,287
1582,14.43113645346715,6.302430212008012,287
1583,14.395809944625528,6.616404187076522,287
1584,14.326845599765052,6.349667447160991,287
1585,14.237225678987242,6.387134714397045,287
1586,14.441511444016083,6.279982221407648,287
1587,14.52370802348802,6.424789677967155,287
1588,14.485506449497766,6.646296868771697,287
1589,14.437604960807896,6.577344213266594,287
1590,15.646763316804206,6.438547011105576,307
1591,15.57832138189009,6.606848323937024,307
1592,15.334449525720444,6.842247775480827,307
1593,15.450381616350866,6.407353748459945,307
1594,15.38297013063238,6.269743962870146,307
1595,15.699586235605857,6.217998494913836,307
1596,15.320481703036053,6.6069068043292,307
1597,15.634054653408366,6.2175274687912125,307
1598,15.633943080516316,6.444152142059312,307
1599,15.774443030257412,6.5655969780558445,307
1600,16.527776330524485,6.677524050033489,327
1601,16.563816729627625,6.323293869893543,327
1602,16.533343478370128,6.75008361673267,327
1603,16.691829871997008,6.728485793256839,327
1604,16.35715254288918,6.610343299586862,327
1605,16.39845072923122,6.767269836315659,327
1606,16.384101083209377,6.251506518848334,327
1607,16.624528771779392,6.421332779560602,327
1608,16.63505978825926,6.3897044808977075,327
1609,16.567683797897775,6.608221898563602,327
1610,17.342478889059677,6.437313568135116,347
1611,17.613624272400624,6.1961288190332935,347
1612,17.705580421599507,6.339372137197334,347
1613,17.6042804350126,6.786712863070958,347
1614,17.542562653549226,6.30793166434963,347
1615,17.35181899886489,6.528421973183162,347
1616,17.372972355081195,6.65111659597928,347
1617,17.6874428357945,6.311761599799656,347
1618,17.6169023505858,6.527706571217163,347
1619,17.49414707209337,6.640687330626598,347
1620,18.501874898286086,6.590487125085709,367
1621,18.930260458350016,6.544723769898579,367
1622,18.24971011116827,6.595799025296466,367
1623,18.658809279482583,6.658717748763072,367
1624,18.47407973939053,6.555142976031457,367
1625,18.6157880232255,6.522213412969742,367
1626,18.566196072754888,6.367839749500806,367
1627,18.390026570433502,6.393166885452643,367
1628,18.534349458868903,6.6780101930266,367
1629,18.221314782290257,6.715450310855897,367
1630,19.46428343455319,6.467649854367855,387
1631,19.50690041208799,6.369055836431945,387
1632,19.364307843750936,6.632211129338535,387
1633,19.675913526790115,6.608170304381837,387
1634,19.599812523553766,6.362558884915441,387
1635,19.791182615469562,6.703316420165824,387
1636,19.36825153842304,6.67552980637949,387
1637,19.443298815147266,6.520144474587169,387
1638,19.534716888378835,6.511939679356406,387
1639,19.596973430658867,6.583108665667386,387
1640,20.370744539461562,6.712779701772205,407
1641,20.50450472187461,6.126828701519738,407
1642,20.177142468308624,6.691544807913228,407
1643,20.63146834682544,6.550703522165256,407
1644,20.265776016633723,6.318946752821418,407
1645,20.72551297426435,6.338703141042615,407
1646,20.450481985905032,6.75145895408123,407
1647,20.468249952710323,6.3581739680085905,407
1648,20.405839914087323,6.326997423410606,407
1649,20.45679416891169,6.67059718135471,407
1650,21.550782931442885,6.32271888118688,427
1651,21.35931116351954,6.567421086924846,427
1652,21.532493746310692,6.812907057430567,427
1653,21.34613709745396,6.347786076022122,427
1654,21.66512320976339,6.4457805849959025,427
1655,21.65920564473097,6.562466905715218,427
1656,21.579800929823293,6.491914272649139,427
1657,21.55424915918705,6.352654462943403,427
1658,21.764178218730105,6.668278678434571,427
1659,21.499952949108234,6.848006108302589,427
1660,22.529419718853585,6.637065743207838,447
1661,22.3643897565396,6.26814053199639,447
1662,22.26765592124198,6.738475846727103,447
1663,22.538696397183177,6.5861106831341,447
1664,22.66558160149744,6.709939196771869,447
1665,22.571275161974306,6.2986808377272325,447
1666,22.49963942386217,6.295126376687684,447
1667,22.411609252231603,6.477654603534906,447
1668,22.336175455092288,6.575417664034279,447
1669,22.625212698948733,6.769454123439044,447
1670,23.60591183707227,6.422090544226081,467
1671,23.463597808478195,6.448863818398088,467
1672,23.346044618850115,6.5642475038562855,467
1673,23.68450008590787,6.511573474432658,467
1674,23.355294186137392,6.410928288789695,467
1675,23.744270283215847,6.475155288452355,467
1676,23.457342302559024,6.511786554457872,467
1677,23.738587310892676,6.180689885837778,467
1678,23.601839693508893,6.568725217218304,467
1679,23.47945067658363,6.353041816292479,467
1680,23.32700013951914,7.488383480891101,468
1681,23.246898347933392,7.320705935460113,468
1682,23.230916125319816,7.717639132241882,468
1683,23.296682874533158,7.771079496545683,468
1684,23.393646856355428,7.247601195881597,468
1685,23.792988870628985,7.346395711367043,468
1686,23.42111804861572,7.458028448643449,468
1687,23.526662515940206,7.355319330763471,468
1688,23.56007220797595,7.5758948330183795,468
1689,23.51965977793238,7.390759169639008,468
1690,22.82475841017099,7.263450527671351,448
1691,22.67858228915154,7.379576333407374,448
1692,22.531886104594832,7.488904070460843,448
1693,22.65404793949796,7.488650159351126,448
1694,22.665885063653597,7.795881326518471,448
1695,22.415407876791264,7.29210180864015,448
1696,22.377567413318705,7.5758383862753815,448
1697,22.511721459445447,7.723366966249244,448
1698,22.629245418674692,7.840717461813419,448
1699,22.520859059798013,7.439340386522406,448
1700,21.57371441790803,7.398759897181417,428
1701,21.5854640535798,7.439538601640246,428
1702,21.529322259732993,7.79873299533071,428
1703,21.485173219814104,7.375190804272521,428
1704,21.565396308425008,7.417482707559519,428
1705,21.120163087217048,7.477946186485372,428
1706,21.602310423509394,7.626110172319432,428
1707,21.518926685549296,7.531170376102997,428
1708,21.46662876548326,7.306106197927161,428
1709,21.807029329357935,7.420174715530922,428
1710,20.40889683501817,7.569981796717519,408
1711,20.488416843216545,7.701933863430412,408
1712,20.563876548794475,7.578337595402667,408
1713,20.562730863383194,7.485312713033564,408
1714,20.23359823689274,7.840865208067032,408
1715,20.65959114813413,7.633355568341984,408
1716,20.537885326899495,7.586061663150662,408
1717,20.707679807139087,7.30855433751925,408
1718,20.5666297490936,7.306753857380469,408
1719,20.665198443660366,7.543907322321278,408
1720,19.521828179665235,7.428353162609399,388
1721,19.40788161524875,7.311729694203991,388
1722,19.521147404941807,7.480851797772272,388
1723,19.73829403920654,7.415908854472904,388
1724,19.604310371182546,7.06058269649966,388
1725,19.32884872353709,7.807945803675249,388
1726,19.483273675928558,7.663315448132501,388
1727,19.379255027872116,7.44355489126125,388
1728,19.441845012538717,7.50282285746109,388
1729,19.437957650155553,7.3242518479023655,388
1730,18.75435843167163,7.486290066373633,368
1731,18.784593304215967,7.487868225320181,368
1732,18.523504059236977,7.507838773574623,368
1733,18.653529596627802,7.34090924004051,368
1734,18.52629301684009,7.39244757763081,368
1735,18.29949118416861,7.307312360145005,368
1736,18.438226494655453,7.64667233245293,368
1737,18.519789195015793,7.184152958723951,368
1738,18.431817842188483,7.673038551497539,368
1739,18.467202008384746,7.707952409589426,368
1740,17.454672911952606,7.450947402358534,348
1741,17.109529436825905,7.467981483097434,348
1742,17.445803415704905,7.574429878104498,348
1743,17.490372375806675,7.419702493114851,348
1744,17.348410267010664,7.576724936304279,348
1745,17.422717240928762,7.790273106009034,348
1746,17.729529279829503,7.622325153366639,348
1747,17.599739074345262,7.492786723900384,348
1748,17.361315382843284,7.472527429342006,348
1749,17.260360124560684,7.446499029873019,348
1750,16.67709613686782,7.683123194821957,328
1751,16.405902983107303,7.368483932818223,328
1752,16.506783406349996,7.756806042602684,328
1753,16.507679685282163,7.237854523525761,328
1754,16.42473237107827,7.565215509683534,328
1755,16.294130167817386,7.571314602378994,328
1756,16.54844617554265,7.380666439808867,328
1757,16.49084940422169,7.563659090679152,328
1758,16.575036070415486,7.691927800464024,328
1759,16.419959954034123,7.167477174096891,328
1760,15.575411721123622,7.724614752476944,308
1761,15.126009376950488,7.77865535153066,308
1762,15.355150279471518,7.484485316356458,308
1763,15.744374954735141,7.314142094621004,308
1764,15.412732694991192,7.814376525271374,308
1765,15.323918005338655,7.73916635876238,308
1766,15.470309340652298,7.601842048164335,308
1767,15.810185950724533,7.378139647659387,308
1768,15.225247662919097,7.492645598874295,308
1769,15.342303513254098,7.475945987843275,308
1770,14.549627695692337,7.420281817296118,288
1771,14.7176502157197,7.264821086195182,288
1772,14.63191255617061,7.552006496640738,288
1773,14.338393588452286,7.876733482737664,288
1774,14.70647446750293,7.223988338324137,288
1775,14.546969821001973,7.49515790834258,288
1776,14.603059869378837,7.596081440261216,288
1777,14.71998112889179,7.518461730248427,288
1778,14.333262962572967,7.483030792122639,288
1779,14.494626163194031,7.305117545483126,288
1780,13.534918011441025,7.4553776698689225,268
1781,13.386485403447612,7.696797560786092,268
1782,13.171511744253216,7.548117858889903,268
1783,13.67918883307706,7.5291077915408815,268
1784,13.643757872976307,7.309490836693195,268
1785,13.507749146527662,7.543043378145256,268
1786,13.534361203230855,7.375206762375832,268
1787,13.661147701907334,7.404257591020726,268
1788,13.533650948516712,7.377693655752582,268
1789,13.635602633214198,7.340064760215117,268
1790,12.818715710452544,7.660256900054103,248
1791,12.699700859298261,7.590618133438277,248
1792,12.78805512532164,7.845545812815718,248
1793,12.316565747066665,7.278083366529041,248
1794,12.510688062486635,7.68888498596802,248
1795,12.305973856219385,7.671966130560109,248
1796,12.39564576842044,7.353993174295945,248
1797,12.362280952487513,7.651070000470974,248
1798,12.685937600966234,7.550421744453934,248
1799,12.440565548284736,7.465878561006988,248
1800,11.3764096769542,7.505104111660835,228
1801,11.392133582282622,7.5167058902760076,228
1802,11.807471814367888,7.473136007247577,228
1803,11.500102422843623,7.559372967164388,228
1804,11.61731950022972,7.603928363372671,228
1805,11.381365092749867,7.6101956318188995,228
1806,11.383022058066754,7.3521294286998256,228
1807,11.66229772138749,7.457376735310681,228
1808,11.29756356826727,7.679214429281541,228
1809,11.43771793481421,7.634197078136081,228
1810,10.29407108227784,7.589466170637263,208
1811,10.55272198505283,7.40485712284659,208
1812,10.203266212593778,7.4646045019183545,208
1813,10.507040235309056,7.611627856547255,208
1814,10.784665052511897,7.563231912530484,208
1815,10.357816092409653,7.5400227594443106,208
1816,10.374851543176263,7.449131658109494,208
1817,10.614604467235928,7.555509167290343,208
1818,10.268579772718553,7.481440097985036,208
1819,10.405086745517243,7.568670841488868,208
1820,9.425460196232303,7.561207927025514,188
1821,9.472614653843069,7.582619635841049,188
1822,9.351506331117198,7.566716071174739,188
1823,9.494748858499065,7.376151947579679,188
1824,9.378349870455674,7.522404522340678,188
1825,9.3328930324757,7.554621044408199,188
1826,9.538799172178308,7.5010767700361916,188
1827,9.53191096637865,7.187028351244337,188
1828,9.617431060242286,7.524073443596022,188
1829,9.435331164563735,7.831879655909586,188
1830,8.445994109686453,7.654418622239754,168
1831,8.390788435321701,7.6308473070042675,168
1832,8.55600228395671,7.32854710318894,168
1833,8.546856731569985,7.623023728013322,168
1834,8.678910274812463,7.490296709245122,168
1835,8.311319776613667,7.510931114702327,168
1836,8.609707037886249,7.510979548650254,168
1837,8.58856330918772,7.477463551680261,168
1838,8.478678019458918,7.67875612456606,168
1839,8.550803097688254,7.4874423060226185,168
1840,7.332068080742525,7.580003886705818,148
1841,7.440970521604541,7.62592027567776,148
1842,7.526804207521572,7.682729206763138,148
1843,7.684382217644558,7.658605245806734,148
1844,7.590464202742325,7.630829550010946,148
1845,7.372419708187944,7.452736990320884,148
1846,7.872778487501834,7.414238093706591,148
1847,7.539716296646697,7.54989112654863,148
1848,7.691308610699852,7.63996921085116,148
1849,7.477242834963415,7.466591894883509,148
1850,6.659775794857158,7.284613571419721,128
1851,6.717892511822927,7.302627627535874,128
1852,6.362551862138987,7.542151387542271,128
1853,6.374461894430558,7.180110656076774,128
1854,6.4789437411641995,7.65189561144661,128
1855,6.546141900228379,7.476276923344152,128
1856,6.421314947934943,7.98646394543921,128
1857,6.702830401830072,7.846187437592417,128
1858,6.5636100292277675,7.4727826396128725,128
1859,6.505917057236111,7.4840494496203025,128
1860,5.649337227100305,7.628702129295322,108
1861,5.7554758914877056,7.375770559055215,108
1862,5.254295641384598,7.1972268203417045,108
1863,5.232043680196797,7.521759561893907,108
1864,5.406694779166843,7.618976353232801,108
1865,5.587410637476079,7.481691430181808,108
1866,5.57453103857614,7.431322742072626,108
1867,5.660465718247577,7.476095665178114,108
1868,5.320045370745204,7.444412585639882,108
1869,5.1525784205546685,7.297792933208975,108
1870,4.392797898451435,7.412110849002337,88
1871,4.578191985752072,7.54936601680652,88
1872,4.548251781206475,7.687926395164123,88
1873,4.525208970895023,7.432766307554978,88
1874,4.350727727721993,7.396162450610116,88
1875,4.47277452567965,7.204661528637588,88
1876,4.173440243033572,7.515515719396216,88
1877,4.526771499582808,7.806311406021561,88
1878,4.714328656172035,7.541603769294701,88
1879,4.278880180193684,7.496658153122443,88
1880,3.548312346615048,7.650273728052291,68
1881,3.4983361994077096,7.425364374242219,68
1882,3.3780478441609807,7.382699476123345,68
1883,3.623491987351656,7.386044532377957,68
1884,3.533864228466763,7.234339717036787,68
1885,3.5026419877900485,7.570731357062731,68
1886,3.3536950959082623,7.225328268249248,68
1887,3.695526189790214,7.315733425310135,68
1888,3.5997054117999663,7.18866179863822,68
1889,3.417061874394905,7.487089546081366,68
1890,2.4774519309592193,7.5879248700589175,48
1891,2.450995568022045,7.438137927267528,48
1892,2.3436133457994135,7.5385798455533894,48
1893,2.324164936984504,7.463900223820468,48
1894,2.569655479531986,7.50118202770421,48
1895,2.417417210243727,7.451158342177725,48
1896,2.5474537482304216,7.475349719117191,48
1897,2.3672126970813667,7.531814002961126,48
1898,2.527159411415662,7.350996195062708,48
1899,2.6954917055974095,7.347618175951503,48
1900,1.2917186169253183,7.350920598774772,28
1901,1.2599593343244435,7.563028731434248,28
1902,1.317407596166928,7.37152526438862,28
1903,1.5239193760206193,7.51465055651225,28
1904,1.3660818726762174,7.3103252389567555,28
1905,1.5770421696346644,7.231034032119814,28
1906,1.5052070623128844,7.442577421558055,28
1907,1.204724367984292,7.481440658058775,28
1908,1.5982463376332534,7.440348045957809,28
1909,1.6216197968387565,7.322395416266616,28
1910,0.44001514068032943,7.4696213659402755,8
1911,0.5403942128871101,7.420755443000553,8
1912,0.49326604548161945,7.6554131476569385,8
1913,0.527375154589882,7.286553761210749,8
1914,0.39948271993186507,7.354481360943053,8
1915,0.6757576872074239,7.4403663351762415,8
1916,0.3235739995167829,7.685648063626799,8
1917,0.5731340445630078,7.556965145406134,8
1918,0.6772836639439942,7.3547931362234635,8
1919,0.5721362139123343,7.453453844192264,8
1920,0.40785152838555583,8.421300638939979,9
1921,0.39353165116496974,8.574048227146474,9
1922,0.6468334337835169,8.69440945926721,9
1923,0.29423853061047417,8.333926477479633,9
1924,0.7413171283601561,8.44517410945221,9
1925,0.6242344535276934,8.477305116965121,9
1926,0.6636292505905547,8.290631619671128,9
1927,0.43055907319621123,8.58870238626376,9
1928,0.4775088921381336,8.39140145023861,9
1929,0.2850272278212932,8.470691447323446,9
1930,1.4322075942132184,8.291466711226981,29
1931,1.381599224142049,8.523664215894065,29
1932,1.4989432521779167,8.33539475215434,29
1933,1.4676585632147967,8.278461260870214,29
1934,1.4442213176582002,8.389094288881145,29
1935,1.3907307567479485,8.678784900162036,29
1936,1.5479287006174434,8.642502374300447,29
1937,1.7480425902738428,8.536450708308159,29
1938,1.5209830849258692,8.270094916016511,29
1939,1.6494177322366694,8.470557902291809,29
1940,2.5452550013352604,8.603928637635615,49
1941,2.52633043443679,8.58738569782132,49
1942,2.223430962477888,8.38000892399471,49
1943,2.366452322797019,8.213799679431505,49
1944,2.4903883353776926,8.44104208644079,49
1945,2.5804436364275785,8.650244773781283,49
1946,2.170580826835008,8.709018179128664,49
1947,2.475681403678021,8.606582365344668,49
1948,2.5214573154818427,8.56440112342026,49
1949,2.627441798277432,8.556945947257894,49
1950,3.416582187985883,8.287709921211372,69
1951,3.480490955966957,8.532780106361642,69
1952,3.75036042887395,8.651420768289395,69
1953,3.3586162991312185,8.373258784210975,69
1954,3.7422168186064777,8.27514760593124,69
1955,3.4516957768261913,8.486223285349757,69
1956,3.6988148163642616,8.486884700683422,69
1957,3.2889777485753693,8.582247944133174,69
1958,3.5878856301746973,8.642439185704673,69
1959,3.389484479607857,8.491087722809127,69
1960,4.778325497219139,8.600729675759357,89
1961,4.533635211680294,8.729204703908175,89
1962,4.448036024098965,8.633125595112109,89
1963,4.258264896134576,8.614126998146721,89
1964,4.460601071952575,8.509012899192275,89
1965,4.4495419581883295,8.558246800813517,89
1966,4.644045719442221,8.687425735105924,89
1967,4.5693725436100285,8.300083390378052,89
1968,4.323094631755107,8.447584100917457,89
1969,4.525838157961656,8.384114687686564,89
1970,5.556872967808919,8.57729414824367,109
1971,5.684533326347618,8.374857728494806,109
1972,5.410453856991839,8.827614510007068,109
1973,5.141454344879584,8.585576081253178,109
1974,5.43816688824633,8.412902754616907,109
1975,5.637021059802611,8.408292212891705,109
1976,5.580644485442482,8.486058369007962,109
1977,5.564227937171586,8.464074711696737,109
1978,5.458001004718828,8.667525066329492,109
1979,5.308145389567032,8.527962425461608,109
1980,6.390255239163721,8.440420702578102,129
1981,6.783566102773367,8.334659538931621,129
1982,6.507396249728034,8.552134242070533,129
1983,6.615325951395334,8.513004654912159,129
1984,6.408766023883286,8.553350342284485,129
1985,6.5544673441616785,8.528736609429114,129
1986,6.546666498671479,8.57593614839589,129
1987,6.216552606185577,8.717095854908772,129
1988,6.802291266569096,8.585215480769296,129
1989,6.693596669138382,8.34255167516351,129
1990,7.704384427906867,8.24662254430491,149
1991,7.746092184523243,8.429310438894621,149
1992,7.9728085101768125,8.203676834317429,149
1993,7.33147589501406,8.612664918176096,149
1994,7.536432301972542,8.190237543061553,149
1995,7.187685194521652,8.504268637177473,149
1996,7.582972373456881,8.18832822702157,149
1997,7.417769955274984,8.451955329319503,149
1998,7.788516869223743,8.74650672337068,149
1999,7.383807754497212,8.554097183715369,149
2000,8.37047595925526,8.50339462790153,169
2001,8.495319476659137,8.289165541921557,169
2002,8.502702530806667,8.352251031127448,169
2003,8.570894551876512,8.529802001432111,169
2004,8.294971245507876,8.488139898720316,169
2005,8.588885091077099,8.413131383554639,169
2006,8.094341255259584,8.427874931573204,169
2007,8.405517317145428,8.604425199573893,169
2008,8.426758923632269,8.422346114069617,169
2009,8.594999023910686,8.486786313395639,169
2010,9.82549048821208,8.629333526783046,189
2011,9.286447604467412,8.287565941631103,189
2012,9.222223590263802,8.32732693951707,189
2013,9.617538449719792,8.074138201077186,189
2014,9.398203540805884,8.378592876837587,189
2015,9.452264370838607,8.643505477957849,189
2016,9.382826543280332,8.577541977362255,189
2017,9.461029978884874,8.466773010557182,189
2018,9.739780716814451,8.496654957442292,189
2019,9.620319268792718,8.39666716861369,189
2020,10.530713832360268,8.389291437450792,209
2021,10.614881741922092,8.527187674390307,209
2022,10.257616981888429,8.569040743747346,209
2023,10.544947153175602,8.52922635104052,209
2024,10.639865230643201,8.34704570204367,209
2025,10.437734956655495,8.530954265698817,209
2026,10.605105091818087,8.719329390807646,209
2027,10.922198166670883,8.567295364677179,209
2028,10.484348581051966,8.644298078360777,209
2029,10.5589960575008,8.464448204498106,209
2030,11.612485035913556,8.58580094174507,229
2031,11.54189017573248,8.394290734658368,229
2032,11.357363390546915,8.269362280532624,229
2033,11.54777815071983,8.478264313137785,229
2034,11.351245500483953,8.433108442920826,229
2035,11.405067958767281,8.516971068557954,229
2036,11.528399246093857,8.445532500826666,229
2037,11.544586641007019,8.19888147088825,229
2038,11.321615130238431,8.441747959254826,229
2039,11.658097865677432,8.454157133339754,229
2040,12.59504915371611,8.335206936223328,249
2041,12.395270048808342,8.71307564309066,249
2042,12.751801201005884,8.482977903117678,249
2043,12.213253917402236,8.533233771043632,249
2044,12.696675124670394,8.68521278710672,249
2045,12.466352154368284,8.345206713685835,249
2046,12.628937730851533,8.589323634645888,249
2047,12.51197022260881,8.411515786530567,249
2048,12.67093333040382,8.480174596653343,249
2049,12.441895705317078,8.510841844807643,249
2050,13.27496672078296,8.67190452162131,269
2051,13.383174443576936,8.383394277273114,269
2052,13.70266093386197,8.733818377674535,269
2053,13.632928678287719,8.270430788538494,269
2054,13.490604063400914,8.74444631966692,269
2055,13.536468518776934,8.444098662407203,269
2056,13.455863624154532,8.463595187826208,269
2057,13.703487507874197,8.216498474322558,269
2058,13.469947113330875,8.431780792393345,269
2059,13.534776313820228,8.344029020345967,269
2060,14.40885304819398,8.46354082016787,289
2061,14.479403355131668,8.500343190421525,289
2062,14.643668742170936,8.66055477403449,289
2063,14.531140502710095,8.690783863290799,289
2064,14.546151498010166,8.483378115958137,289
2065,14.335672091673166,8.441763541971769,289
2066,14.36788688655959,8.491611932721668,289
2067,14.769808752752697,8.550693629234818,289
2068,14.389719844785512,8.633695553030464,289
2069,14.748431237808594,8.500634478849122,289
2070,15.592832944703472,8.490939440620464,309
2071,15.745753959840641,8.669167037595084,309
2072,15.557196441839718,8.512916630238847,309
2073,15.546747928400716,8.387961507239474,309
2074,15.27216337623649,8.648524935843893,309
2075,15.105390479475641,8.467430338758069,309
2076,15.558256359384526,8.578980502550847,309
2077,15.485776365307869,8.42838839407108,309
2078,15.422782598762788,8.402525967175384,309
2079,15.536529530627952,8.512625234527855,309
2080,16.501924296531552,8.268579517263564,329
2081,16.571974055305024,8.475905332071175,329
2082,16.45970313700354,8.42737390731269,329
2083,16.22454603243444,8.355063052037012,329
2084,16.435083917461743,8.473693231615197,329
2085,16.619072770071572,8.573725847087017,329
2086,16.455393588113534,8.498606715764828,329
2087,16.46304248962282,8.546047160902935,329
2088,16.64795647588589,8.772011154777314,329
2089,16.393204015911163,8.448568170766366,329
2090,17.5417522951967,8.559369827306462,349
2091,17.42361799561013,8.539532621793217,349
2092,17.373046042016956,8.692614369092217,349
2093,17.412263851987333,8.13604118941972,349
2094,17.428186214271747,8.141960519470649,349
2095,17.553921369632068,8.425618274198477,349
2096,17.852361368005113,8.664595028131556,349
2097,17.392593484558624,8.26515279525916,349
2098,17.437506204157682,8.048855149045936,349
2099,17.490531548033314,8.58567691093288,349
2100,18.53654858355541,8.461548898244127,369
2101,18.336468738980084,8.419292836226479,369
2102,18.35216905989186,8.619676566984365,369
2103,18.3545384420548,8.221099484250992,369
2104,18.51658029762109,8.506823721449614,369
2105,18.40605270857255,8.583750463481756,369
2106,18.574109587846326,8.778497115484294,369
2107,18.07180600056434,8.427735104335978,369
2108,18.37147222023083,8.548668790652878,369
2109,18.331091905863342,8.229420581115646,369
2110,19.141206569353045,8.264367781431114,389
2111,19.626716156367255,8.703335940356553,389
2112,19.49916595595279,8.40837135402924,389
2113,19.676776903469765,8.575672488457453,389
2114,19.29398956665454,8.265544854014312,389
2115,19.57798532092931,8.323081050323832,389
2116,19.78032267608158,8.715263109883335,389
2117,19.56295584125359,8.447904656656323,389
2118,19.541487225838658,8.717991321406382,389
2119,19.50128341212365,8.488265401141222,389
2120,20.223715334056322,8.661301510293535,409
2121,20.63381013995976,8.531600269780467,409
2122,20.41151615233666,8.53143013453942,409
2123,20.604803322027557,8.336256224176134,409
2124,20.503781630131012,8.53507720386844,409
2125,20.26853226580857,8.65531651246254,409
2126,20.524644214805587,8.374590677184996,409
2127,20.82943347132292,8.713674373187041,409
2128,20.57394796877717,8.48624409637823,409
2129,20.49137233704918,8.36683457326922,409
2130,21.649644811538035,8.480179511664767,429
2131,21.45698086463926,8.421440304584287,429
2132,21.613927233122915,8.296213897711379,429
2133,21.45623620516122,8.338039551808622,429
2134,21.491026078470515,8.196730204005707,429
2135,21.574034030650143,8.48480789219477,429
2136,21.5436345586385,8.410234362912844,429
2137,21.20067023293224,8.355011816352203,429
2138,21.33181343898584,8.489781486224807,429
2139,21.639411497718623,8.55459559462791,429
2140,22.81397968983149,8.576291255985016,449
2141,22.27321748706552,8.435453602006804,449
2142,22.67390715649508,8.27739150026135,449
2143,22.64596523415226,8.468729768418939,449
2144,22.383136089093494,8.680991223229586,449
2145,22.530485393187906,8.270924821511553,449
2146,22.431355012599358,8.341736594773495,449
2147,22.52785328706281,8.51894016043511,449
2148,22.726369652010682,8.35230178227291,449
2149,22.590840934894697,8.381121482932718,449
2150,23.436460212740773,8.50665381962734,469
2151,23.29515738937148,8.238143885071052,469
2152,23.353881723067545,8.574205848066255,469
2153,23.605514187518096,8.557515254710546,469
2154,23.303894532665357,8.438603728885642,469
2155,23.260319179825775,8.650888676769462,469
2156,23.405496253069916,8.330875585157044,469
2157,23.609793325376476,8.669186348988035,469
2158,23.470461728800466,8.523174049839287,469
2159,23.430312838282656,8.449517111518274,469
2160,23.497018954694752,9.602204348986296,470
2161,23.48391028512836,9.326946157799021,470
2162,23.683042434462656,9.613209994710171,470
2163,23.338498130879348,9.529913597898014,470
2164,23.38562211412801,9.570955742324033,470
2165,23.655445433810872,9.40316418919469,470
2166,23.41066975972242,9.250837487664924,470
2167,23.63507996159974,9.575487809712426,470
2168,23.754915397451306,9.190489527128081,470
2169,23.439730745958755,9.45239742616362,470
2170,22.641177279962996,9.19456692457161,450
2171,22.528784660380957,9.507124020237747,450
2172,22.792251396718473,9.462639223302045,450
2173,22.653766372887265,9.249065914803264,450
2174,22.401915241751162,9.5606319297916,450
2175,22.504097006977716,9.607380911703643,450
2176,22.492894394618336,9.534055171829733,450
2177,22.26267348549808,9.451389773718654,450
2178,22.358940162527347,9.588716322762778,450
2179,22.415885863953022,9.602033054071503,450
2180,21.546110535457952,9.238666746104709,430
2181,21.376308162434785,9.418093730177493,430
2182,21.541490114826676,9.336181819947715,430
2183,21.67932209762382,9.520300752183843,430
2184,21.41050564120824,9.649167106326336,430
2185,21.814690900869866,9.596900928067182,430
2186,21.421155359902194,9.144251095871166,430
2187,21.504861052001022,9.806310447939182,430
2188,21.39912716059905,9.54429199109313,430
2189,21.53349062538804,9.38352512892605,430
2190,20.52356918784864,9.577232539411456,410
2191,20.526428473375404,9.622988787895284,410
2192,20.399972692457265,9.54865103150223,410
2193,20.52968750010131,9.420091175267464,410
2194,20.408879156856955,9.625949579664677,410
2195,20.439345701096496,9.29637236902371,410
2196,20.397058129636736,9.364899292623129,410
2197,20.285099306539053,9.355369989286514,410
2198,20.521875470532308,9.662008408870896,410
2199,20.58779491547745,9.641418277121012,410
2200,19.57309578555675,9.39974822077298,390
2201,19.66078947978177,9.490838649297144,390
2202,19.368107582638203,9.341233904953752,390
2203,19.55228926797915,9.125290847376059,390
2204,19.481223835742526,9.53006894471206,390
2205,19.62703231558274,9.591335803438195,390
2206,19.48271636511717,9.53931002136301,390
2207,19.442258566738488,9.207565742336845,390
2208,19.58113627778415,9.447372585488528,390
2209,19.631425375078685,9.167247835992338,390
2210,18.705455166148127,9.232826237830155,370
2211,18.33709181268229,9.165429797131331,370
2212,18.688310541418986,9.53400263727419,370
2213,18.641880446552623,9.415766338050407,370
2214,18.364911447119592,9.41703652746288,370
2215,18.330082257309837,9.604379575864067,370
2216,18.55255553245795,9.676016341494867,370
2217,18.37335139442254,9.459118291795729,370
2218,18.51537269632373,9.44891019396352,370
2219,18.427575861378962,9.575021454967082,370
2220,17.296459664545065,9.425755177944788,350
2221,17.533472958212155,9.425364125253617,350
2222,17.582782895773324,9.672450802831811,350
2223,17.602034531262646,9.544486540779547,350
2224,17.20948709462463,9.690147726678196,350
2225,17.38579670952866,9.543309200451475,350
2226,17.36826051207648,9.32643250719301,350
2227,17.514983043161383,9.30003074678333,350
2228,17.572111686965197,9.26727316264116,350
2229,17.724506561116897,9.59930777521377,350
2230,16.67828952346305,9.548477822368731,330
2231,16.777404321207957,9.692572528978035,330
2232,16.626465799848486,9.694247837722543,330
2233,16.67442578663025,9.581633052851052,330
2234,16.41299755010195,9.62687043088444,330
2235,16.32653762748842,9.577109382863716,330
2236,16.627511899862633,9.430824540194807,330
2237,16.56265211283591,9.61348470123697,330
2238,16.516116656151134,9.29082573967111,330
2239,16.558105722094947,9.658083732844382,330
2240,15.320821559035094,9.559313147808206,310
2241,15.54287049301921,9.356364656747719,310
2242,15.373226906236075,9.411600165285895,310
2243,15.583008347461163,9.431204204584837,310
2244,15.494911216110813,9.628505372036383,310
2245,15.2607866062755,9.751606563170823,310
2246,15.563104944652771,9.379224237238569,310
2247,15.413311883475094,9.661527221698652,310
2248,15.632172008122005,9.174548387341146,310
2249,15.500198853310161,9.320871589836157,310
2250,14.356183231571984,9.321950991754138,290
2251,14.297123696583892,9.65867212712312,290
2252,14.262461741531864,9.41163318008283,290
2253,14.56194983682067,9.359660555185636,290
2254,14.467889845340821,9.47331231862934,290
2255,14.556910809640767,9.363078362105522,290
2256,14.603570902918227,9.437385442701585,290
2257,14.53984254897588,9.55160808823452,290
2258,14.598664476422556,9.55225126088692,290
2259,14.48957015706366,9.365325490036156,290
2260,13.426844194057688,9.52520230107988,270
2261,13.661149950715537,9.641781730191722,270
2262,13.57446001766009,9.575124738650631,270
2263,13.811259755902281,9.368228929798692,270
2264,13.67701922606123,9.611368837038894,270
2265,13.67164396028399,9.404361868688605,270
2266,13.291819717431629,9.532502467844642,270
2267,13.614579052745013,9.45449748987843,270
2268,13.492033979745463,9.467170062239656,270
2269,13.417352729469263,9.614936446256076,270
2270,12.343970942027616,9.708977188690236,250
2271,12.79177926114154,9.62590236713474,250
2272,12.226837089605825,9.630923652650845,250
2273,12.410349847511771,9.355076491494437,250
2274,12.555531783491261,9.488091736339145,250
2275,12.587647124965297,9.454930107691894,250
2276,12.484928641914244,9.34915979364658,250
2277,12.491391394549769,9.554024627591865,250
2278,12.561582512799143,9.419353136333028,250
2279,12.465339578381348,9.598310574477535,250
2280,11.33947126556585,9.410538288804668,230
2281,11.757856091926273,9.455122734135886,230
2282,11.365550101211191,9.621337890408908,230
2283,11.532895350580066,9.412331706222433,230
2284,11.61877889655821,9.387596346586584,230
2285,11.414403935469982,9.46676951036244,230
2286,11.627870296514942,9.323455683084505,230
2287,11.315622460329937,9.773081586191273,230
2288,11.717817654877384,9.415040811317791,230
2289,11.502122389744864,9.62474251792706,230
2290,10.531420512547166,9.40796185919558,210
2291,10.352319892427705,9.529436141100009,210
2292,10.49910679361809,9.581868007029854,210
2293,10.617600416896613,9.174264289285933,210
2294,10.471760799737053,9.498783019758237,210
2295,10.678966941877654,9.523713383798478,210
2296,10.65322730891728,9.458368361552667,210
2297,10.63783722819875,9.693691075852382,210
2298,10.43105148415905,9.563267011137631,210
2299,10.338023632832776,9.696528786212134,210
2300,9.467605921947465,9.510175777087541,190
2301,9.640621623876038,9.19701090017658,190
2302,9.745259959179128,9.716291750870283,190
2303,9.6967540173909,9.423143863898495,190
2304,9.33617876098569,9.508379590976675,190
2305,9.461948588368642,9.453552542901791,190
2306,9.44822529418253,9.671904136252012,190
2307,9.57338818026145,9.074374033790393,190
2308,9.602953033252179,9.497508448651114,190
2309,9.37416609889614,9.484127186375344,190
2310,8.431954541861247,9.268259397998486,170
2311,8.758933981845345,9.419104247830509,170
2312,8.366900581171635,9.557957398077209,170
2313,8.615769426585349,9.625664633231988,170
2314,8.553437918305912,9.398115402021057,170
2315,8.689227887880328,9.062861601527459,170
2316,8.399921637283374,9.578483477860555,170
2317,8.390054665131435,9.316951896508403,170
2318,8.664410486121609,9.197399180281637,170
2319,8.563798196249516,9.07515111125238,170
2320,7.622097129029661,9.462707621934998,150
2321,7.519292617560745,9.593992045589461,150
2322,7.466151542893162,9.506834582171285,150
2323,7.708353654444414,9.593511070741988,150
2324,7.595598702453461,9.605516019970834,150
2325,7.742445006408287,9.82323930160747,150
2326,7.29108967917495,9.452705501707081,150
2327,7.494817406406906,9.358846594900044,150
2328,7.257492993757798,9.536912542297461,150
2329,7.46559265022168,9.379657995929069,150
2330,6.7222941152654805,9.597845922741534,130
2331,6.457517294158215,9.25529973343744,130
2332,6.415163544818902,9.572039075210888,130
2333,6.4293026418273325,9.341733848677933,130
2334,6.607762613520746,9.6234174171251,130
2335,6.476337952515277,9.355602348212154,130
2336,6.403749976980443,9.60391535477733,130
2337,6.74980278764353,9.665874959944206,130
2338,6.371574523900738,9.629215478844921,130
2339,6.505334911104949,9.537697497235715,130
2340,5.465304858560545,9.487592746415526,110
2341,5.413537063549773,9.536463759149104,110
2342,5.720655203622566,9.642695936644923,110
2343,5.395075716974853,9.57903468854987,110
2344,5.3444400889645,9.471369167067023,110
2345,5.599805340254925,9.470270648543043,110
2346,5.380579479522026,9.576523620337278,110
2347,5.3574904753800805,9.690885524439285,110
2348,5.283459360674535,9.51894712992248,110
2349,5.427563524080922,9.429630371868438,110
2350,4.351070099837168,9.4087473852981,90
2351,4.283219210338166,9.588879546097663,90
2352,4.599940450806528,9.561445417802599,90
2353,4.586696778545933,9.553545913890039,90
2354,4.586604528765999,9.51219176330843,90
2355,4.480701083047192,9.494316037742475,90
2356,4.711040211883763,9.858255798930566,90
2357,4.427382225812277,9.677638496779426,90
2358,4.643290385581081,9.608424034247827,90
2359,4.4941885657515686,9.516769873730508,90
2360,3.6510735800895002,9.321655487069755,70
2361,3.5776992164587176,9.492517976880782,70
2362,3.5039307129161053,9.343081837240625,70
2363,3.454465351210113,9.57101111235687,70
2364,3.487862399350597,9.543642104650923,70
2365,3.0244361396182917,9.64367594466624,70
2366,3.5315901258946463,9.381367731245815,70
2367,3.426728587983446,9.505101214434221,70
2368,3.7389004997424324,9.295246730686005,70
2369,3.502901610621763,9.605224217288708,70
2370,2.5778306770660184,9.665590032005285,50
2371,2.5743707531541355,9.461557876362264,50
2372,2.5002428547035414,9.46461252060318,50
2373,2.562215933618319,9.438967213324343,50
2374,2.7406508662462894,9.419786499373352,50
2375,2.457235861443698,9.544245718356324,50
2376,2.5207967775565128,9.275411353223204,50
2377,2.3370810551227885,9.692140936500008,50
2378,2.36976085576025,9.400186655280582,50
2379,2.5146719939639963,9.608285522815722,50
2380,1.3095002103909186,9.502277441381064,30
2381,1.6003260195819327,9.353779013611573,30
2382,1.6007916911721747,9.596838156826129,30
2383,1.5576303108008844,9.502907185654704,30
2384,1.350835721730031,9.151952660265437,30
2385,1.5374322284397115,9.617394473947478,30
2386,1.3225415722898417,9.496365074919547,30
2387,1.4620855117355722,9.68036768719746,30
2388,1.654411965143299,9.33570942217358,30
2389,1.6195052890606112,9.0234944280206,30
2390,0.5418625787517778,9.460159315957084,10
2391,0.5437345515022959,9.440018264199745,10
2392,0.24639925585903222,9.48280387467404,10
2393,0.3532250681200091,9.539640240746845,10
2394,0.9132826615579852,9.477482457311929,10
2395,0.4541584078769295,9.310399074807895,10
2396,0.6096438464564324,9.572927718734292,10
2397,0.40240102589474247,9.207594236701636,10
2398,0.18645456517202652,9.19244638140737,10
2399,0.4744612629806142,9.610877074205234,10
2400,0.5760530408203035,10.613473253147415,11
2401,0.4913906952388946,10.21289098941188,11
2402,0.29068272428673925,10.598917686167042,11
2403,0.3938133588988887,10.379407737790878,11
2404,0.46058798784702437,10.546101842506195,11
2405,0.260615904713883,10.462837137264044,11
2406,0.38914570129651505,10.698062101467576,11
2407,0.597849550726502,10.368834652749012,11
2408,0.7140958046433825,10.594140944634274,11
2409,0.4370847871012174,10.45807388050552,11
2410,1.4762541782985505,10.630315875088616,31
2411,1.4724219160261185,10.322049535933521,31
2412,1.373149034325883,10.58817838322066,31
2413,1.4978851551139993,10.59296081770543,31
2414,1.4906027666817268,10.213302466250624,31
2415,1.5361860372610094,10.513946886979411,31
2416,1.5126757718539294,10.429725582995953,31
2417,1.6196991824418354,10.386185211309694,31
2418,1.6385262924071053,10.70262784960485,31
2419,1.3424065017258298,10.401948128904387,31
2420,2.3790434606322926,10.106277441543883,51
2421,2.511354241000764,10.882351456307658,51
2422,2.6028384619447626,10.579653914234132,51
2423,2.478752712098481,10.522331520587654,51
2424,2.6749555818503876,10.677235157462873,51
2425,2.5796463492946136,10.851548107921893,51
2426,2.1732683020402854,10.63061199668826,51
2427,2.420579955473949,10.642321964470742,51
2428,2.415723685097245,10.519603503669657,51
2429,2.571904143014413,10.478771136994958,51
2430,3.428630683399265,10.961529055527075,71
2431,3.376083201242819,10.704017385027047,71
2432,3.3969478850450754,10.313318624987291,71
2433,3.2974166053485527,10.534930213114034,71
2434,3.4886192823972464,10.408799078559401,71
2435,3.247299863416042,10.347828040993887,71
2436,3.5286374786215564,10.29898918933141,71
2437,3.4945504087936485,10.564832503613887,71
2438,3.522040294758003,10.397792964739564,71
2439,3.421680264497001,10.64517390360378,71
2440,4.649067332179566,10.376688598225812,91
2441,4.706087157781718,10.31710733002167,91
2442,4.372141985088884,10.414582533826183,91
2443,4.571304841603801,10.4813967918915,91
2444,4.594868132496345,10.340366998977398,91
2445,4.428873273734405,10.498523278702443,91
2446,4.384234206391069,10.246724221789725,91
2447,4.741428099866396,10.33199288662952,91
2448,4.534124381359808,10.600636687241531,91
2449,4.595395162606761,10.590568578041685,91
2450,5.44121848519197,10.42226210417082,111
2451,5.347335353638457,10.698791413565555,111
2452,5.345889467271098,10.624067314284865,111
2453,5.444009763108803,10.523696146837718,111
2454,5.596677773746793,10.309212149833092,111
2455,5.639236853701648,10.531709485120599,111
2456,5.425520239677705,10.659398593618128,111
2457,5.3269761361022825,10.44365495013517,111
2458,5.54017654567995,10.702667113498007,111
2459,5.376469754406123,10.69391179342773,111
2460,6.749559924821521,10.664482067734538,131
2461,6.545786468979703,10.171311922325208,131
2462,6.588108754970902,10.730172315269177,131
2463,6.712128093249664,10.668356132805474,131
2464,6.567109090560346,10.431035307625429,131
2465,6.424814883831468,10.581508624180772,131
2466,6.432718574520821,10.500472159035949,131
2467,6.535783243066061,10.684498555265803,131
2468,6.306415786708067,10.647402471415491,131
2469,6.478511162695371,10.289989391522548,131
2470,7.588089362019627,10.536030876591933,151
2471,7.469155821953513,10.687969923715237,151
2472,7.512424885577715,10.618487958327128,151
2473,7.3907742148545275,10.645435353862936,151
2474,7.762220560368125,10.549028310091565,151
2475,7.656009272985386,10.291605190468351,151
2476,7.3890343254040545,10.470645220327965,151
2477,7.299808408963465,10.6590134609863,151
2478,7.442149105353323,10.492271560721303,151
2479,7.565175396913696,10.575463555293561,151
2480,8.45218775271308,10.729312177581136,171
2481,8.345528222718723,10.487843105291738,171
2482,8.481498390393083,10.348732690117897,171
2483,8.546357116454898,10.18711531834,171
2484,8.401646842080783,10.27919443904598,171
2485,8.4646433132715,10.2939247762652,171
2486,8.359080513702102,10.706770444119226,171
2487,8.667886737634614,10.517373688084042,171
2488,8.455831636361795,10.558440678613799,171
2489,8.717913331768928,10.16693684865973,171
2490,9.32030503561741,10.185096560337147,191
2491,9.633061966466943,10.602483452218321,191
2492,9.543016116857387,10.48277966268614,191
2493,9.47791920819716,10.585015758927627,191
2494,9.584726353790018,10.401394116900791,191
2495,9.745369670920372,10.492655245371232,191
2496,9.466843630469443,10.606711586919824,191
2497,9.51040547039871,10.966936530156577,191
2498,9.528889537809695,10.621205428410311,191
2499,9.8588164452911,10.372790160295423,191
2500,10.436436047696594,10.739748271146155,211
2501,10.431987883742423,10.61003217202588,211
2502,10.230653524105497,10.501317548234722,211
2503,10.450486471244785,10.464347502455853,211
2504,10.609924362273262,10.51149136056775,211
2505,10.308865182138481,10.423235466308654,211
2506,10.65727239765759,10.184287574142148,211
2507,10.573166223162652,10.80632668658021,211
2508,10.389865001704344,10.52329874987991,211
2509,10.478770554399324,10.55972208976838,211
2510,11.491313837518463,10.31457963059543,231
2511,11.389732479891311,10.6881507541136,231
2512,11.472111327857684,10.609650094017821,231
2513,11.260090785670853,10.580765243582468,231
2514,11.841562974707996,10.607360136175625,231
2515,11.31482320023664,10.859154285087367,231
2516,11.345205057422923,10.827764234255417,231
2517,11.43396111934204,10.396992698549505,231
2518,11.693211358727856,10.743582748921673,231
2519,11.502176349889398,10.557475228463835,231
2520,12.574864372420663,10.609359546750355,251
2521,12.246159375253502,10.552674820144063,251
2522,12.47444213519177,10.551249034792894,251
2523,12.378076461449515,10.459302753289755,251
2524,12.624208822233996,10.317512879379644,251
2525,12.66066207506042,10.331770477886247,251
2526,12.188827047347553,10.606402877168298,251
2527,12.49669477039936,10.502918738327832,251
2528,12.668279225719138,10.479223163308916,251
2529,12.471998155652983,10.436416493651647,251
2530,13.454221673177887,10.323161476305252,271
2531,13.65703676917322,10.467049582147355,271
2532,13.449713387719797,10.59142890678129,271
2533,13.298840293004766,10.266693939923814,271
2534,13.611547766331025,10.530126763967356,271
2535,13.469268500420293,10.515118660896722,271
2536,13.504709379829917,10.506193118338116,271
2537,13.741136745959926,10.655573834798737,271
2538,13.496915916397423,10.550165777227278,271
2539,13.54337755096781,10.721710784753467,271
2540,14.350961572660895,10.226885958329698,291
2541,14.520388685082752,10.394133977535695,291
2542,14.512670017958492,10.29120624285724,291
2543,14.339611825936737,10.755615311708867,291
2544,14.643444250313703,10.482733545911515,291
2545,14.848700995877923,10.448112100642925,291
2546,14.497449088827425,10.633373073718172,291
2547,14.575753163241066,10.331737334571617,291
2548,14.5126777713723,10.384970394299318,291
2549,14.392962299513924,10.510210840387293,291
2550,15.654315348713522,10.427902808776764,311
2551,15.575252756775319,10.880907243417429,311
2552,15.537248771377381,10.494015842437243,311
2553,15.511717660285402,10.289364065060761,311
2554,15.560035378329017,10.479872968398462,311
2555,15.530247935769388,10.577903811845683,311
2556,15.34550415878346,10.751004591922879,311
2557,15.506911883244973,10.411582140009193,311
2558,15.338946701162337,10.262635803896455,311
2559,15.512162381435123,10.622525551714647,311
2560,16.292910194115052,10.565400866283387,331
2561,16.434576683773876,10.626575926446261,331
2562,16.46135692717335,10.558895117347646,331
2563,16.489554982004982,10.568037828526382,331
2564,16.603374668561152,10.262666524988028,331
2565,16.397454857657042,10.507534154874852,331
2566,16.458940612174985,10.571926132200241,331
2567,16.497859447057593,10.609341179185568,331
2568,16.522439693627817,10.39614738386493,331
2569,16.514674076206187,10.401144108766703,331
2570,17.41388489870746,10.841373814147145,351
2571,17.5804620849837,10.3721663035504,351
2572,17.65508215823863,10.577715255304497,351
2573,17.43888098390626,10.420619848528274,351
2574,17.636194347044057,10.369606951951704,351
2575,17.51852197137469,10.498369929444754,351
2576,17.481357133425636,10.520602871911056,351
2577,17.468292365527304,10.937726033259015,351
2578,17.611991704690322,10.47237812764752,351
2579,17.54883667251806,10.330473190577298,351
2580,18.54095160762416,10.546484216907094,371
2581,18.188803994368044,10.30896216771051,371
2582,18.48620648260936,10.43780596491422,371
2583,18.502403792344275,10.350723906015114,371
2584,18.61919005744178,10.582452477943539,371
2585,18.646043337414177,10.770214514889974,371
2586,18.42446455716384,10.3047618025795,371
2587,18.47740789780551,10.222047227565366,371
2588,18.3850818754084,10.48126696719749,371
2589,18.330790616778845,10.502354669393664,371
2590,19.532798896013595,10.40468851796569,391
2591,19.43305192271485,10.493806096948907,391
2592,19.469904105176184,10.583403314526343,391
2593,19.55512656158109,10.411307281679715,391
2594,19.656064633896726,10.223014042829337,391
2595,19.20674268445226,10.43570182096252,391
2596,19.444659084145282,10.654416083389057,391
2597,19.53207131909116,10.44946573098223,391
2598,19.36230358430839,10.373034854781153,391
2599,19.759675444765094,10.638850831425408,391
2600,20.45038376559654,10.516075487288939,411
2601,20.423475877952466,10.33822308879531,411
2602,20.522418413449497,10.473705820514398,411
2603,20.615612531442817,10.55989764025787,411
2604,20.857257029759882,10.554059009252713,411
2605,20.624085416148613,10.57564317800764,411
2606,20.67397599495825,10.543644709520617,411
2607,20.42410507015182,10.423948701109492,411
2608,20.34611978410458,10.422914906002674,411
2609,20.50934970244287,10.32015729030092,411
2610,21.767716255877765,10.77114127616539,431
2611,21.502017554692895,10.575923648319106,431
2612,21.466272041630774,10.341595380005,431
2613,21.36068118778213,10.461458231231733,431
2614,21.940348685349168,10.546174855877084,431
2615,21.339000795166566,10.810233906225873,431
2616,21.43567281115909,10.290329178236355,431
2617,21.56237552544291,10.680386475783784,431
2618,21.590031944861643,10.526987155431963,431
2619,21.643689808282353,10.625674580284421,431
2620,22.48470079250461,10.355132605070406,451
2621,22.37363510548105,10.419213949005506,451
2622,22.6126309169102,10.429986178207283,451
2623,22.598164654065844,10.277552335202637,451
2624,22.64580854486096,10.37734764050923,451
2625,22.498004304693204,10.329925446479047,451
2626,22.410026696502023,10.43812814821681,451
2627,22.266181950746425,10.389195375250566,451
2628,22.62290599022091,10.255949261869988,451
2629,22.563583422366598,10.803388534585423,451
2630,23.687881109654384,10.693613763618364,471
2631,23.383147086772002,10.888186346029602,471
2632,23.540863209498042,10.320041210236468,471
2633,23.562619763473194,10.604837952762118,471
2634,23.67866287821602,10.43852981343097,471
2635,23.377209246000987,10.617503806578604,471
2636,23.663816017597362,10.279426567315312,471
2637,23.41781420436896,10.310584533645216,471
2638,23.29962063937471,10.383618776525028,471
2639,23.608620483897173,10.511844606850213,471
2640,23.403837810019247,11.736060132483265,472
2641,23.598858151587013,11.568503201609559,472
2642,23.65403419273869,11.275576178025302,472
2643,23.589936631186802,11.362268175023532,472
2644,23.74281814594913,11.69841167003277,472
2645,23.5623739944183,11.474631597153577,472
2646,23.317465493448974,11.511936030241325,472
2647,23.70450647703075,11.613823662424542,472
2648,23.4092265646591,11.604448429312049,472
2649,23.636562774952836,11.54181997185782,472
2650,22.46869974431693,11.459138497509446,452
2651,22.453099733140146,11.685058641750429,452
2652,22.6286848237937,11.379235722845424,452
2653,22.583035429660168,11.528271364152715,452
2654,22.46140499990733,11.401496598155887,452
2655,22.662316846948972,11.460953643809285,452
2656,22.480644882730534,11.273493818202212,452
2657,22.37225067384984,11.466919265626519,452
2658,22.3861543951645,11.470944193029256,452
2659,22.353188874553535,11.581043191605355,452
2660,21.533492136988304,11.419185874398085,432
2661,21.32024118125719,11.461757954439461,432
2662,21.662629736606533,11.53842559085414,432
2663,21.5315454560333,11.678996650889069,432
2664,21.529759027576624,11.384238877810482,432
2665,21.498622646992228,11.425305722977324,432
2666,21.42233638291667,11.423119883403018,432
2667,21.53267035096231,11.37977086148432,432
2668,21.571338265389286,11.44792202573316,432
2669,21.237965646298168,11.615620332998196,432
2670,20.34192467569535,11.592065628368486,412
2671,20.564172159272935,11.556318378644088,412
2672,20.24471466549725,11.525135515870149,412
2673,20.41579930053367,11.67433893962585,412
2674,20.450576604967303,11.41906131688943,412
2675,20.75122895093711,11.634236583404023,412
2676,20.458779654287095,11.255197767246038,412
2677,20.169813478982363,11.36425782505929,412
2678,20.200166663970812,11.228943790760228,412
2679,20.505104437952003,11.458773204899531,412
2680,19.493060817410047,11.313663019967615,392
2681,19.51711522383398,11.331161932895204,392
2682,19.509282502933072,11.335566951269715,392
2683,19.360867000378242,11.489819292745077,392
2684,19.471463873338017,11.56474474444564,392
2685,19.275382999709137,11.610951320217675,392
2686,19.704484346269837,11.885799297624246,392
2687,19.4544560890653,11.162585131869886,392
2688,19.426667082143446,11.591310338368663,392
2689,19.738341049266612,11.416430414114165,392
2690,18.412037727666682,11.395087818981507,372
2691,18.40703418076192,11.524254779005712,372
2692,18.363684549378803,11.51542878668985,372
2693,18.752678725190517,11.522401286658981,372
2694,18.626344599052086,11.288341475340088,372
2695,18.503479396783607,11.620473211392103,372
2696,18.70265236287305,11.53594412773585,372
2697,18.27312065520517,11.6099581422199,372
2698,18.300394230300363,11.216085673361492,372
2699,18.173304840170797,11.546723628819668,372
2700,17.32183521401237,11.421020246935594,352
2701,17.440401512117298,11.421463601739013,352
2702,17.580154734795457,11.385371982004322,352
2703,17.513664040938387,11.631426089753962,352
2704,17.372269003033104,11.393585326400729,352
2705,17.500940973427664,11.596689314862276,352
2706,17.270269702713453,11.442632140349607,352
2707,17.672540109384745,11.203605505016258,352
2708,17.46920739707556,11.41445288983203,352
2709,17.6677824916383,11.323133767845572,352
2710,16.50508540855235,11.397092536444722,332
2711,16.321438839648827,11.407418163002806,332
2712,16.638896265107192,11.516058617948845,332
2713,16.486338620947045,11.448227967829295,332
2714,16.47336060078619,11.603189945807713,332
2715,16.598383820668136,11.408052509309396,332
2716,16.644586040111378,11.491443824972059,332
2717,16.496985187234554,11.677598116479533,332
2718,16.384319955067607,11.551273782093245,332
2719,16.23390455758318,11.490994368746716,332
2720,15.409708333709723,11.433722660913876,312
2721,15.405015290492754,11.516632957424262,312
2722,15.372408012057209,11.755688813994606,312
2723,15.418848970132565,11.33378313126117,312
2724,15.613349875811647,11.646406107903392,312
2725,15.46671675930616,11.709922964045852,312
2726,15.297534039592815,11.405701854238815,312
2727,15.765225393958968,11.458372957170965,312
2728,15.547994778671775,11.344553612893934,312
2729,15.288958489923024,11.469480828837954,312
2730,14.49451150384856,11.727316721252837,292
2731,14.598947499712356,11.557260125344376,292
2732,14.663527520653068,11.443994736249538,292
2733,14.387785590306754,11.4249703274356,292
2734,14.204901240366102,11.47452214634834,292
2735,14.496813283108564,11.745510994274596,292
2736,14.544030629495296,11.47250489357107,292
2737,14.537412653152757,11.497030848321893,292
2738,14.450999012873643,11.427652964359554,292
2739,14.51871281494959,11.664847503616295,292
2740,13.793975588211701,11.438346259524524,272
2741,13.567591957414708,11.653243447610956,272
2742,13.512415935567814,11.443186024509536,272
2743,13.505517424976135,11.81239904831647,272
2744,13.142353981682138,11.564629362852255,272
2745,13.611772629642722,11.30864760100064,272
2746,13.520124962399377,11.480718056012206,272
2747,13.56425130759911,11.402248731676538,272
2748,13.393280670887444,11.170842629526996,272
2749,13.442331468153435,11.739920641017068,272
2750,12.605471381333,11.520334512462206,252
2751,12.579981097684897,11.60927779652718,252
2752,12.524810549044956,11.595640871834682,252
2753,12.292697364696135,11.538815470786588,252
2754,12.427457429066685,11.679329708213006,252
2755,12.626267116217601,11.272154532878004,252
2756,12.342316995532624,11.575687272171608,252
2757,12.120234602562379,11.593980754500542,252
2758,12.46593409883286,11.314065657087964,252
2759,12.47873636689587,11.274569408697642,252
2760,11.38810868102866,11.693809050148978,232
2761,11.400768783622706,11.387624241009513,232
2762,11.613012919525364,11.697326243641015,232
2763,11.407819182446335,11.531574444838226,232
2764,11.37154772225782,11.475937092703697,232
2765,11.408254939495816,11.875135074690142,232
2766,11.667794850123132,11.34165407653021,232
2767,11.501956506156542,11.44694713606495,232
2768,11.473112346196464,11.3151353141254,232
2769,11.483499175194842,11.642869295580425,232
2770,10.753378340047751,11.354085322486,212
2771,10.750488417210695,11.560993305133401,212
2772,10.6835923129719,11.474105629856375,212
2773,10.470356929830604,11.595801570982045,212
2774,10.445213853376522,11.490463969122082,212
2775,10.24932453412589,11.282360816333316,212
2776,10.80538103027727,11.511336455900505,212
2777,10.57034671172227,11.657329621281304,212
2778,10.426206464269578,11.495617539121902,212
2779,10.699208533348045,11.616267268238364,212
2780,9.343170577148893,11.499582083399964,192
2781,9.496060881009523,11.420036439697625,192
2782,9.406323431736713,11.448390406494367,192
2783,9.612047126015707,11.443819877387462,192
2784,9.504723734339299,11.353011163782663,192
2785,9.603511051450491,11.206399211629902,192
2786,9.66315656392368,11.399778542750836,192
2787,9.603742786268208,11.529006917788625,192
2788,9.540967765144046,11.297773443185877,192
2789,9.350268161223289,11.502352335470743,192
2790,8.785040263646644,11.41702341319791,172
2791,8.653458483287835,11.461907244040415,172
2792,8.746531226368079,11.386920682946355,172
2793,8.558669181539909,11.557398032721624,172
2794,8.675126473447968,11.668739881795487,172
2795,8.391405290429832,11.238584203917844,172
2796,8.403348959946703,11.561415779596338,172
2797,8.089128969079379,11.458499234242128,172
2798,8.677921821106345,11.517009158795004,172
2799,8.731048596972983,11.568849100251144,172
2800,7.471769634184077,11.59892972043837,152
2801,7.484461971989133,11.764976770049145,152
2802,7.467918724866804,11.655790910381322,152
2803,7.645547430268242,11.513973750654962,152
2804,7.562813994019124,11.42335162447064,152
2805,7.533087530660604,11.116967560591615,152
2806,7.309357241836158,11.474742261629071,152
2807,7.443213038518027,11.451098125627473,152
2808,7.634800374050876,11.558554929159307,152
2809,7.505654485968589,11.476914215953796,152
2810,6.451942241084481,11.388926484050176,132
2811,6.233090160423917,11.629723665773652,132
2812,6.3590048256274905,11.52271045719276,132
2813,6.5714976561200835,11.544767772097217,132
2814,6.757386144669904,11.382610210387211,132
2815,6.485371192438157,11.606054853941618,132
2816,6.549171661036119,11.812706938184652,132
2817,6.642871723542921,11.348813245685768,132
2818,6.378365909569963,11.449036148852871,132
2819,6.5550221064928165,11.534741121125213,132
2820,5.617960931799373,11.47358313490602,112
2821,5.41606805720658,11.512448112821877,112
2822,5.075045456478589,11.480361129231081,112
2823,5.703878424124603,11.669235967490325,112
2824,5.614075917937622,11.368623639025733,112
2825,5.238557870427,11.379130051767369,112
2826,5.408864681233067,11.651541188025403,112
2827,5.7352273644290985,11.493345781673266,112
2828,5.7171694627686795,11.706770103318071,112
2829,5.640796003401841,11.399273168952918,112
2830,4.491783245949176,11.874612268962977,92
2831,4.361638052273407,11.506900958010451,92
2832,4.501104402213535,11.403832860966304,92
2833,4.27821795945018,11.923649588650457,92
2834,4.426854986856756,11.302154725254624,92
2835,4.284561920260782,11.503015970030365,92
2836,4.604088484978689,11.526943340894789,92
2837,4.607488400963947,11.701772143067862,92
2838,4.2404605904273485,11.553960846269018,92
2839,4.700082861825086,11.425204915631733,92
2840,3.3573223444418065,11.510255734895148,72
2841,3.4487267269630797,11.238029991163145,72
2842,3.3489608958582284,11.549747150068864,72
2843,3.5071737979677025,11.34292636469646,72
2844,3.415370573020927,11.756654321378619,72
2845,3.2758943310065374,11.57859407681151,72
2846,3.6882718682562357,11.440015001483603,72
2847,3.425349121485644,11.388224834452398,72
2848,3.309779479253703,11.484254843865456,72
2849,3.474761129826869,11.591918611237494,72
2850,2.49617588071222,11.513052472058858,52
2851,2.4674261789294714,11.344578464203721,52
2852,2.5087555436226845,11.628510613220568,52
2853,2.409421160314457,11.55970723247639,52
2854,2.4485191109735442,11.559186997822632,52
2855,2.1871311341642494,11.436136659302262,52
2856,2.646058934627855,11.567574358566706,52
2857,2.544819667048264,11.460736256466836,52
2858,2.3839816233949853,11.583391217746877,52
2859,2.7848102472032856,11.214258331898405,52
2860,1.4349189805531217,11.478268215707818,32
2861,1.7583232646712292,11.506456130627559,32
2862,1.384939881689955,11.653426220732614,32
2863,1.4094242553760221,11.471433072110617,32
2864,1.4328057992325038,11.41388761343691,32
2865,1.3177790796167035,11.457831177266787,32
2866,1.1687578835657622,11.586902013963517,32
2867,1.465412040221458,11.711804031781487,32
2868,1.5203789136122485,11.405778439124623,32
2869,1.4921242397192023,11.514840068054333,32
2870,0.550753616290394,11.493211854705349,12
2871,0.35111329899067656,11.315034804247771,12
2872,0.5030625750819377,11.70864585370021,12
2873,0.28014892139868575,11.296604448271005,12
2874,0.2346424544390902,11.470632209354713,12
2875,0.5550119611838386,11.343659261792913,12
2876,0.4424187888003826,11.585563176004118,12
2877,0.5303420611431828,11.450285294307774,12
2878,0.4973157534487475,11.422199992056818,12
2879,0.3535399927004304,11.627980231757734,12
2880,0.5044145887516328,12.78326554094214,13
2881,0.5774966668903951,12.475363702245195,13
2882,0.3528011095223803,12.60463804555088,13
2883,0.28927745841087393,12.374586249467056,13
2884,0.5160811943060201,12.5462014853326,13
2885,0.45217304667579034,12.304573285471289,13
2886,0.5939652008680917,12.56781017573895,13
2887,0.48801373210061755,12.446603887342125,13
2888,0.5307613008851945,12.504378575590335,13
2889,0.2564926205088135,12.604696104519515,13
2890,1.315118953316958,12.256168394965691,33
2891,1.3973262404080804,12.124014264419493,33
2892,1.568598642163015,12.544619307967672,33
2893,1.814733221182012,12.520924669422119,33
2894,1.4792876498007776,12.45727445933867,33
2895,1.58867041768859,12.484070886494036,33
2896,1.483954279521228,12.964744915110689,33
2897,1.791336839213445,12.461273729295284,33
2898,1.2379167499552117,12.576518654187511,33
2899,1.5141931567004037,12.402595277057918,33
2900,2.5442848862560905,12.665482635808049,53
2901,2.4642649487416572,12.71629136029289,53
2902,2.4384222275905403,12.532844587378396,53
2903,2.7728347798300486,12.373726755219778,53
2904,2.676577744477651,12.134703150232566,53
2905,2.5205119971098844,12.602624481291343,53
2906,2.154368209608405,12.377786599576467,53
2907,2.4458486165121145,12.526422567783154,53
2908,2.9054541346607623,12.312526949061596,53
2909,2.4654007500040436,12.460214368929469,53
2910,3.505057858235158,12.464532674489622,73
2911,3.540289037156645,12.482057056344685,73
2912,3.332776671897138,12.334522342815037,73
2913,3.679536642314203,12.623083025433184,73
2914,3.4104657822902045,12.527646359611715,73
2915,3.2488295809320134,12.436995840905876,73
2916,3.4836464870054806,12.21429879598018,73
2917,3.505156296353969,12.716661829258262,73
2918,3.524088414975764,12.315848005331592,73
2919,3.704319860552762,12.411308298594545,73
2920,4.553751676661401,12.536470198270774,93
2921,4.320516310707497,12.429469499182204,93
2922,4.275973533262029,12.591849832100376,93
2923,4.1814078625949005,12.353211741501703,93
2924,4.608149542935846,12.292761242230462,93
2925,4.418222063291052,12.230267789088634,93
2926,4.939090513870999,12.16646387480942,93
2927,4.350846740155369,12.422289647078742,93
2928,4.361782346485662,12.454852953141017,93
2929,4.41519105445719,12.405284445877523,93
2930,5.686510869578075,12.404668835177667,113
2931,5.68420453144122,12.531248376293838,113
2932,5.449779551883324,12.55405530738573,113
2933,5.230911833021206,12.363403236922627,113
2934,5.4149942337917425,12.690659798901056,113
2935,5.410026790912441,12.352990654723907,113
2936,5.401429755658291,12.2573299079277,113
2937,5.395342164415263,12.557116710704758,113
2938,5.401980565641279,12.37738877983785,113
2939,5.442018757615336,12.548193720613607,113
2940,6.1394497098349206,12.465842057774637,133
2941,6.7088683912224605,12.607323964515423,133
2942,6.6008440112060605,12.290138235772329,133
2943,6.27492851762555,12.271956981163909,133
2944,6.278183431423058,12.56764439521647,133
2945,6.750839885614629,12.65100951068406,133
2946,6.389393014475306,12.264327147332317,133
2947,6.374872272690107,12.662227112944962,133
2948,6.160092185877607,12.505631276223022,133
2949,6.447383269159767,12.663770800861197,133
2950,7.4894669457723575,12.57586031487092,153
2951,7.121658312376807,12.48699482957777,153
2952,7.477204892652594,12.688642858453903,153
2953,7.6590215728006905,12.560908418364212,153
2954,7.365938097137443,12.464761359271854,153
2955,7.441805254663882,12.365972736122108,153
2956,7.473579974467353,12.61967760520732,153
2957,7.065072918019728,12.218983804406808,153
2958,7.750702136315621,12.596883563041384,153
2959,7.364793648015424,12.335143287266769,153
2960,8.687842549293496,12.354994716394602,173
2961,8.524194931399403,12.380590379341905,173
2962,8.596618565177517,12.515437608578486,173
2963,8.512298322073708,12.152893390099985,173
2964,8.23714343572885,12.751016282843448,173
2965,8.370890625490699,12.566262010456633,173
2966,8.600858400641707,12.68405518955733,173
2967,8.524998372603976,12.262909408878624,173
2968,8.67714848579585,12.686684774053289,173
2969,8.560491184455575,12.834724836654162,173
2970,9.301868246693402,12.520489609338313,193
2971,9.615710269235565,12.503807791695841,193
2972,9.500166491703094,12.392513976736383,193
2973,9.268334922762763,12.621439165395783,193
2974,9.57393259577778,12.579634147132392,193
2975,9.625040480725602,12.628720860640103,193
2976,9.409831017099673,12.48152953469716,193
2977,9.674887478038283,12.59038704019675,193
2978,9.24998548898162,12.433152454545501,193
2979,9.275786578032553,12.808072803512989,193
2980,10.378118134481703,12.646357006650387,213
2981,10.815794614418747,12.50011332611819,213
2982,10.505233192063411,12.602878672791263,213
2983,10.293673366564688,12.17694041393128,213
2984,10.705211902573291,12.567047257551478,213
2985,10.518885208259244,12.404212126228245,213
2986,10.627668614757036,12.74799644557678,213
2987,10.683578387781388,12.593463102183364,213
2988,10.550693333121753,12.535978661877394,213
2989,10.411163873278078,12.572946499002533,213
2990,11.350233872068491,12.580665228555272,233
2991,11.743488503579208,12.545958422311012,233
2992,11.798705562762535,12.350253983706342,233
2993,11.558937026582232,12.577818952617758,233
2994,11.738560535286046,12.629529236378229,233
2995,11.41462777019912,12.525720397638558,233
2996,11.380432965066253,12.672897215489254,233
2997,11.506138712309339,12.317389430975457,233
2998,11.565241155755185,12.570192563319777,233
2999,11.440901997813532,12.324457894040483,233
3000,12.332887796265037,12.491191935934305,253
3001,12.405360374939331,12.566980476041106,253
3002,12.358690972463863,12.529941562760417,253
3003,12.417800627188829,12.664126932128221,253
3004,12.467877453393323,12.571850471508913,253
3005,12.625573172949707,12.370803563045433,253
3006,12.451826144194145,12.82678432609875,253
3007,12.26215614398456,12.529150019500735,253
3008,12.671010176974274,12.477898966006775,253
3009,12.374436479957744,12.644588813458336,253
3010,13.53741764188951,12.254911556141106,273
3011,13.559884228940899,12.436275297871154,273
3012,13.873827599790102,12.575374954419393,273
3013,13.458731785761742,12.36638767046716,273
3014,13.45233586589739,12.285976013482799,273
3015,13.517486776801869,12.510400574257302,273
3016,13.660727390337156,12.629381522692276,273
3017,13.27401989547144,12.245753984222508,273
3018,13.205166616278524,12.623034859745898,273
3019,13.411932709406978,12.622595930560749,273
3020,14.643112765323494,12.706577140475684,293
3021,14.682772032230753,12.653005476035313,293
3022,14.830302088698943,12.445530252977438,293
3023,14.44658619270714,12.628160300168108,293
3024,14.516435737011678,12.551182376373806,293
3025,14.437534235012796,12.725041191350147,293
3026,14.500296526713372,12.511176439074015,293
3027,14.729931003345447,12.653844817080888,293
3028,14.2982478274104,12.896301786573893,293
3029,14.370842549175164,12.58971487325712,293
3030,15.507399224869227,12.586467701768363,313
3031,15.608367047783148,12.273716604768072,313
3032,15.445207871269417,12.527745586260973,313
3033,15.85819515582871,12.567913452811505,313
3034,15.527010655654397,12.756099471433883,313
3035,15.459060001966174,12.384377179590697,313
3036,15.374646649246994,12.308247105679651,313
3037,15.664583028740966,12.365685805861244,313
3038,15.630078111924162,12.299514724952761,313
3039,15.425396844287887,12.700498603663847,313
3040,16.732295894253607,12.61180410861168,333
3041,16.548032486692325,12.514028524465791,333
3042,16.68319424185277,12.475594444764637,333
3043,16.520093757087036,12.369321045498856,333
3044,16.485733252844884,12.510822985523264,333
3045,16.450044357141937,12.610735584622425,333
3046,16.453441351293364,12.328499151337422,333
3047,16.267829766553646,12.513121063052111,333
3048,16.5396382145411,12.534956442729422,333
3049,16.493949913467894,12.39229028245726,333
3050,17.4118215542638,12.656143126069669,353
3051,17.53459162731493,12.310211238637217,353
3052,17.329986847256105,12.572088013764157,353
3053,17.552488557287408,12.369051654966597,353
3054,17.36569684395112,12.468952311635245,353
3055,17.659428053954983,12.345346208727904,353
3056,17.850674161808247,12.623352570634363,353
3057,17.370886479744726,12.374452946834062,353
3058,17.5801311793562,12.582794638899774,353
3059,17.390988714267696,12.44838529576065,353
3060,18.48282914423017,12.545294135025765,373
3061,18.52216338611002,12.41788887158497,373
3062,18.38572629925117,12.78029048287445,373
3063,18.53155506703113,12.505221131074975,373
3064,18.72955018465316,12.379670088794724,373
3065,18.383285782125093,12.327926073348243,373
3066,18.675771521491075,12.663485743863625,373
3067,18.724714645023166,12.414322403887372,373
3068,18.377576751645794,12.506574319919064,373
3069,18.28174180923642,12.643370411766872,373
3070,19.427361247210374,12.78382876412496,393
3071,19.493110675688975,12.367442128896341,393
3072,19.497514738526622,12.384045543559594,393
3073,19.602498676727414,12.369390834253439,393
3074,19.58861165032655,12.608688766808468,393
3075,19.466982940311777,12.567272818129466,393
3076,19.509547359224477,12.476219346137531,393
3077,19.444233148271476,12.362297140754155,393
3078,19.278358138962084,12.513856518745989,393
3079,19.53864012860972,12.265306680899629,393
3080,20.521513985028623,12.367400171488034,413
3081,20.63072865791319,12.519874571524348,413
3082,20.312320129504947,12.442776587776386,413
3083,20.27012225847555,12.301925983489244,413
3084,20.73691568375423,12.55062231120896,413
3085,20.40823605407431,12.460503828968312,413
3086,20.670392176891575,12.476446275733293,413
3087,20.476900350220326,12.318475858487876,413
3088,20.4757067774588,12.73871005516442,413
3089,20.565761904924496,12.631507127957917,413
3090,21.644623382625795,12.66244999077753,433
3091,21.454183294633747,12.33854282188969,433
3092,21.240622566574487,12.39893148415108,433
3093,21.792937607373428,12.643630574491965,433
3094,21.49083537379912,12.093108115428434,433
3095,21.387680030596993,12.477581646025252,433
3096,21.562520236172467,12.2853753197563,433
3097,21.675068118200496,12.428516929784971,433
3098,21.49654241658718,12.45517698664562,433
3099,21.691786275190907,12.446263343313873,433
3100,22.41716081218311,12.647577851540921,453
3101,22.33542845255568,12.518882979586499,453
3102,22.843786690022803,12.428517286517113,453
3103,22.780119300624204,12.304311583429929,453
3104,22.325690126961558,12.365960747942133,453
3105,22.737317512695537,12.253792982659686,453
3106,22.44008017642907,12.501833532262275,453
3107,22.519378120999757,12.32050016115734,453
3108,22.490508906015464,12.460165923122219,453
3109,22.401037703811905,12.705515278041556,453
3110,23.679894935938236,12.543680413270705,473
3111,23.495158465884607,12.445464005762746,473
3112,23.486937291078526,12.472395140120149,473
3113,23.78198118241315,12.12682669136565,473
3114,23.578113418053807,12.46673278944258,473
3115,23.45082903101852,12.645405395361209,473
3116,23.286097282431932,12.405289616665016,473
3117,23.559080982724712,12.507878955232297,473
3118,23.62439856588743,12.386607393996211,473
3119,23.405252271322954,12.554066251443915,473
3120,23.467521520369573,13.41454515556114,474
3121,23.3591137688977,13.44632580998381,474
3122,23.69988272014977,13.89568226283903,474
3123,23.63933980202983,13.545281007108152,474
3124,23.409263985410774,13.442051628682924,474
3125,23.574668246412667,13.169205844086614,474
3126,23.580611800423057,13.708464620091954,474
3127,23.596345185251675,13.29821854937871,474
3128,23.245861615600738,13.349484164475074,474
3129,23.650990981154894,13.450297155136823,474
3130,22.712461768755045,13.445647866368084,454
3131,22.615985997999864,13.61127334415852,454
3132,22.476324373523962,13.486204730069543,454
3133,22.546243809545825,13.33771284469303,454
3134,22.409942146069334,13.43950683121336,454
3135,22.520948053434804,13.512679047567648,454
3136,22.51100051171672,13.636532367549712,454
3137,22.645315484352203,13.472470774176427,454
3138,22.645076718365843,13.318620193314059,454
3139,22.574096607330848,13.508511252494523,454
3140,21.517018406008482,13.463785415291252,434
3141,21.527875644335413,13.720017383534847,434
3142,21.637980727393163,13.575833677982251,434
3143,21.652838486013486,13.565435355720158,434
3144,21.41086836914275,13.321362524103941,434
3145,21.40757848129266,13.601809210391913,434
3146,21.34397019335668,13.360629548923537,434
3147,21.604822350542072,13.329896972109756,434
3148,21.717323016250656,13.447984263484994,434
3149,21.45273771081366,13.412131091482696,434
3150,20.466760045842243,13.472235352586818,414
3151,20.28385275482126,13.681819380635023,414
3152,20.64382244597015,13.314061798121246,414
3153,20.669152944177466,13.591176050810251,414
3154,20.207898628878876,13.665199524733433,414
3155,20.646768670849983,13.60745101208106,414
3156,20.378420705526757,13.848704837148512,414
3157,20.62854633054742,13.420657985591296,414
3158,20.489733026100037,13.64359572338903,414
3159,20.50431633461215,13.484086404698788,414
3160,19.6850109114529,13.697729560085104,394
3161,19.498846650641795,13.29627376177836,394
3162,19.44181863272063,13.433510480277315,394
3163,19.695910830580743,13.456713732426884,394
3164,19.42626570914716,13.482816085879122,394
3165,19.288091136164915,13.512614158237529,394
3166,19.422472967523927,13.603636643608828,394
3167,19.59285494198828,13.433278974274426,394
3168,19.708805812738063,13.520854303042968,394
3169,19.516669406294476,13.493231566451392,394
3170,18.361116514416327,13.916994543633534,374
3171,18.482949996637785,13.344301296751615,374
3172,18.478451070515433,13.296936798793537,374
3173,18.475237915249544,13.610171511750183,374
3174,18.504763918487217,13.188432021933918,374
3175,18.51135103109201,13.464708913504134,374
3176,18.4351557231339,13.821873738761473,374
3177,18.69090721009569,13.26825961167699,374
3178,18.32457790561955,13.202705327139194,374
3179,18.391854483729517,13.275122819706345,374
3180,17.634753935252046,13.461159180513242,354
3181,17.66871650799787,13.471821089848692,354
3182,17.423111680453225,13.6678341896896,354
3183,17.60248186060016,13.691164264003136,354
3184,17.708538299126797,13.474248951911283,354
3185,17.768101962164472,13.664772731407773,354
3186,17.46304970782302,13.553649204994663,354
3187,17.154779242349502,13.509675895929385,354
3188,17.376868161638548,13.635981623566494,354
3189,17.43597937075971,13.510837807235687,354
3190,16.808671676564664,13.20872120109309,334
3191,16.284238324980816,13.49942937994938,334
3192,16.422724365136197,13.261478725397955,334
3193,16.481022165456906,13.40030233537469,334
3194,16.5659179035687,13.36457866095558,334
3195,16.690194073065463,13.621389704736298,334
3196,16.496340214914575,13.517524526125827,334
3197,16.286665552574068,13.307161349886595,334
3198,16.62637708446825,13.632009894443602,334
3199,16.613243814921294,13.284929126410738,334
3200,15.549517068570642,13.565922907201276,314
3201,15.377898399606266,13.485253522881843,314
3202,15.445148437620421,13.229437427386125,314
3203,15.575640612205758,13.549720634449635,314
3204,15.57821740985893,13.554684221603319,314
3205,15.700545361033393,13.397973978547807,314
3206,15.487661945049283,13.307341944589123,314
3207,15.545967629444501,13.721381872575595,314
3208,15.43433940163935,13.57371682663416,314
3209,15.52729848239342,13.465637845361744,314
3210,14.329445067527876,13.405699462945371,294
3211,14.376727775736798,13.107280020196159,294
3212,14.695388559517935,13.277762884267295,294
3213,14.520649291130207,13.299079533756336,294
3214,14.417411939949893,13.520278551148108,294
3215,14.576453384683699,13.451064944333796,294
3216,14.377840271883052,13.298199676887714,294
3217,14.725126454542057,13.457825393630316,294
3218,14.70292008023451,13.575800572147102,294
3219,14.430013889319584,13.579175902487338,294
3220,13.215049457871167,13.459073318048981,274
3221,13.480760477927426,13.645526262385179,274
3222,13.29249888345426,13.335238617305617,274
3223,13.635259304571042,13.40713155776251,274
3224,13.617621962453025,13.274021211294134,274
3225,13.36529591605133,13.349356415475862,274
3226,13.38509321963994,13.322702700589767,274
3227,13.430809942425254,13.649396051826967,274
3228,13.1620809907903,13.395260722687292,274
3229,13.550395226016086,13.518626352711692,274
3230,12.44288548942073,13.50563622890038,254
3231,12.309580210098078,13.452796375681785,254
3232,12.474754936524253,13.519405201005572,254
3233,12.58986549977954,13.142889134171476,254
3234,12.318836091118497,13.225547727718787,254
3235,12.621366918609707,13.592395050907026,254
3236,12.372541861778345,13.655577210847358,254
3237,12.427552411089074,13.363426994470272,254
3238,12.579602468451506,13.46339574717433,254
3239,12.400484576417076,13.544207887935345,254
3240,11.603982640248805,13.516202118146925,234
3241,11.195848409249372,13.364002718226857,234
3242,11.367093962953243,13.643699091222002,234
3243,11.45011309302252,13.599531842774764,234
3244,11.605471029585408,13.346087873370656,234
3245,11.874764572558224,13.557213842630151,234
3246,11.465799140978543,13.64958983514883,234
3247,11.288953380684402,13.677283506383834,234
3248,11.560340211580195,13.490032653703581,234
3249,11.698149368431107,13.446288083073101,234
3250,10.684091073312189,13.73268678996416,214
3251,10.318475924552867,13.632342973889882,214
3252,10.565786893638151,13.385761820244568,214
3253,10.294496005895336,13.454097906846389,214
3254,10.65980644083894,13.521814082610863,214
3255,10.461293172658326,13.394443440100286,214
3256,10.69028748534712,13.753851985869481,214
3257,10.573711913453328,13.521648970758905,214
3258,10.31651696549071,13.094497792933897,214
3259,10.713694159811586,13.550903371913433,214
3260,9.447776390477403,13.586839297285685,194
3261,9.488761016582233,13.56900634857907,194
3262,9.444707095132145,13.731066185966501,194
3263,9.621056962491004,13.688302467043272,194
3264,9.667953166783008,13.39714876236148,194
3265,9.542457974338799,13.623044756176345,194
3266,9.449103321929275,13.357356992535829,194
3267,9.493799419278625,13.604389815141127,194
3268,9.502939942486645,13.422507870185983,194
3269,9.379635494020274,13.346512016493662,194
3270,8.54200680140461,13.497566532360608,174
3271,8.098814930776879,13.673525067155548,174
3272,8.237353663839215,13.559609553518886,174
3273,8.473376217433858,13.387881651906268,174
3274,8.512366264995226,13.457924691988257,174
3275,8.444602184476272,13.289570076418821,174
3276,8.26308455519236,13.483779151441288,174
3277,8.377316223679225,13.666815092883201,174
3278,8.558681399085609,13.602793512706645,174
3279,8.587267265594255,13.710301398887868,174
3280,7.454567213430151,13.480049525410491,154
3281,7.701914969177139,13.301866157624076,154
3282,7.471004366032805,13.821451058187737,154
3283,7.720737762385484,13.42953533034943,154
3284,7.496721487883682,13.523813407640631,154
3285,7.606084706070641,13.67340100041767,154
3286,7.721266854646478,13.40872591444032,154
3287,7.4709858557128195,13.34881981301668,154
3288,7.532758348131626,13.538060594516224,154
3289,7.693329513780945,13.231038540313142,154
3290,6.4568140884698115,13.467631931050768,134
3291,6.5367557996473105,13.323335781301296,134
3292,6.459507215476226,13.720467638818125,134
3293,6.268482358522138,13.4066594665659,134
3294,6.7391266934306016,13.223960042280664,134
3295,6.515530723092376,13.6992249080936,134
3296,6.714672817664261,13.424355297628107,134
3297,6.4609945624729335,13.408826416107656,134
3298,6.367998202746385,13.235191861945504,134
3299,6.540377138038274,13.761141222989549,134
3300,5.306577911918547,13.602261511322272,114
3301,5.508767422105848,13.644375432870016,114
3302,5.636893048381066,13.316073096328097,114
3303,5.563257539950465,13.829496908246844,114
3304,5.491051853201172,13.61512190168312,114
3305,5.244750121256888,13.499742876949641,114
3306,5.378541274634907,13.663430487461497,114
3307,5.528170050706378,13.854811165799996,114
3308,5.381923889501951,13.28419198484147,114
3309,5.530503918999815,13.466210603626298,114
3310,4.143235251019001,13.264778352986992,94
3311,4.528897729897204,13.568581959553876,94
3312,4.554809136288771,13.4409926553383,94
3313,4.4941256826835865,13.385637307409564,94
3314,4.401819964350254,13.38594545381758,94
3315,4.192572822571751,13.440958262695048,94
3316,4.556030052511765,13.557364997353881,94
3317,4.718315172587299,13.303175519820673,94
3318,4.4113472316399855,13.440432700264822,94
3319,4.566008989353472,13.493779233300128,94
3320,3.335144116320221,13.538588013166725,74
3321,3.7694997802512527,13.448328418687131,74
3322,3.3719756779907986,13.387587601956454,74
3323,3.3995844629549765,13.55066491485819,74
3324,3.353253807526625,13.418236915500662,74
3325,3.7697720130707175,13.772513344436266,74
3326,3.5829357842899223,13.309606334213534,74
3327,3.3595111990634536,13.730423515928242,74
3328,3.6659347338289954,13.48330217268033,74
3329,3.5301048041433316,13.544862860103166,74
3330,2.6249736649944153,13.536131513580061,54
3331,2.4054626057493347,13.400145980265968,54
3332,2.6296372577047955,13.555352465673774,54
3333,2.0938684216928234,13.518642854227627,54
3334,2.392001570016709,13.640408425190403,54
3335,2.36139057889884,13.616540505439728,54
3336,2.3119740981442356,13.504571462088094,54
3337,2.467756774288157,13.365412049075811,54
3338,2.5578624952272544,13.402057476625188,54
3339,2.605398999774896,13.417531596054294,54
3340,1.4527100499125616,13.570971817990168,34
3341,1.540207564138463,13.394563284294065,34
3342,1.6072761585192088,13.464328944386109,34
3343,1.4923321960476934,13.569964693111848,34
3344,1.5024187181850708,13.5781034244634,34
3345,1.5214959457500006,13.338070072175094,34
3346,1.422614203030149,13.649558903468046,34
3347,1.3611911613535566,13.669102513403322,34
3348,1.2366843154033935,13.330522521417215,34
3349,1.3957275962884692,13.376424469553827,34
3350,0.6786636024719287,13.660881269935913,14
3351,0.47797197181170487,13.714314024305516,14
3352,0.16703330788222237,13.71514645040281,14
3353,0.2900477742900971,13.542713189007836,14
3354,0.4625945562241278,13.205506627824153,14
3355,0.32554360245730973,13.56912372981058,14
3356,0.4379864344045338,13.65725998317203,14
3357,0.5048594320525368,13.487839934184688,14
3358,0.7193381906052093,13.761687580511287,14
3359,0.45643191256583165,13.628975034220119,14
3360,0.5852410065729177,14.752223868612703,15
3361,0.6629571066808757,14.36741966572889,15
3362,0.5500054776891317,14.522094700058362,15
3363,0.126078425090697,14.397925892835392,15
3364,0.42512915727944517,14.592241695854707,15
3365,0.6795752040871781,14.57645246158635,15
3366,0.3788612989852556,14.62175583574199,15
3367,0.46647912421445914,14.549787767156182,15
3368,0.34327455291453934,14.94031093095827,15
3369,0.7675883892802653,14.34581143524839,15
3370,1.2434094968345228,14.63413491617514,35
3371,1.4410364698947808,14.385051621282786,35
3372,1.2648017601659598,14.460318115194292,35
3373,1.276130659499101,14.554863997913937,35
3374,1.349802801870305,14.208764829906967,35
3375,1.361671664185256,14.142264173657413,35
3376,1.356807284707491,14.551917599319658,35
3377,1.5777328425668118,14.573802142085034,35
3378,1.4240716408371996,14.809633020227862,35
3379,1.473072813769128,14.523714231380021,35
3380,2.622960957588714,14.495192875875443,55
3381,2.470679103462104,14.505028705358288,55
3382,2.544584083237763,14.167361338096184,55
3383,2.75008852626243,14.32477332582247,55
3384,2.1814010772811545,14.335468738092402,55
3385,2.562042438635752,14.62330991170488,55
3386,2.820338009511605,14.630822965852609,55
3387,2.5423051328814013,14.54860546640598,55
3388,2.747585944484927,14.623615434528356,55
3389,2.4056181775705836,14.475377588091733,55
3390,3.6802897504309313,14.486718367812548,75
3391,3.5013182663948106,14.43191628757703,75
3392,3.5086796071140136,14.63350865987132,75
3393,3.4601611050106382,14.408910787887088,75
3394,3.602667571645464,14.469969811854945,75
3395,3.436820177508063,14.709884192510675,75
3396,3.6464647065797102,14.730871351871597,75
3397,3.330177628892599,14.735859731540549,75
3398,3.3351625617907708,14.457681133459912,75
3399,3.603114013268976,14.68460543574767,75
3400,4.357657075834698,14.566249384627909,95
3401,4.363964568791691,14.284940496278466,95
3402,4.147431622106346,14.374389141202677,95
3403,4.750930230284779,14.183966632806088,95
3404,4.370403022638588,14.28640628317036,95
3405,4.481020113037941,14.526779375458071,95
3406,4.363451348710758,14.20531959428456,95
3407,4.604274787249521,14.277828141306742,95
3408,4.443654950892399,14.49964466258008,95
3409,4.304277466435058,14.418458965586042,95
3410,5.798805495393896,14.566347530224673,115
3411,5.775084481903656,14.38739055894916,115
3412,5.369811630587327,14.327200367863128,115
3413,5.583570642760522,14.516362445552474,115
3414,5.612392383531918,14.557895513885331,115
3415,5.4103781712963395,14.323503258414991,115
3416,5.27566876952527,14.639213591648662,115
3417,5.498155232603791,14.234427829333589,115
3418,5.474073148777883,14.413282981192653,115
3419,5.4346353254544075,14.461298719570358,115
3420,6.404566443102211,14.33193731215954,135
3421,6.415240928967322,14.386770070514212,135
3422,6.780661172346217,14.504821472044684,135
3423,6.372367386644165,14.241134331278115,135
3424,6.866183258370787,14.503350885897792,135
3425,6.565569016959658,14.75403207001205,135
3426,6.513808270596799,14.522711108593716,135
3427,6.57143605300815,14.456097181153709,135
3428,6.8794891623877925,14.407275932697456,135
3429,6.350961049410283,14.634776755682735,135
3430,7.3761250840142925,14.561359740750108,155
3431,7.776959388089887,14.599994182518534,155
3432,7.7900039621571535,14.297511154320809,155
3433,7.538512619799268,14.431720164277577,155
3434,7.498272736788503,14.297911912362798,155
3435,7.654598971236234,14.365180028463424,155
3436,7.664219775334098,14.582652559033946,155
3437,7.379101240341088,14.389977689998258,155
3438,7.4210167300294945,14.454876106595155,155
3439,7.3016478847975055,14.255903240807903,155
3440,8.5280485314587,14.651625960253048,175
3441,8.493359002023302,15.029358278135572,176
3442,8.390656112495027,14.31332703251667,175
3443,8.471647855347628,14.567474082058977,175
3444,8.527044232075516,14.393867157205884,175
3445,8.377769777663598,14.419181454313494,175
3446,8.278560618399734,14.391968196848982,175
3447,8.770836164903022,14.331151754829913,175
3448,8.40500909429346,14.4938062957323,175
3449,8.485485984521967,14.278824596942764,175
3450,9.64202113497678,14.183524263906154,195
3451,9.508250440405007,14.700898988422,195
3452,9.563365245935216,14.397019187026935,195
3453,9.430071708208066,14.674506408274533,195
3454,9.444919409868238,14.660318848209144,195
3455,9.5431345857751,14.307100044022526,195
3456,9.325392405139127,14.336738314649073,195
3457,9.446301434838,14.884075443903352,195
3458,9.371057972918232,14.762638891289072,195
3459,9.366414678411347,14.495272223000784,195
3460,10.538605965962603,14.3826469116247,215
3461,10.405373039557922,14.627974795961979,215
3462,10.564852907130051,14.537122082146016,215
3463,10.39242271489163,14.498550336802998,215
3464,10.195146935355242,14.631844595960597,215
3465,10.301766632023343,14.572091289002103,215
3466,10.503163912177587,14.716984493687706,215
3467,10.330339914674612,14.431021110652729,215
3468,10.48990838026297,14.435554753220874,215
3469,10.338800844085071,14.304833610041298,215
3470,11.435652892394137,14.300132747815816,235
3471,11.644715484145367,14.675675144905922,235
3472,11.69499810583932,14.280253788084266,235
3473,11.644045775213,14.399731763372023,235
3474,11.230871220017585,14.350285805834645,235
3475,11.66247178189911,14.236857272076625,235
3476,11.22422220650919,14.51417913513827,235
3477,11.634717598618352,14.770913367675544,235
3478,11.444832321014342,14.900035783348,235
3479,11.605379997090079,14.514573368062937,235
3480,12.667502191260128,14.340095174255849,255
3481,12.53481419568928,14.492268668708853,255
3482,12.574832479215232,14.786800820357904,255
3483,12.448677702330913,14.674609022887891,255
3484,12.52926153881339,14.702376857333306,255
3485,12.580621805690964,14.503664776026705,255
3486,12.41323104066855,14.548149634552903,255
3487,12.488375855016052,14.650335425005439,255
3488,12.491235482150376,14.734038329429639,255
3489,12.623960497599578,14.207259563067566,255
3490,13.302683803942523,14.588211501275175,275
3491,13.696416615210397,14.644351775389985,275
3492,13.458466596634679,14.641883223483196,275
3493,13.399241881611289,14.661043291586136,275
3494,13.31187585195066,14.405373167381372,275
3495,13.416747494768384,14.45531997925647,275
3496,13.289644607486427,14.615354748316342,275
3497,13.813664140909871,14.420891640754057,275
3498,13.496634592202915,14.499234005195916,275
3499,13.491307418735593,14.559814564663721,275
3500,14.617777762346556,14.543706847722392,295
3501,14.23334785564447,14.504827763055525,295
3502,14.607211847483342,14.63092256247675,295
3503,14.464941391322242,14.609812142714953,295
3504,14.606118656629658,14.45364006448926,295
3505,14.616539753853225,14.56072351132124,295
3506,14.741187259167873,14.49473552998231,295
3507,14.70301804714318,14.371910063730992,295
3508,14.701985749391545,14.693569111206452,295
3509,14.716550547874936,14.508279886379514,295
3510,15.807306238654828,14.295384100927246,315
3511,15.256176159470025,14.420218337456602,315
3512,15.416483184073495,14.57513759936288,315
3513,15.504895825503631,14.352651359158484,315
3514,15.670607164644338,14.740803394354272,315
3515,15.559920405890328,14.683590451635684,315
3516,15.546570913127113,14.264287000249254,315
3517,15.330910431116878,14.360144313522701,315
3518,15.326458790415579,14.157133413325758,315
3519,15.548375699043486,14.38261129561778,315
3520,16.61495827148586,14.645169170350513,335
3521,16.43791575865877,14.559848823625254,335
3522,16.569119586542396,14.657507356233014,335
3523,16.271649852257738,14.548698735325377,335
3524,16.619696288187285,14.521448595221383,335
3525,16.41673361581075,14.241098407199985,335
3526,16.501825452342437,14.459444995485825,335
3527,16.486068824791044,14.495892351939439,335
3528,16.309267721866156,14.792966079740886,335
3529,16.32703735023903,14.603043494814802,335
3530,17.73040917725643,14.680872763107406,355
3531,17.58963065588421,14.359480714756092,355
3532,17.393304515957578,14.294188121909558,355
3533,17.517568632422478,14.67699131950577,355
3534,17.535433546939636,14.609784710385156,355
3535,17.359126664534397,14.688177805357178,355
3536,17.442341893511063,14.620105292131836,355
3537,17.469134950948423,14.80897675026061,355
3538,17.740842974884767,14.583808575541672,355
3539,17.18788892119135,14.476528393581527,355
3540,18.5514389565982,14.428468530903425,375
3541,18.686520369251895,14.75156738052803,375
3542,18.38309370121098,14.280924865087227,375
3543,18.402216712620294,14.678689102244775,375
3544,18.453655997810316,14.601270558461039,375
3545,18.1843125801852,14.242595012753396,375
3546,18.520711761262632,14.90661914485608,375
3547,18.217080694407347,14.490438207174405,375
3548,18.507958896939893,14.368377396676655,375
3549,18.629793463420288,14.288936920782398,375
3550,19.466997295851048,14.353104965457606,395
3551,19.480888969141507,14.52450405323737,395
3552,19.51539682928095,14.69711124722869,395
3553,19.455330576566407,14.3576876957098,395
3554,19.594983796517266,14.659188438776818,395
3555,19.441855525100515,14.434991564997077,395
3556,19.20975538241393,14.762979220309838,395
3557,19.477595775652553,14.445227108020267,395
3558,19.14487835199401,14.373926052173996,395
3559,19.553065594633708,14.603085767559293,395
3560,20.434631540556456,14.488848200536221,415
3561,20.37378257288065,14.472317283672108,415
3562,20.42832402239443,14.588849432052001,415
3563,20.49330902017255,14.514897072242702,415
3564,20.70132701968673,14.441438689257929,415
3565,20.209886838181063,14.577421605937957,415
3566,20.50346209884256,14.402120756017503,415
3567,20.593735539198107,14.4083234271971,415
3568,20.52901728624877,14.420800896735157,415
3569,20.696479775415032,14.702960374024961,415
3570,21.016847546602143,14.602985162012976,435
3571,21.55933982521444,14.611161067102342,435
3572,21.505140772130034,14.368495437157106,435
3573,21.24786943111428,14.599068992852732,435
3574,21.5464590168704,14.442176013863147,435
3575,21.57136279877473,14.189293423099276,435
3576,21.58844588470361,14.675161288829166,435
3577,21.102225790543258,14.383743255547564,435
3578,21.704958411778165,14.371825980589293,435
3579,21.389339494297275,14.439540119794492,435
3580,22.54083550879911,14.427451204384365,455
3581,22.491409438376685,14.462991336382833,455
3582,22.582210038706076,14.474737043195669,455
3583,22.2990765950207,14.59054686084411,455
3584,22.38864204443539,14.706191690136484,455
3585,22.48260043915177,14.553952127152948,455
3586,22.784683093898806,14.678061651811264,455
3587,22.482928119237936,14.355281539355547,455
3588,22.662783339549243,14.437805423677895,455
3589,22.505783275317647,14.39135461986885,455
3590,23.54716668863123,14.523714084786517,475
3591,23.446156242223086,14.505016520195973,475
3592,23.60946594055513,14.487715843064127,475
3593,23.360349743255135,14.648678666939,475
3594,23.506454645998193,14.612116745714058,475
3595,23.60302868665184,14.544681428653577,475
3596,23.19020458374391,14.567523345091997,475
3597,23.81824469609953,14.484346232584286,475
3598,23.45752721726802,14.766323627386008,475
3599,23.196244012948576,14.278120597246335,475
3600,23.520947751132386,15.855112154604068,476
3601,23.509753694678317,15.443335266871628,476
3602,23.62199206090969,15.306358667076017,476
3603,23.373421918386263,15.438953845043994,476
3604,23.23844910964052,15.502100745105707,476
3605,23.52352345241473,15.584568181251036,476
3606,23.54218457383279,15.411290790524292,476
3607,23.72343991141715,15.733279780122102,476
3608,23.309445693051238,15.332820152748791,476
3609,23.673204065007507,15.23911922717408,476
3610,22.666006563643098,15.344133324744838,456
3611,22.15880684531907,15.75313220828552,456
3612,22.469380534669092,15.536767142655894,456
3613,22.967652169381207,15.60901910696027,456
3614,22.49819346705601,15.405777590036653,456
3615,22.33188485239556,15.69295732054933,456
3616,22.49139038043198,15.46144213867804,456
3617,22.49237988170707,15.54163287702403,456
3618,22.524097491052967,15.360034088421934,456
3619,22.599339447323942,15.35046025603968,456
3620,21.60323079596793,15.550441683387135,436
3621,21.43345897546889,15.389445595827095,436
3622,21.371926536874344,15.658508736692063,436
3623,21.403522498695946,15.645021065637582,436
3624,21.604842960757612,15.607875299953315,436
3625,21.40564432081946,15.77296576809689,436
3626,21.482351760259675,15.487536600838522,436
3627,21.502254162543064,15.597332288885577,436
3628,21.212397667098454,15.412339853510595,436
3629,21.279331039193973,15.867855486930308,436
3630,20.797545047865402,15.24234917774549,416
3631,20.501782065177668,15.535421361481864,416
3632,20.55798793448578,15.63574430622413,416
3633,20.70389463990472,15.466128987638594,416
3634,20.477929074277885,15.71546442793383,416
3635,20.401506389380046,15.394412551187669,416
3636,20.631098462651032,15.341794331755112,416
3637,20.51176588691255,15.489915453920581,416
3638,20.52744916744679,15.487611113697307,416
3639,20.374859298539807,15.615495309700284,416
3640,19.383755576390403,15.056862658813696,396
3641,19.705214135522233,15.40374092845218,396
3642,19.79503754437624,15.40611259734731,396
3643,19.49412839595475,15.353261759290929,396
3644,19.68745656302765,15.51833645068206,396
3645,19.34152543940621,15.437155483171814,396
3646,19.661283231177286,15.376308198535247,396
3647,19.65709146128392,15.341179977762827,396
3648,19.629515592028483,15.392673052177216,396
3649,19.497665536669455,15.668224881777489,396
3650,18.400846241805876,15.432461991833259,376
3651,18.42275919403501,15.38659939708151,376
3652,18.431495357746513,15.53358903109199,376
3653,18.55084902707141,15.20802120704617,376
3654,18.56843742327928,15.33231085879449,376
3655,18.043301519113527,15.730879580026237,376
3656,18.653245282074142,15.360767004897797,376
3657,18.715455205136564,15.68651424171544,376
3658,18.34247201939575,15.55330072933852,376
3659,18.354155263289776,15.22860984281176,376
3660,17.59529937928243,15.941457250290293,356
3661,17.48234990467107,15.60867365905726,356
3662,17.43167994156254,15.855393095121725,356
3663,17.5367435639758,15.709315112329877,356
3664,17.57119502283502,15.536270310733363,356
3665,17.606138773296195,15.545211060467167,356
3666,17.6767379271322,15.494512994018473,356
3667,17.561220386916755,15.239329307623025,356
3668,17.293654886682045,15.502707087870233,356
3669,17.42895318135232,15.68160118288133,356
3670,16.41005400077682,15.362678445636456,336
3671,16.56179294985927,15.518968882859104,336
3672,16.62773865688398,15.424569686949356,336
3673,16.363547934103128,15.67682989055554,336
3674,16.43230457034845,15.696674344490543,336
3675,16.347313276428427,15.629610497320842,336
3676,16.37667515899659,15.545920182965414,336
3677,16.306859207452042,15.465341069473865,336
3678,16.364932730793296,15.321218794371312,336
3679,16.712918352119676,15.791529332168329,336
3680,15.386049047337117,15.53132803138015,316
3681,15.599546952054926,15.508731909062758,316
3682,15.65893483589351,15.440984315558817,316
3683,15.4167079254642,15.213620381153413,316
3684,15.655701879097395,15.570572449419366,316
3685,15.614631980500828,15.79585167186233,316
3686,15.759194575307264,15.569637685718451,316
3687,15.429598030035994,15.591370327858026,316
3688,15.307120397408044,15.585866795923264,316
3689,15.424176536683323,15.55955700048236,316
3690,14.639749895030214,15.692419245325848,296
3691,14.559306052177849,15.511701112771828,296
3692,14.453098424552008,15.30383351522785,296
3693,14.380601663498688,15.448234385477122,296
3694,14.4626539517079,15.50660938511099,296
3695,14.5471194244676,15.224634686573436,296
3696,14.452587555831554,15.708299678015372,296
3697,14.547150802469714,15.52135668687657,296
3698,14.565872520055063,15.557202925187042,296
3699,14.624976914690528,15.70482896937894,296
3700,13.405478575478648,15.65783167339356,276
3701,13.586106289632605,15.514615116544595,276
3702,13.48352038153471,15.465958630079312,276
3703,13.472386969947612,15.560000000842034,276
3704,13.384171141829343,15.843318599132044,276
3705,13.74984048205298,15.235514495164477,276
3706,13.443674993988664,15.61730410813612,276
3707,13.604919637034355,15.363257404676915,276
3708,13.21874889187921,15.49701224055504,276
3709,13.676998279453468,15.462817982138201,276
3710,12.435752261330336,15.505957073257946,256
3711,12.498430230642091,15.286568463828267,256
3712,12.329874328208332,15.569190812647674,256
3713,12.654377065419196,15.361346399955444,256
3714,12.23087847332021,15.432350897445604,256
3715,12.580964676924252,15.544092408191474,256
3716,12.451019622119814,15.384118683223665,256
3717,12.324361265928882,15.491305400049754,256
3718,12.530357505589805,15.272925424813272,256
3719,12.266457336994028,15.594631340539424,256
3720,11.764737070832616,15.431296222547816,236
3721,11.918831330186494,15.571300238814123,236
3722,11.513675221999966,15.340496825025452,236
3723,11.618230621119578,15.653243714659991,236
3724,11.232906149063876,15.341601528210974,236
3725,11.725410148945839,15.342491781526522,236
3726,11.616434275708617,15.36354653173875,236
3727,11.427409983257315,15.613925005627419,236
3728,11.685577120043352,15.407483695772044,236
3729,11.461828588503199,15.297800632344925,236
3730,10.40914800000963,15.642221442570808,216
3731,10.495193644397927,15.454106835270261,216
3732,10.322854127450341,15.314528257011148,216
3733,10.327247833644849,15.691166034177336,216
3734,10.816694450114937,15.485698836320498,216
3735,10.370915189427917,15.759548272228574,216
3736,10.45154364468405,15.163162115365225,216
3737,10.444914449880107,15.529310483192498,216
3738,10.436796478834435,15.787790950081432,216
3739,10.593202010995366,15.447010379684276,216
3740,9.466175986499804,15.46034662501948,196
3741,9.54432675373855,15.383869427247065,196
3742,9.416180627167256,15.409606354307817,196
3743,9.45318921019209,15.500267456165691,196
3744,9.44932773587129,15.341118243744065,196
3745,9.405886889836044,15.424960847511999,196
3746,9.684328482530084,15.422582503719285,196
3747,9.569161704844465,15.818683434474352,196
3748,9.537594234815495,15.083927759009912,196
3749,9.621285651033517,15.473057041789154,196
3750,8.758854068922215,15.761729210993524,176
3751,8.518276669619867,15.860725631338095,176
3752,8.613012621013164,15.53258119062926,176
3753,8.514973947264965,15.43028491641324,176
3754,8.399899992817527,15.323416037382318,176
3755,8.163712609823664,15.57028102423191,176
3756,8.530818353055446,15.767435840009771,176
3757,8.38365900930964,15.462898941946227,176
3758,8.379949689075204,15.143150593887016,176
3759,8.425151911603134,15.600507450772328,176
3760,7.6478099567175075,15.689127427999896,156
3761,7.262123153942123,15.592499596470669,156
3762,7.526472627549443,15.513196032069375,156
3763,7.5676839024204146,15.433958804472379,156
3764,7.489033904698659,15.42065023786953,156
3765,7.381384362137197,15.33863950273376,156
3766,7.652390583534533,15.435281653316018,156
3767,7.439493038104698,15.181986917731974,156
3768,7.27722207559501,15.389590451979723,156
3769,7.192578827149548,15.453359372547336,156
3770,6.591482007078563,15.551315905947563,136
3771,6.494011030493995,15.78758887226392,136
3772,6.619238467081334,15.271164243790837,136
3773,6.702370265767015,15.326875492283069,136
3774,6.658725514073615,15.62828022616224,136
3775,6.570576477106783,15.539643531522987,136
3776,6.501779401877117,15.69706732648577,136
3777,6.352881798737966,15.49767925389099,136
3778,6.6109916077068975,15.36980368662075,136
3779,6.751962107333229,15.467961013669244,136
3780,5.27009740436144,15.337137843382768,116
3781,5.330711399035445,15.504469424768214,116
3782,5.645866599687701,15.403976831474807,116
3783,5.630918112170441,15.722561586530556,116
3784,5.554450642720911,15.389778365369871,116
3785,5.24183837185593,15.290115761116306,116
3786,5.446239463673066,15.177062972636373,116
3787,5.316250016700993,15.495382024637987,116
3788,5.676479988068165,15.41571048292131,116
3789,5.412441679965609,15.285664309023241,116
3790,4.678383969188368,15.373025329569664,96
3791,4.600086772114386,15.591192135050862,96
3792,4.495767318159415,15.386675167529908,96
3793,4.70464893662563,15.484702001810948,96
3794,4.599380405009792,15.717041621958048,96
3795,4.376571614772235,15.400874864628479,96
3796,4.344116975401385,15.26405161143907,96
3797,4.622697231668079,15.342117921219483,96
3798,4.559455043470103,15.649144824003143,96
3799,4.5254621651955995,15.538209670607031,96
3800,3.480668393196687,15.535318369266667,76
3801,3.4236359292032645,14.946745206285733,75
3802,3.5728039861329783,15.378852416337985,76
3803,3.3726342723514664,15.441264503396594,76
3804,3.5458498352963894,15.72575930579125,76
3805,3.3903118146780566,15.33799960874268,76
3806,3.365351092208742,15.524419492714987,76
3807,3.4043768847762483,15.724254546460376,76
3808,3.4436888830274057,15.303054720507909,76
3809,3.4926755246099446,15.55909628387966,76
3810,2.379659224909822,15.660939442176103,56
3811,2.424304938656615,15.371990078894134,56
3812,2.3795333749070027,15.644799000074169,56
3813,2.390221403737617,15.605650431478113,56
3814,2.908286822185974,15.77780600672205,56
3815,2.62666838081075,15.437332548122956,56
3816,2.665260679267931,15.335358352658641,56
3817,2.5737990230254746,15.445755783594118,56
3818,2.2590614817397063,15.715335648974543,56
3819,2.559243695548496,15.225739117873706,56
3820,1.1897436426853452,15.66555800205839,36
3821,1.513409291839742,15.442326631843772,36
3822,1.4336116060838766,15.490491522194779,36
3823,1.5011591839763527,15.572418518609048,36
3824,1.6417967656853798,15.6625374654665,36
3825,1.4171145980821722,15.449980896022733,36
3826,1.219049125360407,15.727992800887145,36
3827,1.8066722335799916,15.179630022689778,36
3828,1.3504157568841837,15.613968085542961,36
3829,1.3411444316981853,15.374070866297352,36
3830,0.7058406974911987,15.612461821315753,16
3831,0.5213066718245818,15.197764815124009,16
3832,0.3990642001985898,15.550149058183026,16
3833,0.5994261639532449,15.456502796834505,16
3834,0.6339782520810877,15.374224907542407,16
3835,0.5962841184287957,15.38862698333456,16
3836,0.34554556405504094,15.467819350322305,16
3837,0.4273974314566873,14.959837234331072,15
3838,0.49938907443178476,15.394806564381268,16
3839,0.49381105210249093,15.368627776303056,16
3840,0.5799174813983936,16.561452801561984,17
3841,0.37917099762342193,16.41045096173686,17
3842,0.4677329299744265,16.72395046566648,17
3843,0.7313414941491954,16.475980479060308,17
3844,0.6491527279723135,16.59275408493895,17
3845,0.6353407099915179,16.718340071888594,17
3846,0.4250191354383722,16.654748066186276,17
3847,0.5814548418934479,16.28866213459642,17
3848,0.4649153299319609,16.566734384251482,17
3849,0.4705860183984593,16.627607909169097,17
3850,1.6337794533241123,16.549907899437777,37
3851,1.3330057748828052,16.30002779872842,37
3852,1.4014447144474014,16.462899605415537,37
3853,1.6491837353612433,16.549984580248502,37
3854,1.3857359443976032,16.69487247308215,37
3855,1.4550455915003528,16.6001322120555,37
3856,1.7363813714252954,16.392890232302673,37
3857,1.4928301124422816,16.676762897634557,37
3858,1.3909838793249236,16.45507274436788,37
3859,1.3683573964705642,16.314644546692588,37
3860,2.474193796110179,16.731410455091968,57
3861,2.7157253801718553,16.536521261570517,57
3862,2.524786007509739,16.439376426078105,57
3863,2.501878279649468,16.500269230931718,57
3864,2.7455817467054278,16.517656112769142,57
3865,2.285296772941836,16.249235809000776,57
3866,2.307160132892084,16.906549746650235,57
3867,2.257623029354975,16.577980652715286,57
3868,2.5558972279720082,16.531501246203387,57
3869,2.524973969067269,16.592274597641786,57
3870,3.606411647087991,16.503283323174724,77
3871,3.4789169771746353,16.547542801047616,77
3872,3.405313829563895,16.621504085775918,77
3873,3.5899176029482556,16.391270837429992,77
3874,3.557856626079718,16.5081077494269,77
3875,3.378516485136589,16.51883228799767,77
3876,3.71285534170509,16.35659121724749,77
3877,3.5440028054484474,16.847645518301082,77
3878,3.609472904340145,16.28890598347614,77
3879,3.708788133151988,16.305284414446927,77
3880,4.697133986355537,16.633701585240786,97
3881,4.606989937619481,16.469346641003153,97
3882,4.346105277377883,16.456433777698326,97
3883,4.591093352265254,16.566621775663087,97
3884,4.720177566749596,16.62236317299781,97
3885,4.495460541360452,16.590371015442354,97
3886,4.889823435011188,16.656008683619007,97
3887,4.241390728369795,16.34716950643999,97
3888,4.604073518078866,16.465834353131456,97
3889,4.67497925043315,16.358997610181436,97
3890,5.442083083587079,16.517095600219164,117
3891,5.652283133772146,16.38098104051748,117
3892,5.516197588108784,16.361237306928206,117
3893,5.8910288744724655,16.432469716250125,117
3894,5.529010955078458,16.511079515161633,117
3895,5.5089537820869605,16.67903798032144,117
3896,5.515927437916033,16.298926703795033,117
3897,5.404328696071009,16.452026058316687,117
3898,5.491324508143361,16.52164650291526,117
3899,5.669168204066747,16.224944134855583,117
3900,6.374960257555039,16.58656082757527,137
3901,6.398016719039572,16.473296506490424,137
3902,6.380604443922425,16.523273301429803,137
3903,6.528783431753247,16.440257544968617,137
3904,6.475916058574731,16.51763829448308,137
3905,6.416707084609844,16.522711109410803,137
3906,6.564194393982895,16.413157236397662,137
3907,6.7584612076469375,16.365544867826223,137
3908,6.745888477511262,16.432695647607076,137
3909,6.211584234190649,16.535138889668517,137
3910,7.58984945125264,16.470958573344674,157
3911,7.628002346601022,16.61168795977097,157
3912,7.425871496539963,16.596292069416556,157
3913,7.54257668509541,16.459459859345415,157
3914,7.644375388792994,16.532657730163073,157
3915,7.674839234271619,16.376302448956398,157
3916,7.491175071880272,16.605523822233753,157
3917,7.466860241259058,16.488326784579527,157
3918,7.528668635075459,16.45860728224558,157
3919,7.327543879065389,16.445741424585993,157
3920,8.490565919965022,16.80036412014672,177
3921,8.432818353260206,16.45386428743263,177
3922,8.598721455400385,16.554033905561614,177
3923,8.440707467797573,16.58119819410124,177
3924,8.738944614404106,16.349905594127513,177
3925,8.719781575522207,16.37173567883862,177
3926,8.366268476521824,16.31909664428878,177
3927,8.510455640414392,16.367104389915333,177
3928,8.40240150679957,16.072495483602424,177
3929,8.451002865521708,16.581687360119044,177
3930,9.808129076188411,16.72902189953659,197
3931,9.52217311085548,16.785383730784435,197
3932,9.28755967109891,16.929781803462895,197
3933,9.403583542565007,16.36470110258352,197
3934,9.43116847324625,16.92363306395928,197
3935,9.347362283417993,16.44686904172368,197
3936,9.629027395759273,16.411130181692922,197
3937,9.6215390066563,16.549060856231677,197
3938,9.326682230927352,16.412690799886047,197
3939,9.608762156667126,16.55985662109698,197
3940,10.301988421839404,16.524995684296776,217
3941,10.464187109690485,16.658992525464356,217
3942,10.692837335154252,16.320872002288223,217
3943,10.491440806285327,16.348103333783538,217
3944,10.521239368010983,16.20968550604293,217
3945,10.571288790707596,16.417626158735434,217
3946,10.675599244397649,16.699564851656824,217
3947,10.251716293171585,16.48191192172898,217
3948,10.587678607775615,16.298981265651783,217
3949,10.459779129113736,16.427148188313744,217
3950,11.276820744476407,16.550258152786824,237
3951,11.331222084740325,16.584718365886147,237
3952,11.558322836539556,16.468186549511937,237
3953,11.323919001054096,16.581330451036358,237
3954,11.666895145780495,16.449318333678928,237
3955,11.48933195637545,16.50033474332436,237
3956,11.512839205591678,16.458803437595055,237
3957,11.458244054858817,16.43141721910212,237
3958,11.61592717578156,16.39663323034173,237
3959,11.617473983166551,16.570153515578834,237
3960,12.696590886922019,16.591240074951628,257
3961,12.675665295750434,16.701890251175747,257
3962,12.311515199608184,16.473802808147756,257
3963,12.693380457711031,16.704025219624203,257
3964,12.45227622475731,16.47154597598214,257
3965,12.590109952271838,16.627437679656992,257
3966,12.36406770019292,16.167214505107335,257
3967,12.5212969870811,16.862816666897018,257
3968,12.547058477434536,16.724318736786444,257
3969,12.277309281212052,16.45730617436195,257
3970,13.204186646003427,16.287671389962945,277
3971,13.543204255245824,16.64668084083167,277
3972,13.283411167938937,16.459444290129632,277
3973,13.566728030633623,16.2915329785211,277
3974,13.561734857874642,16.70280590489615,277
3975,13.358789524649696,16.814911128075376,277
3976,13.668145053542156,16.49381278065312,277
3977,13.620836205420925,16.823868173190494,277
3978,13.646373500593285,16.513697209291703,277
3979,13.501328655550335,16.44293161437505,277
3980,14.405431231872178,16.739609593983243,297
3981,14.745562361198912,16.596703470492635,297
3982,14.382978417791835,16.401784533656407,297
3983,14.610290396496248,16.423408725105364,297
3984,14.416125424741118,16.511987289561006,297
3985,14.430953985613845,16.54813950928885,297
3986,14.654537454095435,16.351820113479036,297
3987,14.442994473056597,16.608455690936978,297
3988,14.439280693086957,16.51282699944594,297
3989,14.66992070457622,16.24264375220428,297
3990,15.36066102763089,16.68138459708359,317
3991,15.42438069895225,16.496357025649495,317
3992,15.489071346673843,16.745844079139975,317
3993,15.7833918193256,16.636203399380427,317
3994,15.535725695920945,16.393884068278172,317
3995,15.373884216515206,16.83147834986227,317
3996,15.533094620646075,16.549049176990515,317
3997,15.447186837881917,16.374731324404166,317
3998,15.548713735930031,16.747936957684562,317
3999,15.587085153055343,16.811666637779766,317
4000,16.495046210442066,16.456790580247308,337
4001,16.42445246094366,16.564653443701634,337
4002,16.474143756381952,16.482965615281433,337
4003,16.607209759127656,16.491622172602078,337
4004,16.69167849825458,16.443392022380667,337
4005,16.585573099629535,16.701728104677105,337
4006,16.515258481270767,16.39006109428372,337
4007,16.724701765545664,16.388965162117692,337
4008,16.453074529042272,16.818149034876768,337
4009,16.654637900755038,16.646677134698148,337
4010,17.142232945196046,16.43776255828195,357
4011,17.41521118911844,16.72529294477829,357
4012,17.228201599365693,16.711703529261843,357
4013,17.357396395987713,16.61780184045154,357
4014,17.029222800064893,16.45100793290082,357
4015,17.479451563345908,16.797807059289045,357
4016,17.328708727125804,16.267044708324025,357
4017,17.508985788519468,16.28946620556545,357
4018,17.25623181116762,16.48743253501664,357
4019,17.512436777975807,16.838105716338166,357
4020,18.469649163969486,16.337938900608226,377
4021,18.472513213518607,16.323387524212606,377
4022,18.283713446583228,16.4364463924634,377
4023,18.641889437790557,16.426626573722366,377
4024,18.642976438149404,16.419303220676706,377
4025,18.618361280209985,16.56996668952604,377
4026,18.405616899072896,16.511857170322543,377
4027,18.39399398474405,16.45677659542333,377
4028,18.306031662439253,16.527451939246724,377
4029,18.51258087526414,16.351270943834304,377
4030,19.51579179358645,16.642126786286337,397
4031,19.522590373926697,16.601204246671294,397
4032,19.274542971096377,16.40724524699338,397
4033,19.649354063155553,16.380765952949748,397
4034,19.367784944215952,16.1891467227456,397
4035,19.513546469880964,16.523104776252538,397
4036,19.67466176108029,16.48759533824724,397
4037,19.63885151365708,16.670428706196383,397
4038,19.505150008285327,16.553858264022054,397
4039,19.44562514956769,16.700134379125902,397
4040,20.395395365812576,16.342434355686606,417
4041,20.67072254964514,16.62691777039439,417
4042,20.420662543134302,16.484480581522963,417
4043,20.616639409268842,16.4265644029454,417
4044,20.281186241120395,16.506284388173142,417
4045,20.53527029490493,16.89550037129184,417
4046,20.202296808783114,16.67302542746723,417
4047,20.459929377108736,16.674386050228176,417
4048,20.56605309908169,16.565331947848854,417
4049,20.421854717315334,16.524972790886572,417
4050,21.140587656750437,16.355490548820214,437
4051,21.398152948030532,16.210190226222007,437
4052,21.427913838019627,16.236469695089774,437
4053,21.21876619039287,16.309652613411824,437
4054,21.326387631467686,16.366671045294648,437
4055,21.202874529361605,16.47603772530126,437
4056,21.494251424645395,16.347875367280956,437
4057,21.62281489562732,16.55084638405024,437
4058,21.66601617779365,16.465158974580078,437
4059,21.562217669311885,16.501581856761153,437
4060,22.67103758290068,16.459048987796614,457
4061,22.322965239869944,16.58775319984317,457
4062,22.562805686743854,16.542178802686543,457
4063,22.49790401572859,16.774884186053402,457
4064,22.449977057854547,16.27045812961053,457
4065,22.632788448129894,16.48163460153789,457
4066,22.631852123183553,16.36372462327317,457
4067,22.358026380601736,16.590616118315857,457
4068,22.472675912421312,16.257424216493167,457
4069,22.54218175238761,16.551946906533733,457
4070,23.40549273529775,16.57008783227742,477
4071,23.389875720081847,16.418355578052857,477
4072,23.283025269468897,16.424336597505423,477
4073,23.43023860806985,16.272016080057153,477
4074,23.66267507954364,16.638938623662657,477
4075,23.496221697470578,16.442099613652584,477
4076,23.59415206268117,16.52731473687238,477
4077,23.74969627329494,16.344605710709004,477
4078,23.539563337723386,16.56539214445732,477
4079,23.416180064190648,16.385708814279738,477
4080,23.478743691744725,17.418486935533522,478
4081,23.63167390468587,17.689578390864458,478
4082,23.61861389683488,17.539375433627775,478
4083,23.49669548912246,17.382375421246024,478
4084,23.23478034509399,17.42938673513128,478
4085,23.948921585509098,17.668178221385485,478
4086,23.76187884554097,17.740014677023073,478
4087,23.608401223733246,17.729249734522938,478
4088,23.387019432761356,17.613554809758096,478
4089,23.482961175744705,17.462106269679605,478
4090,22.01377292620063,17.590607746738243,458
4091,22.544574003571235,17.438495588269163,458
4092,22.499725686173385,17.489374472812585,458
4093,22.520997314448202,17.513668730088007,458
4094,22.508084602054982,17.51615491736599,458
4095,22.301060675707628,17.64973264839576,458
4096,22.583611283527677,17.596550312953372,458
4097,22.59483244710478,17.811601515935493,458
4098,22.60235081730895,17.8309703469827,458
4099,22.641986550536007,17.511947437392088,458
4100,20.924501667731093,17.593441604561995,418
4101,21.68552486991909,17.596231246740402,438
4102,21.41894354915194,17.381944558160004,438
4103,21.37977741172535,17.353260152610066,438
4104,21.440233208751597,17.424004774931813,438
4105,21.433003542977808,17.53598091284271,438
4106,21.59184047151581,17.722821605390884,438
4107,21.266084633131065,17.192884422134387,438
4108,21.33834188813126,17.466890686456246,438
4109,21.551473783129612,17.30009823384622,438
4110,20.252163598396976,17.500957231144497,418
4111,20.645043496801723,17.222761220488238,418
4112,20.5816936861749,17.19330564942981,418
4113,20.56741502739209,17.413152367009015,418
4114,20.63815387595965,17.6584151877505,418
4115,20.42804216548508,17.618243748495402,418
4116,20.435104372549972,17.637111574633604,418
4117,20.827859592508386,17.351943073159553,418
4118,20.463014341861065,17.742380873518346,418
4119,20.610269816958112,17.35526600497204,418
4120,19.531923659800494,17.438598913717207,398
4121,19.49844715651384,17.34158326462194,398
4122,19.473918926952813,17.21795673841468,398
4123,19.70078882074434,17.346217137139384,398
4124,19.394233421975105,17.517241265763868,398
4125,19.29755921164321,17.714099297739214,398
4126,19.502999322930965,17.668253371358187,398
4127,19.44002598985702,17.534364224746955,398
4128,20.006607437862396,17.451524850144626,418
4129,19.601476121465996,17.540321853461823,398
4130,18.422204300377313,17.27850141647229,378
4131,18.75775459936458,17.658670151131286,378
4132,18.47162147280874,17.420178416474034,378
4133,18.48704932126299,17.44171476692632,378
4134,18.1676266362469,17.331418239231162,378
4135,18.470684773021585,17.55670693906418,378
4136,18.62547262069474,17.868980797754407,378
4137,18.339841613444218,17.617224585919097,378
4138,18.38739194982608,17.37035721070892,378
4139,18.61890665266005,17.67034308782372,378
4140,17.45249806810986,17.486744006871042,358
4141,17.706172747214133,17.831603458902364,358
4142,17.621001460324653,17.62074000860985,358
4143,17.05852876517924,17.828562550178262,358
4144,17.349388055056746,17.632359563468498,358
4145,17.64165778342531,17.654121901502904,358
4146,17.522748590821752,17.796111803161754,358
4147,17.346436607843824,17.556589488901334,358
4148,17.404961572675926,17.47191590177397,358
4149,17.214064506986592,17.654898627493303,358
4150,16.718076035568284,17.364601846001825,338
4151,16.428005303593167,17.90474932539056,338
4152,16.391764637648997,17.536310600543196,338
4153,16.52082840486463,17.372353737897765,338
4154,16.62472483003975,17.629588532494367,338
4155,16.619713657299233,17.615370366896506,338
4156,16.28637485997186,17.47184094646302,338
4157,16.7867409100595,17.62609100691751,338
4158,16.403825260590473,17.37620620587537,338
4159,16.460240250466715,17.42606225875761,338
4160,15.19846750181509,17.467720551465973,318
4161,15.301407337367065,17.671509716072432,318
4162,15.771144620850603,17.52252034809343,318
4163,15.746214294158348,17.60687226466507,318
4164,15.509868297297345,17.6547070787916,318
4165,15.749439717078475,17.55822786934821,318
4166,15.475988827008754,17.354459301113764,318
4167,15.463488454614813,17.297070116655394,318
4168,15.508476597269834,17.522317095221094,318
4169,15.481261760701464,17.47431155427626,318
4170,14.513108714338019,17.27391612694241,298
4171,14.497591894112713,17.416492315321424,298
4172,14.887536049024986,17.564314188832114,298
4173,14.300466061653799,17.615569539353086,298
4174,14.201508059526832,17.829017432543257,298
4175,14.549856525027941,17.64335559566708,298
4176,14.443536616811771,17.49148171061706,298
4177,14.547410180459492,17.3664346370586,298
4178,14.5875824533426,17.415356522092146,298
4179,14.692615704276834,17.411094576556433,298
4180,13.598285044277064,17.442096580319394,278
4181,13.538549616837875,17.362636743829967,278
4182,13.301452564373673,17.537441418731458,278
4183,13.434614779636435,17.133894397783738,278
4184,13.631632133017714,17.472356649725093,278
4185,13.552749353246108,17.469124021011798,278
4186,13.585296692401915,17.295329371957408,278
4187,13.55743825650859,17.3607601242016,278
4188,13.743964610191329,17.621448629522238,278
4189,13.535406459573656,17.534606762361243,278
4190,12.5152682500561,17.55938713314371,258
4191,12.545952130089804,17.482424199253845,258
4192,12.513894138192338,17.73612201790486,258
4193,12.686429384428747,17.448113907899977,258
4194,12.518514377255547,17.37439288154763,258
4195,12.281268032927187,17.63436943273539,258
4196,12.744519494731161,17.638792283907524,258
4197,12.555551040099326,17.52529770514153,258
4198,12.41161194038074,17.601453557151235,258
4199,12.311989742255747,17.494346931888664,258
4200,11.535079765151387,17.478027899390774,238
4201,11.674748632384588,17.650961656003982,238
4202,11.593797750103226,17.341324507208466,238
4203,11.474608834250107,17.53911502262246,238
4204,11.702854381888923,17.413268185267036,238
4205,11.145271694081273,17.544271146900613,238
4206,11.80781099671329,17.490284161030317,238
4207,11.24410613576639,17.513940347902448,238
4208,11.405936076284156,17.417511275130348,238
4209,11.49386236972074,17.423490407485588,238
4210,10.543090877104113,17.385047108610248,218
4211,10.641557325863406,17.488181739987954,218
4212,10.410258099870322,17.40447321785944,218
4213,10.369684868314064,17.611152542700466,218
4214,10.592019024850776,17.456777460636623,218
4215,10.495124416041346,17.522571174816086,218
4216,10.624574720097893,17.523645183766142,218
4217,10.364130417994328,17.52924326386183,218
4218,10.233084161186486,17.496380633431755,218
4219,10.42004938772605,17.576590103561546,218
4220,9.380651729926129,17.236674161694307,198
4221,9.709912688998083,17.5680857844162,198
4222,9.46451939249472,17.367142930030045,198
4223,9.303267629315197,17.406274807234826,198
4224,9.528211003548765,17.334807026524025,198
4225,9.372322927632878,17.60982268390821,198
4226,9.59980018017633,17.651095653620988,198
4227,9.831440836406356,17.503507782198778,198
4228,9.382014186266323,17.370335994199642,198
4229,9.549855849983597,17.73842845541558,198
4230,8.387438480836801,17.48864933910144,178
4231,8.175695155010883,17.730632697855153,178
4232,8.56875835149356,17.401242592308932,178
4233,8.334283798953772,17.41082444560765,178
4234,8.648291319024876,17.571721086333373,178
4235,8.442829345498987,17.413415691143413,178
4236,8.59055698608163,17.522878882434643,178
4237,8.710225051982825,17.26726938685478,178
4238,8.318671170306892,17.83214949138349,178
4239,8.415109430366138,17.29784361545359,178
4240,7.4517370944014685,17.689999187979762,158
4241,7.495127844623686,17.35434069563384,158
4242,7.786903220153519,17.483026225831587,158
4243,7.301273132860089,17.416709036798025,158
4244,7.797555620321813,17.351871555635952,158
4245,7.613576523165303,17.611197972536186,158
4246,7.562564298663487,17.580318812111447,158
4247,7.3523049469473065,17.68135152983515,158
4248,7.585671186305711,17.233018733768773,158
4249,7.39147700663703,17.659625605351156,158
4250,6.875817335803534,17.500459017510785,138
4251,6.432253836623458,17.58769344287301,138
4252,6.784272291816346,17.53567443111375,138
4253,6.460525809191026,17.571943797932736,138
4254,6.294138539365804,17.43515482212857,138
4255,6.454155133638981,17.534759641304557,138
4256,6.657230595151291,17.36089404914561,138
4257,6.374273527650271,17.693265043375508,138
4258,6.409949201149027,17.404858792477402,138
4259,6.5890309148439785,17.66932712313241,138
4260,5.46495895585257,17.367705885359925,118
4261,5.530299851613599,17.283592782099593,118
4262,5.425755317366395,17.572009542685617,118
4263,5.347600685324796,17.7074791772994,118
4264,5.238285941859205,17.689949540193442,118
4265,5.341701376211131,17.606489912222084,118
4266,5.451413672017612,17.59578149759014,118
4267,5.531781876824333,17.7546435669564,118
4268,5.651556896992489,17.549812219212523,118
4269,5.433136381030472,17.596919451403625,118
4270,4.4518824207222005,17.300648854416483,98
4271,4.295693494371786,17.388650798068515,98
4272,4.397422664925063,17.579047208704562,98
4273,4.498626144219802,17.50113402705912,98
4274,4.509117805875196,17.641440792984586,98
4275,4.788942878228309,17.52718809225176,98
4276,4.51219157513866,17.447131940254337,98
4277,4.676826516603847,17.822244529568042,98
4278,4.434738413763553,17.485914464693042,98
4279,4.453248617135215,17.674450145455797,98
4280,3.439818619018298,17.391931739398743,78
4281,3.606439921907535,17.561703644672715,78
4282,3.639202348872753,17.561557491518034,78
4283,3.531273795586337,17.682200017019934,78
4284,3.1468275615955097,17.478269986728087,78
4285,3.502737869128417,17.56087361300107,78
4286,3.6845690071639963,17.502456136289695,78
4287,3.5791221249541594,17.351958589524767,78
4288,3.566875831284387,17.161631300335788,78
4289,3.2416614599063722,17.56465145381951,78
4290,2.526092081261922,17.718223926121997,58
4291,2.4072737436849745,17.254539547119027,58
4292,2.25712404152262,17.79037915385209,58
4293,2.5944609271613106,17.520378385234945,58
4294,2.460111988870667,17.48559990073992,58
4295,2.5835312083552218,17.470291035517164,58
4296,2.779607279561764,17.434560545172996,58
4297,2.1787853679520444,17.657217513890373,58
4298,2.3950598786946453,17.339721886887634,58
4299,2.468593658003213,17.551812127246578,58
4300,1.4423727501439536,17.431145249023164,38
4301,1.3856799827228854,17.587258504745577,38
4302,1.8878962763525844,17.532807739921225,38
4303,1.562857610213019,17.47497778889524,38
4304,1.5919898316991716,17.49820039830584,38
4305,1.6706665171002992,17.353296546471615,38
4306,1.2867975082022178,17.275415140827374,38
4307,1.7628437863683049,17.60897674335041,38
4308,1.1236564232257387,17.604055916880426,38
4309,1.384685038494222,17.73767415627356,38
4310,0.3814974354777188,17.300830198978087,18
4311,0.6039222815451384,17.45672006489773,18
4312,0.45744399074529024,17.727312072302233,18
4313,0.6785712477790223,17.671973073809955,18
4314,0.6532944165017213,17.333150879549414,18
4315,0.5316814098836685,17.32483638761501,18
4316,0.449070476500102,17.69120257745192,18
4317,0.6441398267912393,17.329654614286326,18
4318,0.5970356784884848,17.5763942985463,18
4319,0.3973339396870726,17.40758931769955,18
4320,0.7425567386782523,18.33669598842855,19
4321,0.3844362801293182,18.58422089447392,19
4322,0.6715042295308742,18.58442817206857,19
4323,0.5277287981090547,18.47933884094181,19
4324,0.537829228135143,18.617030258177913,19
4325,0.20445371279728985,18.32386965564198,19
4326,0.16956299701914224,18.446609762436953,19
4327,0.4669151089599029,18.747181640867552,19
4328,0.5370359095124918,18.510248319490973,19
4329,0.3312203258393415,18.51894687718805,19
4330,1.845891987895161,18.668140476860938,39
4331,1.2900986751226844,18.735444288040924,39
4332,1.6194645549963165,18.489883016216723,39
4333,1.7495979419712149,18.679041763275887,39
4334,1.451271311025218,18.448654273482628,39
4335,1.628944618028227,18.63531369673824,39
4336,1.3526970754183643,18.531123319677828,39
4337,1.3969901406648972,18.56685168606229,39
4338,1.557744962407145,18.563526181103306,39
4339,1.6197850009665886,18.259294248530328,39
4340,2.331381721170884,18.576580306767685,59
4341,2.5153812159726283,18.530260798219405,59
4342,2.2469081380538247,18.57955537834982,59
4343,2.6246816654799634,18.482066186506042,59
4344,2.6307333949432214,18.49481536402343,59
4345,2.5490755829316685,18.635857640074605,59
4346,2.331829898086312,18.851843624284466,59
4347,2.7070208408302774,18.28998931483974,59
4348,2.8055815959577535,18.484428127339555,59
4349,2.522061524116896,18.32293092721519,59
4350,3.7388037347864125,18.483222934387054,79
4351,3.4118393046020152,18.43209647772357,79
4352,3.283519880932131,18.324820203906242,79
4353,3.595728049827286,18.45074371108748,79
4354,3.761646667211467,18.666158164397366,79
4355,3.5995396802841144,18.58499032225891,79
4356,3.5307196815922874,18.59664657501623,79
4357,3.561371138416399,18.521971341748,79
4358,3.7122260994238334,18.578498567409287,79
4359,3.3688701094978777,18.379911448647785,79
4360,4.453573517110915,18.432317175958417,99
4361,4.528800635545301,18.480379910940957,99
4362,4.541627378832284,18.543924326538004,99
4363,4.5480281782382805,18.217934668390537,99
4364,4.4792497076975435,18.2645915606938,99
4365,4.44338648983045,18.404467641659156,99
4366,4.9736656924566445,18.531070915516786,99
4367,4.63601809093986,18.464109027927222,99
4368,4.561972121392893,18.721718183914923,99
4369,4.465018725269041,18.277640481950634,99
4370,5.387298179559495,18.6321593281071,119
4371,5.728013761148665,18.581088431271837,119
4372,5.519667898701272,18.5928624754082,119
4373,5.632726387420174,18.443673652904074,119
4374,5.80768704149042,18.401585414599154,119
4375,5.395929337314727,18.690388350784794,119
4376,5.485102849331195,18.42540242804635,119
4377,5.459135964860369,18.54411230581898,119
4378,5.206811049327508,18.52450020210163,119
4379,5.453440479436605,18.719257552438567,119
4380,6.645711853650854,18.443733650758464,139
4381,6.3057112068999315,18.735277847820882,139
4382,6.321867024983744,18.381792856515048,139
4383,6.58683647271037,18.598539359951314,139
4384,6.490349352893125,18.715074925798977,139
4385,6.4317242324069355,18.293405676609186,139
4386,6.652344182599171,18.44849972362213,139
4387,6.5281189073133365,18.671331108932833,139
4388,6.507868608033417,18.673586682159655,139
4389,6.616974296113257,18.474275659941764,139
4390,7.389799335948471,18.18279596013894,159
4391,7.6433903733496145,18.43641483915011,159
4392,7.677532365387241,18.509484821976965,159
4393,7.32530049772314,18.45862400601553,159
4394,7.319412952655043,18.326209510451076,159
4395,7.53378850229754,18.22765265361818,159
4396,7.594404095014334,18.422886679344817,159
4397,7.455139637215492,18.634648365747463,159
4398,7.601894072997353,18.688429615912053,159
4399,7.3934795089743925,18.67815700762077,159
4400,8.377613569727718,18.521638028342306,179
4401,8.326944051455445,18.549617570980736,179
4402,8.574495192246983,18.512729818754167,179
4403,8.595265001739689,18.60284290613277,179
4404,8.560025440780075,18.546929847723636,179
4405,8.197890508864335,18.50986064900709,179
4406,8.36996731226748,18.459744680129393,179
4407,8.495546681457103,18.51219371375637,179
4408,8.573082729194564,18.57268870682589,179
4409,8.615096104390373,18.540121308334708,179
4410,9.557123962751788,18.442577377851986,199
4411,9.701408279202678,18.40908742516705,199
4412,9.539774588411989,18.42699855156776,199
4413,9.402650221929026,18.64153966644094,199
4414,9.632541017899126,18.605975819532087,199
4415,9.295070249349662,18.497131673021943,199
4416,9.337787992889107,18.41810571093276,199
4417,9.550377089708011,18.297552549466978,199
4418,9.577459500167986,18.713027740817292,199
4419,9.313242316474401,18.588817085042738,199
4420,10.39399963438903,18.78035997555174,219
4421,10.607939924643734,18.38685528010893,219
4422,10.489466456913807,18.250231205554392,219
4423,10.456933574270648,18.19973897487856,219
4424,10.56528172924344,18.477429778775754,219
4425,10.388775262513091,18.400525311481072,219
4426,10.448436522073484,18.53117907516006,219
4427,10.518219159629933,18.519889650803915,219
4428,10.425082321067219,18.259517473007886,219
4429,10.60036278154013,18.227767425577788,219
4430,11.544389986051915,18.658694107075817,239
4431,11.520314325207993,18.51227665017943,239
4432,11.436127300245017,18.234776463237015,239
4433,11.251428462230153,18.454898845933446,239
4434,11.570708689414749,18.569495226535135,239
4435,11.690784931813592,18.45004285685367,239
4436,11.541697366032839,18.458615641783975,239
4437,11.37287891641524,18.31633966894291,239
4438,11.506682824835673,18.584981148062248,239
4439,11.295082887859948,18.402729619997128,239
4440,12.176533193449245,18.45465959118762,259
4441,12.44431139439944,18.57963007431007,259
4442,12.647172457335554,18.359625315531414,259
4443,12.441960583010008,18.33861592569136,259
4444,12.760697747768528,18.331520742368692,259
4445,12.564345192282278,18.806848182151573,259
4446,12.550813724342055,18.579551435250586,259
4447,12.48074026011236,18.54567383025202,259
4448,12.489757068835356,18.341372799455986,259
4449,12.460486454732074,18.593501345101224,259
4450,13.482514298032001,18.368053448667315,279
4451,13.532125341169763,18.37695073083013,279
4452,13.353506952620467,18.46654614781004,279
4453,13.524040328612637,18.542305431569332,279
4454,13.436424969269028,18.477071751227868,279
4455,13.385158326445472,18.565034369028783,279
4456,13.610115950371087,18.76444694788061,279
4457,13.2693438287205,18.423842484627542,279
4458,13.584716439647122,18.242723004394488,279
4459,13.60267292003295,18.623888537454597,279
4460,14.75249718638913,18.445048748429336,299
4461,14.558915254457668,18.52651431548754,299
4462,14.33683769869695,18.503352583244954,299
4463,14.48141614551472,18.352001145841385,299
4464,14.332221477368256,18.594031559529352,299
4465,14.596428324094441,18.492685152223533,299
4466,14.297306439595236,18.351720648820116,299
4467,14.45498068197577,18.836138983430867,299
4468,14.349349326055915,18.571464525007567,299
4469,14.519023702770244,18.477010916990103,299
4470,15.712280679005273,18.535646398444992,319
4471,15.77627234140799,18.318388606005627,319
4472,15.478197586652918,18.35922993413884,319
4473,15.552109622965215,18.41803885708045,319
4474,15.351799577299559,18.457663911211515,319
4475,15.477921087384798,18.657616143570817,319
4476,15.47014061693602,18.32555915197206,319
4477,15.527724055043247,18.446387742774395,319
4478,15.549914071795552,18.642951424732107,319
4479,15.583974267324209,18.455018378825507,319
4480,16.569062347476425,18.441346299970164,339
4481,16.479068693560816,18.72192226427913,339
4482,16.538517488598707,18.40114642600105,339
4483,16.46572911842857,18.699296961731697,339
4484,16.60005982090925,18.622620069004757,339
4485,16.268241538889036,18.362981213055168,339
4486,16.44550319874172,18.546055885587773,339
4487,16.544485901504146,18.492314624670172,339
4488,16.58005428720093,18.59383768905125,339
4489,16.723942893413074,18.466509261735002,339
4490,17.45391306615074,18.74016114592466,359
4491,17.70536418741443,18.63377608693922,359
4492,17.48519186583165,18.476802544015875,359
4493,17.623963348628767,18.228005979197427,359
4494,17.46619727724337,18.497102254359223,359
4495,17.74999948888413,18.515244508030015,359
4496,17.398249805599676,18.675082659995656,359
4497,17.407878470312923,18.738267076436017,359
4498,17.728677577167385,18.397251923128437,359
4499,17.43325804136571,18.620177264598226,359
4500,18.614810323402004,18.55126308810703,379
4501,18.661011905361566,18.305251109049664,379
4502,18.574803486820333,18.12187294901409,379
4503,18.208625346355735,18.52232131425194,379
4504,18.476686635120835,18.467911030047325,379
4505,18.326643863762463,18.35345813909272,379
4506,18.46960913406229,18.244905912552294,379
4507,18.647000635420085,18.389788517979092,379
4508,18.545772625381247,18.470826277270284,379
4509,18.672213629959614,18.59988167355596,379
4510,19.528294662235197,18.498196395663022,399
4511,19.74121008707591,18.464066621159436,399
4512,19.34465939159319,18.57337675259567,399
4513,19.632158833808614,18.323033487593825,399
4514,19.507094811469308,18.495597244682646,399
4515,19.60420036861779,18.5592960878974,399
4516,19.434522770510167,18.504953496078954,399
4517,19.660752056083588,18.70204118665835,399
4518,19.544283713751785,18.616103416110658,399
4519,19.39808325226234,18.498877880488887,399
4520,20.532503364624652,18.56334871961748,419
4521,20.5443498327223,18.33070482284312,419
4522,20.560494940625023,18.489364195620894,419
4523,20.226151300650308,18.44972495401604,419
4524,20.4547710556346,18.238320066709093,419
4525,20.277334139770986,18.39645856501442,419
4526,20.691742142118922,18.47246895169753,419
4527,20.49087257199956,18.482757360276224,419
4528,20.470998857548057,18.277665286448403,419
4529,20.634519599804985,18.672749837457122,419
4530,21.484684541166285,18.638446634771064,439
4531,21.505632961499085,18.421905409015654,439
4532,21.560096245750977,18.260357040624733,439
4533,21.381788561914448,18.723520628314976,439
4534,21.568453395969904,18.808177233410714,439
4535,21.444938803097273,18.731421016065454,439
4536,21.36551216890292,18.449632109153036,439
4537,21.58601712400331,18.326804849190673,439
4538,21.72375107882027,18.340147595327064,439
4539,21.608724406022876,18.24744011485789,439
4540,22.483893207238495,18.604585706958545,459
4541,22.74085169371237,18.447871258622172,459
4542,22.478750605219165,18.3265167174399,459
4543,22.54534843505224,18.692185798028447,459
4544,22.70633954464563,18.68246710809156,459
4545,22.439385703225142,18.523326740564535,459
4546,22.805329718507938,18.310570286940774,459
4547,22.798814161124618,18.315571062317392,459
4548,22.480333299197927,18.516084393262872,459
4549,22.41336986039712,18.425019344824246,459
4550,23.44883606017876,18.777216365615832,479
4551,23.653294473259,18.58100267025847,479
4552,23.609976897613382,18.659325117138298,479
4553,23.706721402074642,18.45147275798233,479
4554,23.351406516493412,18.5021430817826,479
4555,23.448521264696993,18.636641660575922,479
4556,23.613847254319015,18.741946725588956,479
4557,23.567211751151934,18.609385542396613,479
4558,23.729857057388145,18.487524234209808,479
4559,23.563080505885612,18.70660025442925,479
4560,23.17120320155802,19.683082590589684,480
4561,23.28666482477397,19.802033144197306,480
4562,23.60224513355026,19.536614766525357,480
4563,23.50211625343797,19.541086663027077,480
4564,23.590827047668625,19.271524130373923,480
4565,23.50966112836479,19.420288289829237,480
4566,23.58564185419058,19.47103768889901,480
4567,23.37783957685102,19.657547932841453,480
4568,23.585572912911953,19.408349831386555,480
4569,23.649162179231137,19.619451002962325,480
4570,22.499756742455492,19.598794792918575,460
4571,22.473424782732785,19.53482917569635,460
4572,22.53733409536999,19.64931227856742,460
4573,22.441326544162074,19.586334288874554,460
4574,22.4356444127861,19.455741571529153,460
4575,22.244282114131483,19.430571557142844,460
4576,22.462806868900817,19.54692333551503,460
4577,22.428004778077693,19.586065066485286,460
4578,22.422602851597638,19.709676646054724,460
4579,22.562530959388507,19.678675956741014,460
4580,21.418779049023925,19.335198093984843,440
4581,21.48469905798091,19.50668544163339,440
4582,21.600652670737666,19.59468365354577,440
4583,21.660199666708845,19.32731600137393,440
4584,21.64084542030572,19.665749580270663,440
4585,21.490418325075296,19.443370327716025,440
4586,21.31189660213572,19.688641966886497,440
4587,21.350159543563162,19.419982133133615,440
4588,21.54089502714791,19.34600617756737,440
4589,21.551333836913653,19.431279451523743,440
4590,20.4857277815384,19.359065224911905,420
4591,20.441728013984278,19.228755700725074,420
4592,20.467599786764033,19.592710274089505,420
4593,20.550094772451427,19.55197905274695,420
4594,20.47432309453054,19.34873504692033,420
4595,20.4900831409072,19.270537656749386,420
4596,20.243616040119612,19.730609509602644,420
4597,20.558754702401572,19.712116558591017,420
4598,20.48661950534625,19.12688148619408,420
4599,20.74154394707243,19.431266545611525,420
4600,19.749628808217587,19.282316055164827,400
4601,19.42859061633332,19.36135973961074,400
4602,19.426408164896003,19.681976878258737,400
4603,19.457586100855593,19.579933758034056,400
4604,19.331865453934775,19.407407143968168,400
4605,19.244283638365793,19.680337350504175,400
4606,19.657882096610212,19.680980358518145,400
4607,19.22355946406285,19.540357903952355,400
4608,19.537090717816312,19.36497596581895,400
4609,19.63298692391365,19.43798269447923,400
4610,18.54295801159331,19.492086733799884,380
4611,18.471710775627876,19.59802184729276,380
4612,18.64084357673523,19.510335919968146,380
4613,18.2705338879836,19.480109388263926,380
4614,18.275860470640065,19.67655009551855,380
4615,18.527130666722364,19.303129904482716,380
4616,18.426268337928963,19.580458382827135,380
4617,18.40594270779534,19.2493279252807,380
4618,18.23479149212384,19.37424571799988,380
4619,18.502931876719728,19.318101430106502,380
4620,17.617291380317788,19.379022025131516,360
4621,17.490188464960692,19.751580076494914,360
4622,17.497974513311053,19.434729187805694,360
4623,17.333990051840583,19.302768200339337,360
4624,17.455045975610066,19.53286073438065,360
4625,17.385480204503633,19.428691163667818,360
4626,17.55751825222813,19.374619461657254,360
4627,17.351336329700256,19.335619378380194,360
4628,17.69946915478076,19.915256040843893,360
4629,17.248662932556385,19.46226721497238,360
4630,16.21116489595007,19.724335760472364,340
4631,16.72405646385083,19.691765243694856,340
4632,16.591660635766587,19.349848568327577,340
4633,16.385030035347032,19.65497847965447,340
4634,16.36003213669708,19.402283617520446,340
4635,16.601020919423735,19.21999491197941,340
4636,16.462962250876583,19.43631027509668,340
4637,16.211103327233236,19.55964562526644,340
4638,16.7680859946907,19.43058950280055,340
4639,16.43490143066761,19.453942748861234,340
4640,15.671534906739291,19.399140962351023,320
4641,15.515974097043514,19.550474968323137,320
4642,15.373505253307258,19.264956094324898,320
4643,15.6053045485501,19.561063557509826,320
4644,15.529651335043138,19.792958954330985,320
4645,15.121759279780694,19.35077154712987,320
4646,15.564252937065717,19.386029680201833,320
4647,15.558774306157416,19.393497683566267,320
4648,15.503018169437128,19.51949973387024,320
4649,15.633755087160436,19.340544559071944,320
4650,14.563187106803648,19.788527023140517,300
4651,14.627025991820375,19.357043930495273,300
4652,14.580152082018067,19.661718809369216,300
4653,14.23473768615429,19.487067435298883,300
4654,14.649275149773791,19.480549042195708,300
4655,14.640605112138052,19.269520396442694,300
4656,14.624524205851946,19.45728158857269,300
4657,14.555926337298374,19.350410256304738,300
4658,14.53302839713077,19.43042183557411,300
4659,14.65485840971896,19.335272042433278,300
4660,13.432663741903049,19.711603848063135,280
4661,13.439083446446489,19.453543378229014,280
4662,13.51451323776582,19.41382699418756,280
4663,13.2577875206563,19.630755387839823,280
4664,13.2831722778382,19.576427034589454,280
4665,13.55428714060958,19.471900453526803,280
4666,13.380384282439485,19.70871869504339,280
4667,13.66117946853449,19.46816335352401,280
4668,13.533790458302256,19.50491604563337,280
4669,13.591014322530961,19.50318339762514,280
4670,12.359810915765229,19.548717239116517,260
4671,12.51163780842296,19.57199096117224,260
4672,12.709514026609774,19.348920751870953,260
4673,12.566745247306427,19.525234581177553,260
4674,12.50465951395984,19.175804417054646,260
4675,12.47573490782515,19.57238005647318,260
4676,12.549630054260952,19.5990514581844,260
4677,12.612464994273378,19.61213191886797,260
4678,12.591385824633463,19.440742972174565,260
4679,12.450220270726703,19.546357025253606,260
4680,11.713593076831176,19.274125139200407,240
4681,11.712065447243688,19.492513465043825,240
4682,11.495624095116016,19.41151269056251,240
4683,11.520897944609434,19.54965583542258,240
4684,11.666636671710165,19.378597997280767,240
4685,11.274879697710674,19.34614149075381,240
4686,11.451538638598446,19.190270208347453,240
4687,11.700335568330514,19.683270702746505,240
4688,11.646280081252716,19.440034423283542,240
4689,11.555389566647486,19.52357186755538,240
4690,10.499664282528872,19.482051164629027,220
4691,10.339884910055925,19.727142110358074,220
4692,10.311140263282772,19.46729915533183,220
4693,10.349202731100414,19.495310787876864,220
4694,10.391524734175592,19.525496180962392,220
4695,10.554990937052072,19.605273456081502,220
4696,10.380642350471907,19.595536211850447,220
4697,10.761973594739192,19.42873120823331,220
4698,10.654072655383972,19.420050942086107,220
4699,10.621253932449855,19.59598544357281,220
4700,9.607285487583685,19.494758774931206,200
4701,9.440997331276568,19.36390101609416,200
4702,9.261921789548232,19.583804292438273,200
4703,9.468902585598764,19.439304221993858,200
4704,9.59352886982388,19.316341908996307,200
4705,9.770812526962967,19.36608400390858,200
4706,9.3203063056489,19.760106293163393,200
4707,9.436014312075415,19.55763138324742,200
4708,9.441589465771193,19.516164008317883,200
4709,9.703370800914724,19.462515939628194,200
4710,8.54382232631782,19.629413188792903,180
4711,8.542035391900374,19.375489425730613,180
4712,8.543825324231099,19.457723272590435,180
4713,8.517226763541663,19.404468528869035,180
4714,8.630319750745832,19.73138208170612,180
4715,8.50346565190011,19.28701842535936,180
4716,8.353309174667103,19.51717140882282,180
4717,8.40813656636487,19.483720823615272,180
4718,8.203147195976543,19.624025794606368,180
4719,8.804022567406358,19.484398615841297,180
4720,7.236268668501685,19.473968337365793,160
4721,7.462332324803634,19.562370408858065,160
4722,7.3541756673085015,19.406134043440233,160
4723,7.511936931983484,19.53448865181269,160
4724,7.715126555478049,19.616669644631656,160
4725,7.239086213365158,19.390155067539435,160
4726,7.379966589690015,19.617203717970977,160
4727,7.4170960569324755,19.507855915309136,160
4728,7.442755335688019,19.65681903607234,160
4729,7.611018849615786,19.469787014988455,160
4730,6.5571866982743146,19.561853395362892,140
4731,6.4939090652482205,19.736425879161207,140
4732,6.485568160693913,19.221256276766233,140
4733,6.538839564233854,19.423845880741542,140
4734,6.580521120383736,19.18097497683011,140
4735,6.3125652632113995,19.504743296086538,140
4736,6.715045041322682,19.540752537675004,140
4737,6.2210505439175305,19.73861936132569,140
4738,6.397278183539165,19.518095214134018,140
4739,6.485859639385265,19.656603769416357,140
4740,5.5875755622308585,19.531402328600205,120
4741,5.434712770449225,19.49324338229836,120
4742,5.288655887981194,19.435101072990513,120
4743,5.541250344743772,19.558868402770578,120
4744,5.276184697428196,19.36107551047752,120
4745,5.694281060900447,19.318584700656142,120
4746,5.475690684694476,19.686424033999025,120
4747,5.679276611726713,19.609075198333816,120
4748,5.42796783488014,19.509883741290334,120
4749,5.540327617960148,19.74977135738157,120
4750,4.459835172191274,19.141338215207405,100
4751,4.698405482998347,19.347029799945812,100
4752,4.526336112738873,19.646888961643043,100
4753,4.346287387488541,19.462551669267164,100
4754,4.777206028765628,19.531131344233312,100
4755,4.648606626993613,19.297982150682685,100
4756,4.481846845348565,19.777180049355316,100
4757,4.609075688930092,19.678579446557652,100
4758,4.439444484900314,19.4698972172437,100
4759,4.624372355258931,19.4392956214705,100
4760,3.654440654212954,19.621388794218493,80
4761,3.797370567525339,19.6848492907822,80
4762,3.643064038371703,19.271150638606972,80
4763,3.8257704001094903,19.410454195814832,80
4764,3.3616473006407124,19.623021539118458,80
4765,3.3770919754251816,19.429839197421213,80
4766,3.3216588322919978,19.380269088546278,80
4767,3.566264097447422,19.65278061414756,80
4768,3.5263405324706554,19.306574989541403,80
4769,3.4772073314792022,19.454763028831334,80
4770,2.5492966038707214,19.554113363199576,60
4771,2.413927012913482,19.51084325206873,60
4772,2.617473348401976,19.58337390413627,60
4773,2.414668453720395,19.466020879142576,60
4774,2.7112929240168877,19.435435845179892,60
4775,2.481138055375634,19.801270951647254,60
4776,2.600690520505803,19.279146890773383,60
4777,2.6119035929474226,19.610092571754635,60
4778,2.4058689995883893,19.413809721272493,60
4779,2.1919770177016167,19.449633207338938,60
4780,1.4524345751139052,19.44360246309722,40
4781,1.3794848588743114,19.41583663035285,40
4782,1.585683631535436,19.426587864825837,40
4783,1.7085965393924936,19.088205066949143,40
4784,1.5705020491869992,19.560755307878356,40
4785,1.5155072994318142,19.373167173546808,40
4786,1.352033925135113,19.25846053218123,40
4787,1.5775237898736676,19.61297849245988,40
4788,1.8234524447593947,19.33769733224371,40
4789,1.4428958064307362,19.449199641917435,40
4790,0.719966358678287,19.631490881976326,20
4791,0.288617630296323,19.453232164011595,20
4792,0.27011026481033573,19.6878519543447,20
4793,0.5403959284343507,19.670468336148726,20
4794,0.6724231046015553,19.51546768885758,20
4795,0.26384874234020556,19.43228319145126,20
4796,0.5611534605255766,19.354075816112555,20
4797,0.5871499309942538,19.49436547359507,20
4798,0.19112592744615198,19.585463837955626,20
4799,0.619775200686083,19.451373470843905,20
